date,target
2023-10-01 00:00:00,102.73
2023-10-01 01:00:00,94.14
2023-10-01 02:00:00,88.6
2023-10-01 03:00:00,55.84
2023-10-01 04:00:00,56.950005
2023-10-01 05:00:00,70.73
2023-10-01 06:00:00,73.73
2023-10-01 07:00:00,88.08
2023-10-01 08:00:00,82.1
2023-10-01 09:00:00,62.73
2023-10-01 10:00:00,40.0
2023-10-01 11:00:00,8.989998
2023-10-01 12:00:00,-0.069999695
2023-10-01 13:00:00,-4.329994
2023-10-01 14:00:00,-1.6699982
2023-10-01 15:00:00,1.5299988
2023-10-01 16:00:00,62.73
2023-10-01 17:00:00,95.16
2023-10-01 18:00:00,120.06
2023-10-01 19:00:00,130.0
2023-10-01 20:00:00,130.0
2023-10-01 21:00:00,115.16
2023-10-01 22:00:00,106.62
2023-10-01 23:00:00,99.97
2023-10-02 00:00:00,94.9
2023-10-02 01:00:00,93.17
2023-10-02 02:00:00,93.4
2023-10-02 03:00:00,92.02
2023-10-02 04:00:00,95.68
2023-10-02 05:00:00,99.33
2023-10-02 06:00:00,123.92
2023-10-02 07:00:00,139.6
2023-10-02 08:00:00,144.5
2023-10-02 09:00:00,128.01
2023-10-02 10:00:00,105.35
2023-10-02 11:00:00,92.29
2023-10-02 12:00:00,90.19
2023-10-02 13:00:00,87.86
2023-10-02 14:00:00,88.12
2023-10-02 15:00:00,90.5
2023-10-02 16:00:00,101.92
2023-10-02 17:00:00,114.35
2023-10-02 18:00:00,180.0
2023-10-02 19:00:00,226.65
2023-10-02 20:00:00,160.07
2023-10-02 21:00:00,120.0
2023-10-02 22:00:00,104.7
2023-10-02 23:00:00,100.0
2023-10-03 00:00:00,97.58
2023-10-03 01:00:00,67.31
2023-10-03 02:00:00,63.83
2023-10-03 03:00:00,30.169998
2023-10-03 04:00:00,8.459999
2023-10-03 05:00:00,3.980011
2023-10-03 06:00:00,8.020012
2023-10-03 07:00:00,47.489998
2023-10-03 08:00:00,75.0
2023-10-03 09:00:00,78.48
2023-10-03 10:00:00,70.0
2023-10-03 11:00:00,40.510002
2023-10-03 12:00:00,25.71
2023-10-03 13:00:00,2.3200073
2023-10-03 14:00:00,-0.95999146
2023-10-03 15:00:00,-1.8099976
2023-10-03 16:00:00,2.0199966
2023-10-03 17:00:00,38.089996
2023-10-03 18:00:00,80.7
2023-10-03 19:00:00,85.0
2023-10-03 20:00:00,80.69
2023-10-03 21:00:00,24.14
2023-10-03 22:00:00,55.330006
2023-10-03 23:00:00,4.5999985
2023-10-04 00:00:00,16.900002
2023-10-04 01:00:00,23.220001
2023-10-04 02:00:00,26.0
2023-10-04 03:00:00,21.099998
2023-10-04 04:00:00,22.520004
2023-10-04 05:00:00,48.280003
2023-10-04 06:00:00,98.62
2023-10-04 07:00:00,117.28
2023-10-04 08:00:00,121.55
2023-10-04 09:00:00,105.97
2023-10-04 10:00:00,77.75
2023-10-04 11:00:00,66.69
2023-10-04 12:00:00,19.610008
2023-10-04 13:00:00,42.1
2023-10-04 14:00:00,60.64
2023-10-04 15:00:00,62.410004
2023-10-04 16:00:00,80.82
2023-10-04 17:00:00,92.0
2023-10-04 18:00:00,100.7
2023-10-04 19:00:00,128.32
2023-10-04 20:00:00,116.4
2023-10-04 21:00:00,88.03
2023-10-04 22:00:00,85.59
2023-10-04 23:00:00,77.87
2023-10-05 00:00:00,82.9
2023-10-05 01:00:00,77.13
2023-10-05 02:00:00,70.53
2023-10-05 03:00:00,61.44
2023-10-05 04:00:00,69.16
2023-10-05 05:00:00,78.59
2023-10-05 06:00:00,90.73
2023-10-05 07:00:00,107.9
2023-10-05 08:00:00,122.19
2023-10-05 09:00:00,107.11
2023-10-05 10:00:00,87.33
2023-10-05 11:00:00,83.84
2023-10-05 12:00:00,82.1
2023-10-05 13:00:00,77.22
2023-10-05 14:00:00,80.03
2023-10-05 15:00:00,83.67
2023-10-05 16:00:00,88.28
2023-10-05 17:00:00,96.4
2023-10-05 18:00:00,135.48
2023-10-05 19:00:00,177.4
2023-10-05 20:00:00,139.4
2023-10-05 21:00:00,109.93
2023-10-05 22:00:00,100.98
2023-10-05 23:00:00,94.58
2023-10-06 00:00:00,87.39
2023-10-06 01:00:00,84.86
2023-10-06 02:00:00,77.96
2023-10-06 03:00:00,75.06
2023-10-06 04:00:00,65.94
2023-10-06 05:00:00,71.78
2023-10-06 06:00:00,94.24
2023-10-06 07:00:00,117.45
2023-10-06 08:00:00,120.72
2023-10-06 09:00:00,104.39
2023-10-06 10:00:00,85.01
2023-10-06 11:00:00,65.14
2023-10-06 12:00:00,36.53
2023-10-06 13:00:00,20.309998
2023-10-06 14:00:00,13.76001
2023-10-06 15:00:00,42.81
2023-10-06 16:00:00,62.94
2023-10-06 17:00:00,86.86
2023-10-06 18:00:00,104.93
2023-10-06 19:00:00,113.4
2023-10-06 20:00:00,103.26
2023-10-06 21:00:00,89.39
2023-10-06 22:00:00,79.36
2023-10-06 23:00:00,79.68
2023-10-07 00:00:00,70.31
2023-10-07 01:00:00,45.640003
2023-10-07 02:00:00,5.919998
2023-10-07 03:00:00,5.459999
2023-10-07 04:00:00,6.9300003
2023-10-07 05:00:00,22.270004
2023-10-07 06:00:00,53.02
2023-10-07 07:00:00,68.12
2023-10-07 08:00:00,71.76
2023-10-07 09:00:00,69.03
2023-10-07 10:00:00,46.81
2023-10-07 11:00:00,19.640007
2023-10-07 12:00:00,10.390007
2023-10-07 13:00:00,0.22000122
2023-10-07 14:00:00,1.0
2023-10-07 15:00:00,22.010002
2023-10-07 16:00:00,61.73
2023-10-07 17:00:00,86.44
2023-10-07 18:00:00,102.28
2023-10-07 19:00:00,108.91
2023-10-07 20:00:00,100.0
2023-10-07 21:00:00,83.99
2023-10-07 22:00:00,76.19
2023-10-07 23:00:00,72.0
2023-10-08 00:00:00,91.21
2023-10-08 01:00:00,82.01
2023-10-08 02:00:00,78.54
2023-10-08 03:00:00,74.66
2023-10-08 04:00:00,71.81
2023-10-08 05:00:00,77.09
2023-10-08 06:00:00,83.51
2023-10-08 07:00:00,100.0
2023-10-08 08:00:00,101.84
2023-10-08 09:00:00,100.67
2023-10-08 10:00:00,86.71
2023-10-08 11:00:00,76.4
2023-10-08 12:00:00,70.14
2023-10-08 13:00:00,55.15
2023-10-08 14:00:00,54.61
2023-10-08 15:00:00,70.8
2023-10-08 16:00:00,88.65
2023-10-08 17:00:00,95.37
2023-10-08 18:00:00,122.73
2023-10-08 19:00:00,146.5
2023-10-08 20:00:00,131.85
2023-10-08 21:00:00,110.2
2023-10-08 22:00:00,104.42
2023-10-08 23:00:00,96.34
2023-10-09 00:00:00,91.11
2023-10-09 01:00:00,87.45
2023-10-09 02:00:00,82.44
2023-10-09 03:00:00,77.4
2023-10-09 04:00:00,75.0
2023-10-09 05:00:00,79.05
2023-10-09 06:00:00,96.97
2023-10-09 07:00:00,112.54
2023-10-09 08:00:00,127.7
2023-10-09 09:00:00,121.75
2023-10-09 10:00:00,111.64
2023-10-09 11:00:00,105.37
2023-10-09 12:00:00,99.04
2023-10-09 13:00:00,92.67
2023-10-09 14:00:00,92.59
2023-10-09 15:00:00,87.65
2023-10-09 16:00:00,108.06
2023-10-09 17:00:00,129.91
2023-10-09 18:00:00,189.11
2023-10-09 19:00:00,221.7
2023-10-09 20:00:00,184.5
2023-10-09 21:00:00,133.07
2023-10-09 22:00:00,120.0
2023-10-09 23:00:00,112.7
2023-10-10 00:00:00,104.0
2023-10-10 01:00:00,100.6
2023-10-10 02:00:00,99.9
2023-10-10 03:00:00,99.52
2023-10-10 04:00:00,97.34
2023-10-10 05:00:00,91.67
2023-10-10 06:00:00,126.07
2023-10-10 07:00:00,166.97
2023-10-10 08:00:00,171.81
2023-10-10 09:00:00,132.1
2023-10-10 10:00:00,114.05
2023-10-10 11:00:00,104.17
2023-10-10 12:00:00,94.89
2023-10-10 13:00:00,79.53
2023-10-10 14:00:00,78.35
2023-10-10 15:00:00,76.02
2023-10-10 16:00:00,84.49
2023-10-10 17:00:00,99.89
2023-10-10 18:00:00,128.81
2023-10-10 19:00:00,140.71
2023-10-10 20:00:00,105.72
2023-10-10 21:00:00,87.3
2023-10-10 22:00:00,89.23
2023-10-10 23:00:00,68.83
2023-10-11 00:00:00,63.32
2023-10-11 01:00:00,25.89
2023-10-11 02:00:00,7.580002
2023-10-11 03:00:00,1.8499985
2023-10-11 04:00:00,2.4700012
2023-10-11 05:00:00,9.160004
2023-10-11 06:00:00,80.81
2023-10-11 07:00:00,127.99
2023-10-11 08:00:00,136.86
2023-10-11 09:00:00,114.61
2023-10-11 10:00:00,86.25
2023-10-11 11:00:00,80.0
2023-10-11 12:00:00,61.1
2023-10-11 13:00:00,48.120003
2023-10-11 14:00:00,21.54
2023-10-11 15:00:00,41.63
2023-10-11 16:00:00,62.0
2023-10-11 17:00:00,104.33
2023-10-11 18:00:00,129.69
2023-10-11 19:00:00,141.14
2023-10-11 20:00:00,129.3
2023-10-11 21:00:00,109.79
2023-10-11 22:00:00,109.3
2023-10-11 23:00:00,104.0
2023-10-12 00:00:00,99.51
2023-10-12 01:00:00,100.2
2023-10-12 02:00:00,107.7
2023-10-12 03:00:00,99.62
2023-10-12 04:00:00,89.04
2023-10-12 05:00:00,102.6
2023-10-12 06:00:00,126.5
2023-10-12 07:00:00,133.62
2023-10-12 08:00:00,148.39
2023-10-12 09:00:00,148.92
2023-10-12 10:00:00,131.02
2023-10-12 11:00:00,124.8
2023-10-12 12:00:00,111.07
2023-10-12 13:00:00,104.29
2023-10-12 14:00:00,108.38
2023-10-12 15:00:00,120.0
2023-10-12 16:00:00,117.71
2023-10-12 17:00:00,145.22
2023-10-12 18:00:00,170.29
2023-10-12 19:00:00,221.1
2023-10-12 20:00:00,151.71
2023-10-12 21:00:00,129.36
2023-10-12 22:00:00,123.5
2023-10-12 23:00:00,109.84
2023-10-13 00:00:00,123.99
2023-10-13 01:00:00,115.0
2023-10-13 02:00:00,107.14
2023-10-13 03:00:00,101.4
2023-10-13 04:00:00,99.9
2023-10-13 05:00:00,79.32
2023-10-13 06:00:00,102.0
2023-10-13 07:00:00,131.27
2023-10-13 08:00:00,143.78
2023-10-13 09:00:00,132.05
2023-10-13 10:00:00,99.0
2023-10-13 11:00:00,72.09
2023-10-13 12:00:00,34.449997
2023-10-13 13:00:00,7.6800003
2023-10-13 14:00:00,4.3099976
2023-10-13 15:00:00,4.239998
2023-10-13 16:00:00,10.169998
2023-10-13 17:00:00,49.240005
2023-10-13 18:00:00,79.79
2023-10-13 19:00:00,90.1
2023-10-13 20:00:00,44.06
2023-10-13 21:00:00,7.9300003
2023-10-13 22:00:00,2.0899963
2023-10-13 23:00:00,0.7200012
2023-10-14 00:00:00,0.02999878
2023-10-14 01:00:00,-1.7399979
2023-10-14 02:00:00,-0.69000244
2023-10-14 03:00:00,-0.9000015
2023-10-14 04:00:00,-1.1699982
2023-10-14 05:00:00,-1.0800018
2023-10-14 06:00:00,0.16001129
2023-10-14 07:00:00,2.540001
2023-10-14 08:00:00,24.669998
2023-10-14 09:00:00,32.059998
2023-10-14 10:00:00,20.279999
2023-10-14 11:00:00,10.650002
2023-10-14 12:00:00,17.000008
2023-10-14 13:00:00,10.0
2023-10-14 14:00:00,5.0199966
2023-10-14 15:00:00,3.8199997
2023-10-14 16:00:00,8.25
2023-10-14 17:00:00,68.99
2023-10-14 18:00:00,120.0
2023-10-14 19:00:00,145.21
2023-10-14 20:00:00,156.58
2023-10-14 21:00:00,110.67
2023-10-14 22:00:00,103.49
2023-10-14 23:00:00,96.18
2023-10-15 00:00:00,47.000004
2023-10-15 01:00:00,23.270004
2023-10-15 02:00:00,5.9800034
2023-10-15 03:00:00,9.25
2023-10-15 04:00:00,5.8899994
2023-10-15 05:00:00,7.7800064
2023-10-15 06:00:00,6.1200027
2023-10-15 07:00:00,34.93
2023-10-15 08:00:00,47.55
2023-10-15 09:00:00,55.420002
2023-10-15 10:00:00,40.5
2023-10-15 11:00:00,15.199997
2023-10-15 12:00:00,52.270004
2023-10-15 13:00:00,16.07
2023-10-15 14:00:00,14.239998
2023-10-15 15:00:00,12.970001
2023-10-15 16:00:00,32.759995
2023-10-15 17:00:00,95.18
2023-10-15 18:00:00,149.76
2023-10-15 19:00:00,164.99
2023-10-15 20:00:00,165.63
2023-10-15 21:00:00,131.6
2023-10-15 22:00:00,127.42
2023-10-15 23:00:00,113.15
2023-10-16 00:00:00,108.71
2023-10-16 01:00:00,103.59
2023-10-16 02:00:00,101.85
2023-10-16 03:00:00,100.4
2023-10-16 04:00:00,98.43
2023-10-16 05:00:00,102.93
2023-10-16 06:00:00,139.56
2023-10-16 07:00:00,159.37
2023-10-16 08:00:00,180.35
2023-10-16 09:00:00,158.09
2023-10-16 10:00:00,141.09
2023-10-16 11:00:00,118.25
2023-10-16 12:00:00,113.89
2023-10-16 13:00:00,106.19
2023-10-16 14:00:00,109.49
2023-10-16 15:00:00,116.75
2023-10-16 16:00:00,138.96
2023-10-16 17:00:00,169.76999
2023-10-16 18:00:00,214.00998
2023-10-16 19:00:00,240.0
2023-10-16 20:00:00,160.89
2023-10-16 21:00:00,145.46
2023-10-16 22:00:00,135.2
2023-10-16 23:00:00,119.22
2023-10-17 00:00:00,127.58
2023-10-17 01:00:00,114.04
2023-10-17 02:00:00,108.4
2023-10-17 03:00:00,106.36
2023-10-17 04:00:00,102.1
2023-10-17 05:00:00,108.99
2023-10-17 06:00:00,118.76
2023-10-17 07:00:00,148.77
2023-10-17 08:00:00,175.82
2023-10-17 09:00:00,159.48
2023-10-17 10:00:00,135.0
2023-10-17 11:00:00,113.76
2023-10-17 12:00:00,105.52
2023-10-17 13:00:00,89.33
2023-10-17 14:00:00,79.48
2023-10-17 15:00:00,90.0
2023-10-17 16:00:00,102.03
2023-10-17 17:00:00,113.96
2023-10-17 18:00:00,138.65
2023-10-17 19:00:00,152.25
2023-10-17 20:00:00,128.48
2023-10-17 21:00:00,107.76
2023-10-17 22:00:00,96.51
2023-10-17 23:00:00,87.31
2023-10-18 00:00:00,64.33
2023-10-18 01:00:00,43.010002
2023-10-18 02:00:00,33.000008
2023-10-18 03:00:00,17.61
2023-10-18 04:00:00,9.730003
2023-10-18 05:00:00,17.450005
2023-10-18 06:00:00,55.65
2023-10-18 07:00:00,82.21
2023-10-18 08:00:00,120.0
2023-10-18 09:00:00,105.71
2023-10-18 10:00:00,90.08
2023-10-18 11:00:00,76.92
2023-10-18 12:00:00,70.09
2023-10-18 13:00:00,64.0
2023-10-18 14:00:00,61.0
2023-10-18 15:00:00,48.98
2023-10-18 16:00:00,50.99
2023-10-18 17:00:00,77.88
2023-10-18 18:00:00,92.73
2023-10-18 19:00:00,109.17
2023-10-18 20:00:00,98.44
2023-10-18 21:00:00,86.66
2023-10-18 22:00:00,66.100006
2023-10-18 23:00:00,35.1
2023-10-19 00:00:00,5.4400024
2023-10-19 01:00:00,-3.199997
2023-10-19 02:00:00,-3.9300003
2023-10-19 03:00:00,0.30999756
2023-10-19 04:00:00,-2.1399918
2023-10-19 05:00:00,6.5
2023-10-19 06:00:00,65.53
2023-10-19 07:00:00,87.91
2023-10-19 08:00:00,115.21
2023-10-19 09:00:00,127.0
2023-10-19 10:00:00,123.2
2023-10-19 11:00:00,125.72
2023-10-19 12:00:00,125.31
2023-10-19 13:00:00,121.56
2023-10-19 14:00:00,119.33
2023-10-19 15:00:00,118.05
2023-10-19 16:00:00,121.46
2023-10-19 17:00:00,142.34
2023-10-19 18:00:00,146.32
2023-10-19 19:00:00,144.72
2023-10-19 20:00:00,116.8
2023-10-19 21:00:00,97.48
2023-10-19 22:00:00,101.74
2023-10-19 23:00:00,89.58
2023-10-20 00:00:00,77.59
2023-10-20 01:00:00,60.24
2023-10-20 02:00:00,41.360004
2023-10-20 03:00:00,24.800003
2023-10-20 04:00:00,5.4100113
2023-10-20 05:00:00,32.18
2023-10-20 06:00:00,68.15001
2023-10-20 07:00:00,108.12
2023-10-20 08:00:00,119.92
2023-10-20 09:00:00,124.76
2023-10-20 10:00:00,118.72
2023-10-20 11:00:00,112.26
2023-10-20 12:00:00,104.36
2023-10-20 13:00:00,100.42
2023-10-20 14:00:00,97.16
2023-10-20 15:00:00,96.67
2023-10-20 16:00:00,99.32
2023-10-20 17:00:00,113.51
2023-10-20 18:00:00,124.54
2023-10-20 19:00:00,129.73
2023-10-20 20:00:00,107.99
2023-10-20 21:00:00,87.75
2023-10-20 22:00:00,83.21
2023-10-20 23:00:00,59.55
2023-10-21 00:00:00,53.1
2023-10-21 01:00:00,37.270004
2023-10-21 02:00:00,39.740005
2023-10-21 03:00:00,33.5
2023-10-21 04:00:00,39.729996
2023-10-21 05:00:00,32.020004
2023-10-21 06:00:00,35.820007
2023-10-21 07:00:00,63.26
2023-10-21 08:00:00,74.06
2023-10-21 09:00:00,58.94
2023-10-21 10:00:00,44.830006
2023-10-21 11:00:00,31.099998
2023-10-21 12:00:00,20.800003
2023-10-21 13:00:00,10.0
2023-10-21 14:00:00,13.210007
2023-10-21 15:00:00,21.79
2023-10-21 16:00:00,34.04
2023-10-21 17:00:00,66.07
2023-10-21 18:00:00,99.02
2023-10-21 19:00:00,114.8
2023-10-21 20:00:00,90.24
2023-10-21 21:00:00,53.25
2023-10-21 22:00:00,49.500004
2023-10-21 23:00:00,40.15
2023-10-22 00:00:00,39.86
2023-10-22 01:00:00,30.360008
2023-10-22 02:00:00,18.589996
2023-10-22 03:00:00,15.629997
2023-10-22 04:00:00,18.349998
2023-10-22 05:00:00,34.32
2023-10-22 06:00:00,30.260002
2023-10-22 07:00:00,58.200005
2023-10-22 08:00:00,55.25
2023-10-22 09:00:00,64.21
2023-10-22 10:00:00,52.340004
2023-10-22 11:00:00,49.1
2023-10-22 12:00:00,44.990005
2023-10-22 13:00:00,29.190002
2023-10-22 14:00:00,31.71
2023-10-22 15:00:00,51.82
2023-10-22 16:00:00,72.39
2023-10-22 17:00:00,128.66
2023-10-22 18:00:00,138.2
2023-10-22 19:00:00,143.01
2023-10-22 20:00:00,130.28
2023-10-22 21:00:00,112.47
2023-10-22 22:00:00,102.18
2023-10-22 23:00:00,98.46
2023-10-23 00:00:00,107.68
2023-10-23 01:00:00,100.69
2023-10-23 02:00:00,101.28
2023-10-23 03:00:00,100.19
2023-10-23 04:00:00,98.88
2023-10-23 05:00:00,105.83
2023-10-23 06:00:00,121.26
2023-10-23 07:00:00,164.3
2023-10-23 08:00:00,191.44
2023-10-23 09:00:00,151.78
2023-10-23 10:00:00,128.07
2023-10-23 11:00:00,109.03
2023-10-23 12:00:00,102.26
2023-10-23 13:00:00,103.22
2023-10-23 14:00:00,107.0
2023-10-23 15:00:00,118.98
2023-10-23 16:00:00,125.36
2023-10-23 17:00:00,139.39
2023-10-23 18:00:00,149.18
2023-10-23 19:00:00,156.21
2023-10-23 20:00:00,128.09
2023-10-23 21:00:00,104.0
2023-10-23 22:00:00,108.22
2023-10-23 23:00:00,92.76
2023-10-24 00:00:00,101.33
2023-10-24 01:00:00,97.21
2023-10-24 02:00:00,94.54
2023-10-24 03:00:00,89.46
2023-10-24 04:00:00,90.31
2023-10-24 05:00:00,94.69
2023-10-24 06:00:00,102.0
2023-10-24 07:00:00,120.59
2023-10-24 08:00:00,130.77
2023-10-24 09:00:00,136.35
2023-10-24 10:00:00,128.37
2023-10-24 11:00:00,125.0
2023-10-24 12:00:00,118.99
2023-10-24 13:00:00,112.54
2023-10-24 14:00:00,110.0
2023-10-24 15:00:00,109.59
2023-10-24 16:00:00,118.1
2023-10-24 17:00:00,133.16
2023-10-24 18:00:00,149.98
2023-10-24 19:00:00,154.12
2023-10-24 20:00:00,133.45
2023-10-24 21:00:00,119.31
2023-10-24 22:00:00,114.1
2023-10-24 23:00:00,102.78
2023-10-25 00:00:00,99.07
2023-10-25 01:00:00,94.56
2023-10-25 02:00:00,89.97
2023-10-25 03:00:00,87.92
2023-10-25 04:00:00,95.08
2023-10-25 05:00:00,99.34
2023-10-25 06:00:00,106.86
2023-10-25 07:00:00,128.23
2023-10-25 08:00:00,141.35
2023-10-25 09:00:00,140.53
2023-10-25 10:00:00,128.69
2023-10-25 11:00:00,123.87
2023-10-25 12:00:00,117.39
2023-10-25 13:00:00,115.69
2023-10-25 14:00:00,121.44
2023-10-25 15:00:00,114.0
2023-10-25 16:00:00,129.1
2023-10-25 17:00:00,137.66
2023-10-25 18:00:00,151.09
2023-10-25 19:00:00,157.96
2023-10-25 20:00:00,137.25
2023-10-25 21:00:00,123.73
2023-10-25 22:00:00,120.06
2023-10-25 23:00:00,112.8
2023-10-26 00:00:00,95.11
2023-10-26 01:00:00,97.2
2023-10-26 02:00:00,96.98
2023-10-26 03:00:00,92.74
2023-10-26 04:00:00,94.21
2023-10-26 05:00:00,100.0
2023-10-26 06:00:00,117.46
2023-10-26 07:00:00,133.62
2023-10-26 08:00:00,144.05
2023-10-26 09:00:00,149.0
2023-10-26 10:00:00,146.37
2023-10-26 11:00:00,140.0
2023-10-26 12:00:00,131.11
2023-10-26 13:00:00,120.09
2023-10-26 14:00:00,119.6
2023-10-26 15:00:00,113.2
2023-10-26 16:00:00,114.25
2023-10-26 17:00:00,126.69
2023-10-26 18:00:00,151.03
2023-10-26 19:00:00,151.18
2023-10-26 20:00:00,130.95
2023-10-26 21:00:00,119.06
2023-10-26 22:00:00,117.06
2023-10-26 23:00:00,104.85
2023-10-27 00:00:00,104.56
2023-10-27 01:00:00,97.55
2023-10-27 02:00:00,96.77
2023-10-27 03:00:00,98.0
2023-10-27 04:00:00,104.36
2023-10-27 05:00:00,107.85
2023-10-27 06:00:00,115.7
2023-10-27 07:00:00,131.65
2023-10-27 08:00:00,154.01
2023-10-27 09:00:00,152.7
2023-10-27 10:00:00,147.58
2023-10-27 11:00:00,141.6
2023-10-27 12:00:00,125.13
2023-10-27 13:00:00,111.89
2023-10-27 14:00:00,105.36
2023-10-27 15:00:00,92.87
2023-10-27 16:00:00,86.69
2023-10-27 17:00:00,120.4
2023-10-27 18:00:00,140.02
2023-10-27 19:00:00,140.7
2023-10-27 20:00:00,121.29
2023-10-27 21:00:00,100.2
2023-10-27 22:00:00,96.89
2023-10-27 23:00:00,93.7
2023-10-28 00:00:00,84.6
2023-10-28 01:00:00,68.61
2023-10-28 02:00:00,64.59
2023-10-28 03:00:00,55.000004
2023-10-28 04:00:00,51.09
2023-10-28 05:00:00,46.490005
2023-10-28 06:00:00,62.3
2023-10-28 07:00:00,64.95
2023-10-28 08:00:00,87.84
2023-10-28 09:00:00,89.24
2023-10-28 10:00:00,87.01
2023-10-28 11:00:00,69.29
2023-10-28 12:00:00,44.74
2023-10-28 13:00:00,37.04
2023-10-28 14:00:00,27.750008
2023-10-28 15:00:00,47.580006
2023-10-28 16:00:00,50.43
2023-10-28 17:00:00,74.36
2023-10-28 18:00:00,102.93
2023-10-28 19:00:00,83.28
2023-10-28 20:00:00,58.760002
2023-10-28 21:00:00,31.79
2023-10-28 22:00:00,22.479996
2023-10-28 23:00:00,9.709999
2023-10-29 00:00:00,6.6200027
2023-10-29 01:00:00,-1.0699997
2023-10-29 02:00:00,-0.92500305
2023-10-29 03:00:00,-0.83999634
2023-10-29 04:00:00,-0.9000015
2023-10-29 05:00:00,-1.0199966
2023-10-29 06:00:00,-1.050003
2023-10-29 07:00:00,-0.4699936
2023-10-29 08:00:00,-0.02999878
2023-10-29 09:00:00,-0.040000916
2023-10-29 10:00:00,-0.27999878
2023-10-29 11:00:00,-0.0799942
2023-10-29 12:00:00,0.34000397
2023-10-29 13:00:00,0.62000275
2023-10-29 14:00:00,9.910004
2023-10-29 15:00:00,23.699997
2023-10-29 16:00:00,39.02001
2023-10-29 17:00:00,53.6
2023-10-29 18:00:00,67.3
2023-10-29 19:00:00,67.3
2023-10-29 20:00:00,62.84
2023-10-29 21:00:00,55.06
2023-10-29 22:00:00,52.180004
2023-10-29 23:00:00,38.839996
2023-10-30 00:00:00,8.0
2023-10-30 01:00:00,8.160011
2023-10-30 02:00:00,8.360001
2023-10-30 03:00:00,10.020004
2023-10-30 04:00:00,13.599998
2023-10-30 05:00:00,21.059998
2023-10-30 06:00:00,77.65
2023-10-30 07:00:00,105.91
2023-10-30 08:00:00,111.0
2023-10-30 09:00:00,103.0
2023-10-30 10:00:00,90.0
2023-10-30 11:00:00,96.17
2023-10-30 12:00:00,102.54
2023-10-30 13:00:00,114.62
2023-10-30 14:00:00,123.98
2023-10-30 15:00:00,139.45
2023-10-30 16:00:00,145.0
2023-10-30 17:00:00,165.84
2023-10-30 18:00:00,171.0
2023-10-30 19:00:00,151.16
2023-10-30 20:00:00,129.03
2023-10-30 21:00:00,110.6
2023-10-30 22:00:00,118.23
2023-10-30 23:00:00,103.4
2023-10-31 00:00:00,86.05
2023-10-31 01:00:00,79.2
2023-10-31 02:00:00,71.96
2023-10-31 03:00:00,64.8
2023-10-31 04:00:00,67.36
2023-10-31 05:00:00,78.54
2023-10-31 06:00:00,97.28
2023-10-31 07:00:00,117.43
2023-10-31 08:00:00,141.0
2023-10-31 09:00:00,122.42
2023-10-31 10:00:00,112.3
2023-10-31 11:00:00,105.68
2023-10-31 12:00:00,103.22
2023-10-31 13:00:00,103.94
2023-10-31 14:00:00,112.3
2023-10-31 15:00:00,119.8
2023-10-31 16:00:00,135.11
2023-10-31 17:00:00,161.81
2023-10-31 18:00:00,172.03998
2023-10-31 19:00:00,152.92
2023-10-31 20:00:00,125.88
2023-10-31 21:00:00,115.92
2023-10-31 22:00:00,111.55
2023-10-31 23:00:00,99.72
2023-11-01 00:00:00,65.31
2023-11-01 01:00:00,64.2
2023-11-01 02:00:00,50.23
2023-11-01 03:00:00,26.479996
2023-11-01 04:00:00,23.750008
2023-11-01 05:00:00,30.129997
2023-11-01 06:00:00,47.990005
2023-11-01 07:00:00,68.07
2023-11-01 08:00:00,66.88
2023-11-01 09:00:00,69.23
2023-11-01 10:00:00,46.22
2023-11-01 11:00:00,43.5
2023-11-01 12:00:00,47.64
2023-11-01 13:00:00,38.920006
2023-11-01 14:00:00,32.839996
2023-11-01 15:00:00,37.28
2023-11-01 16:00:00,51.58
2023-11-01 17:00:00,63.400005
2023-11-01 18:00:00,80.46
2023-11-01 19:00:00,71.8
2023-11-01 20:00:00,57.48
2023-11-01 21:00:00,40.15
2023-11-01 22:00:00,40.77
2023-11-01 23:00:00,23.0
2023-11-02 00:00:00,19.489998
2023-11-02 01:00:00,7.5599976
2023-11-02 02:00:00,4.5699997
2023-11-02 03:00:00,3.2399979
2023-11-02 04:00:00,3.4199982
2023-11-02 05:00:00,4.3099976
2023-11-02 06:00:00,17.099998
2023-11-02 07:00:00,74.93
2023-11-02 08:00:00,87.83
2023-11-02 09:00:00,72.63
2023-11-02 10:00:00,60.59
2023-11-02 11:00:00,62.39
2023-11-02 12:00:00,62.14
2023-11-02 13:00:00,61.890003
2023-11-02 14:00:00,77.48
2023-11-02 15:00:00,91.4
2023-11-02 16:00:00,99.5
2023-11-02 17:00:00,103.64
2023-11-02 18:00:00,117.02
2023-11-02 19:00:00,96.74
2023-11-02 20:00:00,87.94
2023-11-02 21:00:00,76.06
2023-11-02 22:00:00,72.27
2023-11-02 23:00:00,57.04
2023-11-03 00:00:00,15.169998
2023-11-03 01:00:00,11.470001
2023-11-03 02:00:00,10.0
2023-11-03 03:00:00,5.7300034
2023-11-03 04:00:00,9.730003
2023-11-03 05:00:00,23.599998
2023-11-03 06:00:00,61.74
2023-11-03 07:00:00,90.49
2023-11-03 08:00:00,95.13
2023-11-03 09:00:00,89.59
2023-11-03 10:00:00,82.9
2023-11-03 11:00:00,72.77
2023-11-03 12:00:00,62.13
2023-11-03 13:00:00,61.14
2023-11-03 14:00:00,65.09
2023-11-03 15:00:00,69.73
2023-11-03 16:00:00,82.45
2023-11-03 17:00:00,90.38
2023-11-03 18:00:00,95.61
2023-11-03 19:00:00,89.84
2023-11-03 20:00:00,69.96
2023-11-03 21:00:00,53.76
2023-11-03 22:00:00,45.530003
2023-11-03 23:00:00,23.940002
2023-11-04 00:00:00,45.72
2023-11-04 01:00:00,32.059998
2023-11-04 02:00:00,30.0
2023-11-04 03:00:00,22.010002
2023-11-04 04:00:00,19.19001
2023-11-04 05:00:00,15.400002
2023-11-04 06:00:00,16.130005
2023-11-04 07:00:00,25.080002
2023-11-04 08:00:00,25.849998
2023-11-04 09:00:00,20.0
2023-11-04 10:00:00,13.949997
2023-11-04 11:00:00,15.199997
2023-11-04 12:00:00,20.0
2023-11-04 13:00:00,21.140007
2023-11-04 14:00:00,30.79
2023-11-04 15:00:00,39.740005
2023-11-04 16:00:00,31.550003
2023-11-04 17:00:00,40.440002
2023-11-04 18:00:00,48.74
2023-11-04 19:00:00,40.229996
2023-11-04 20:00:00,26.479996
2023-11-04 21:00:00,18.82
2023-11-04 22:00:00,11.729996
2023-11-04 23:00:00,7.050003
2023-11-05 00:00:00,8.709999
2023-11-05 01:00:00,6.5899963
2023-11-05 02:00:00,5.1800003
2023-11-05 03:00:00,2.9800034
2023-11-05 04:00:00,4.239998
2023-11-05 05:00:00,7.9900055
2023-11-05 06:00:00,9.25
2023-11-05 07:00:00,19.830002
2023-11-05 08:00:00,24.07
2023-11-05 09:00:00,27.239998
2023-11-05 10:00:00,25.5
2023-11-05 11:00:00,25.660011
2023-11-05 12:00:00,24.57
2023-11-05 13:00:00,13.779999
2023-11-05 14:00:00,16.060005
2023-11-05 15:00:00,29.96
2023-11-05 16:00:00,44.670002
2023-11-05 17:00:00,53.940002
2023-11-05 18:00:00,72.68
2023-11-05 19:00:00,59.160004
2023-11-05 20:00:00,47.71
2023-11-05 21:00:00,29.89
2023-11-05 22:00:00,25.080002
2023-11-05 23:00:00,21.140007
2023-11-06 00:00:00,19.32
2023-11-06 01:00:00,13.870003
2023-11-06 02:00:00,5.699997
2023-11-06 03:00:00,2.5300064
2023-11-06 04:00:00,4.3000107
2023-11-06 05:00:00,16.930008
2023-11-06 06:00:00,73.05
2023-11-06 07:00:00,96.21
2023-11-06 08:00:00,99.59
2023-11-06 09:00:00,79.85
2023-11-06 10:00:00,61.85
2023-11-06 11:00:00,58.04
2023-11-06 12:00:00,58.05
2023-11-06 13:00:00,66.98
2023-11-06 14:00:00,80.29
2023-11-06 15:00:00,99.67
2023-11-06 16:00:00,112.44
2023-11-06 17:00:00,138.14
2023-11-06 18:00:00,151.35
2023-11-06 19:00:00,139.93
2023-11-06 20:00:00,111.81
2023-11-06 21:00:00,106.29
2023-11-06 22:00:00,99.56
2023-11-06 23:00:00,89.86
2023-11-07 00:00:00,83.68
2023-11-07 01:00:00,76.45
2023-11-07 02:00:00,70.96
2023-11-07 03:00:00,68.01001
2023-11-07 04:00:00,70.25
2023-11-07 05:00:00,83.56
2023-11-07 06:00:00,102.1
2023-11-07 07:00:00,132.97
2023-11-07 08:00:00,136.4
2023-11-07 09:00:00,120.48
2023-11-07 10:00:00,99.52
2023-11-07 11:00:00,89.03
2023-11-07 12:00:00,86.21
2023-11-07 13:00:00,88.79
2023-11-07 14:00:00,97.92
2023-11-07 15:00:00,108.42
2023-11-07 16:00:00,113.69
2023-11-07 17:00:00,137.61
2023-11-07 18:00:00,149.94
2023-11-07 19:00:00,133.13
2023-11-07 20:00:00,105.32
2023-11-07 21:00:00,92.98
2023-11-07 22:00:00,94.04
2023-11-07 23:00:00,93.4
2023-11-08 00:00:00,97.17
2023-11-08 01:00:00,79.9
2023-11-08 02:00:00,75.03
2023-11-08 03:00:00,70.66
2023-11-08 04:00:00,66.76
2023-11-08 05:00:00,75.01
2023-11-08 06:00:00,84.74
2023-11-08 07:00:00,107.77
2023-11-08 08:00:00,111.47
2023-11-08 09:00:00,93.8
2023-11-08 10:00:00,85.1
2023-11-08 11:00:00,78.85
2023-11-08 12:00:00,76.05
2023-11-08 13:00:00,76.28
2023-11-08 14:00:00,83.41
2023-11-08 15:00:00,103.28
2023-11-08 16:00:00,103.31
2023-11-08 17:00:00,119.31
2023-11-08 18:00:00,127.26
2023-11-08 19:00:00,121.12
2023-11-08 20:00:00,112.81
2023-11-08 21:00:00,99.05
2023-11-08 22:00:00,92.33
2023-11-08 23:00:00,82.58
2023-11-09 00:00:00,79.05
2023-11-09 01:00:00,82.51
2023-11-09 02:00:00,78.78
2023-11-09 03:00:00,79.34
2023-11-09 04:00:00,80.8
2023-11-09 05:00:00,85.47
2023-11-09 06:00:00,109.61
2023-11-09 07:00:00,120.06
2023-11-09 08:00:00,128.92
2023-11-09 09:00:00,116.62
2023-11-09 10:00:00,100.08
2023-11-09 11:00:00,95.0
2023-11-09 12:00:00,90.16
2023-11-09 13:00:00,92.32
2023-11-09 14:00:00,100.61
2023-11-09 15:00:00,115.36
2023-11-09 16:00:00,106.95
2023-11-09 17:00:00,132.01
2023-11-09 18:00:00,128.66
2023-11-09 19:00:00,112.17
2023-11-09 20:00:00,105.39
2023-11-09 21:00:00,94.7
2023-11-09 22:00:00,84.04
2023-11-09 23:00:00,74.36
2023-11-10 00:00:00,64.19
2023-11-10 01:00:00,59.73
2023-11-10 02:00:00,53.74
2023-11-10 03:00:00,48.36
2023-11-10 04:00:00,50.0
2023-11-10 05:00:00,67.26
2023-11-10 06:00:00,84.53
2023-11-10 07:00:00,106.77
2023-11-10 08:00:00,113.0
2023-11-10 09:00:00,112.18
2023-11-10 10:00:00,100.65
2023-11-10 11:00:00,92.96
2023-11-10 12:00:00,86.76
2023-11-10 13:00:00,94.44
2023-11-10 14:00:00,96.3
2023-11-10 15:00:00,108.56
2023-11-10 16:00:00,115.0
2023-11-10 17:00:00,132.86
2023-11-10 18:00:00,135.1
2023-11-10 19:00:00,123.58
2023-11-10 20:00:00,112.93
2023-11-10 21:00:00,105.1
2023-11-10 22:00:00,103.97
2023-11-10 23:00:00,93.2
2023-11-11 00:00:00,87.3
2023-11-11 01:00:00,85.89
2023-11-11 02:00:00,85.88
2023-11-11 03:00:00,83.21
2023-11-11 04:00:00,82.71
2023-11-11 05:00:00,85.44
2023-11-11 06:00:00,86.3
2023-11-11 07:00:00,88.0
2023-11-11 08:00:00,92.0
2023-11-11 09:00:00,94.89
2023-11-11 10:00:00,91.28
2023-11-11 11:00:00,90.22
2023-11-11 12:00:00,87.94
2023-11-11 13:00:00,87.8
2023-11-11 14:00:00,91.5
2023-11-11 15:00:00,102.87
2023-11-11 16:00:00,115.75
2023-11-11 17:00:00,127.98
2023-11-11 18:00:00,135.76
2023-11-11 19:00:00,124.47
2023-11-11 20:00:00,113.51
2023-11-11 21:00:00,102.58
2023-11-11 22:00:00,92.38
2023-11-11 23:00:00,87.41
2023-11-12 00:00:00,89.63
2023-11-12 01:00:00,85.36
2023-11-12 02:00:00,85.19
2023-11-12 03:00:00,82.99
2023-11-12 04:00:00,82.15
2023-11-12 05:00:00,86.4
2023-11-12 06:00:00,85.79
2023-11-12 07:00:00,85.1
2023-11-12 08:00:00,87.26
2023-11-12 09:00:00,89.75
2023-11-12 10:00:00,88.58
2023-11-12 11:00:00,85.62
2023-11-12 12:00:00,88.09
2023-11-12 13:00:00,88.19
2023-11-12 14:00:00,92.6
2023-11-12 15:00:00,108.7
2023-11-12 16:00:00,112.74
2023-11-12 17:00:00,134.96
2023-11-12 18:00:00,123.47
2023-11-12 19:00:00,121.08
2023-11-12 20:00:00,106.55
2023-11-12 21:00:00,107.33
2023-11-12 22:00:00,100.14
2023-11-12 23:00:00,88.02
2023-11-13 00:00:00,91.26
2023-11-13 01:00:00,86.82
2023-11-13 02:00:00,87.0
2023-11-13 03:00:00,82.76
2023-11-13 04:00:00,74.05
2023-11-13 05:00:00,76.74
2023-11-13 06:00:00,77.23
2023-11-13 07:00:00,109.32
2023-11-13 08:00:00,123.48
2023-11-13 09:00:00,105.86
2023-11-13 10:00:00,110.23
2023-11-13 11:00:00,101.25
2023-11-13 12:00:00,90.16
2023-11-13 13:00:00,78.33
2023-11-13 14:00:00,71.57
2023-11-13 15:00:00,56.56
2023-11-13 16:00:00,61.59
2023-11-13 17:00:00,85.46
2023-11-13 18:00:00,92.08
2023-11-13 19:00:00,105.0
2023-11-13 20:00:00,87.74
2023-11-13 21:00:00,62.47
2023-11-13 22:00:00,55.000004
2023-11-13 23:00:00,55.330006
2023-11-14 00:00:00,11.260002
2023-11-14 01:00:00,2.1699982
2023-11-14 02:00:00,0.87999725
2023-11-14 03:00:00,0.5299988
2023-11-14 04:00:00,0.7799988
2023-11-14 05:00:00,2.9100037
2023-11-14 06:00:00,49.320004
2023-11-14 07:00:00,80.03
2023-11-14 08:00:00,90.84
2023-11-14 09:00:00,82.44
2023-11-14 10:00:00,73.91
2023-11-14 11:00:00,72.82
2023-11-14 12:00:00,75.08
2023-11-14 13:00:00,75.22
2023-11-14 14:00:00,82.78
2023-11-14 15:00:00,91.22
2023-11-14 16:00:00,85.94
2023-11-14 17:00:00,109.28
2023-11-14 18:00:00,119.97
2023-11-14 19:00:00,116.99
2023-11-14 20:00:00,100.35
2023-11-14 21:00:00,89.86
2023-11-14 22:00:00,92.32
2023-11-14 23:00:00,85.5
2023-11-15 00:00:00,81.1
2023-11-15 01:00:00,76.42
2023-11-15 02:00:00,72.9
2023-11-15 03:00:00,70.69
2023-11-15 04:00:00,74.45
2023-11-15 05:00:00,81.14
2023-11-15 06:00:00,96.94
2023-11-15 07:00:00,116.71
2023-11-15 08:00:00,121.72
2023-11-15 09:00:00,110.04
2023-11-15 10:00:00,100.1
2023-11-15 11:00:00,90.84
2023-11-15 12:00:00,86.04
2023-11-15 13:00:00,85.55
2023-11-15 14:00:00,85.64
2023-11-15 15:00:00,98.26
2023-11-15 16:00:00,110.28
2023-11-15 17:00:00,122.92
2023-11-15 18:00:00,129.9
2023-11-15 19:00:00,121.08
2023-11-15 20:00:00,110.44
2023-11-15 21:00:00,97.65
2023-11-15 22:00:00,91.66
2023-11-15 23:00:00,84.21
2023-11-16 00:00:00,85.48
2023-11-16 01:00:00,83.31
2023-11-16 02:00:00,84.57
2023-11-16 03:00:00,82.14
2023-11-16 04:00:00,88.12
2023-11-16 05:00:00,92.89
2023-11-16 06:00:00,102.72
2023-11-16 07:00:00,126.9
2023-11-16 08:00:00,129.99
2023-11-16 09:00:00,128.59
2023-11-16 10:00:00,120.1
2023-11-16 11:00:00,116.62
2023-11-16 12:00:00,122.63
2023-11-16 13:00:00,126.66
2023-11-16 14:00:00,134.67
2023-11-16 15:00:00,144.38
2023-11-16 16:00:00,143.81
2023-11-16 17:00:00,164.02
2023-11-16 18:00:00,132.55
2023-11-16 19:00:00,125.26
2023-11-16 20:00:00,121.19
2023-11-16 21:00:00,115.0
2023-11-16 22:00:00,110.2
2023-11-16 23:00:00,100.85
2023-11-17 00:00:00,106.0
2023-11-17 01:00:00,100.0
2023-11-17 02:00:00,97.51
2023-11-17 03:00:00,92.8
2023-11-17 04:00:00,95.7
2023-11-17 05:00:00,103.2
2023-11-17 06:00:00,119.46
2023-11-17 07:00:00,131.03
2023-11-17 08:00:00,141.92
2023-11-17 09:00:00,134.75
2023-11-17 10:00:00,127.89
2023-11-17 11:00:00,125.18
2023-11-17 12:00:00,119.57
2023-11-17 13:00:00,112.36
2023-11-17 14:00:00,123.91
2023-11-17 15:00:00,128.95
2023-11-17 16:00:00,133.66
2023-11-17 17:00:00,146.32
2023-11-17 18:00:00,149.96
2023-11-17 19:00:00,141.92
2023-11-17 20:00:00,128.47
2023-11-17 21:00:00,120.41
2023-11-17 22:00:00,118.34
2023-11-17 23:00:00,112.47
2023-11-18 00:00:00,110.56
2023-11-18 01:00:00,97.38
2023-11-18 02:00:00,90.61
2023-11-18 03:00:00,85.91
2023-11-18 04:00:00,82.42
2023-11-18 05:00:00,82.44
2023-11-18 06:00:00,85.68
2023-11-18 07:00:00,92.08
2023-11-18 08:00:00,100.1
2023-11-18 09:00:00,95.41
2023-11-18 10:00:00,91.96
2023-11-18 11:00:00,83.97
2023-11-18 12:00:00,84.48
2023-11-18 13:00:00,80.38
2023-11-18 14:00:00,78.34
2023-11-18 15:00:00,79.05
2023-11-18 16:00:00,88.3
2023-11-18 17:00:00,105.26
2023-11-18 18:00:00,108.01
2023-11-18 19:00:00,93.05
2023-11-18 20:00:00,84.02
2023-11-18 21:00:00,78.25
2023-11-18 22:00:00,73.73
2023-11-18 23:00:00,58.010002
2023-11-19 00:00:00,19.40001
2023-11-19 01:00:00,5.8700027
2023-11-19 02:00:00,4.0999985
2023-11-19 03:00:00,0.13000488
2023-11-19 04:00:00,0.069999695
2023-11-19 05:00:00,0.09000397
2023-11-19 06:00:00,2.3300018
2023-11-19 07:00:00,5.590004
2023-11-19 08:00:00,14.489998
2023-11-19 09:00:00,18.82
2023-11-19 10:00:00,12.599998
2023-11-19 11:00:00,12.650009
2023-11-19 12:00:00,11.68
2023-11-19 13:00:00,2.2100067
2023-11-19 14:00:00,16.65001
2023-11-19 15:00:00,52.29
2023-11-19 16:00:00,73.09
2023-11-19 17:00:00,93.01
2023-11-19 18:00:00,104.61
2023-11-19 19:00:00,103.91
2023-11-19 20:00:00,88.87
2023-11-19 21:00:00,84.46
2023-11-19 22:00:00,88.05
2023-11-19 23:00:00,80.05
2023-11-20 00:00:00,68.3
2023-11-20 01:00:00,62.68
2023-11-20 02:00:00,59.91
2023-11-20 03:00:00,51.98
2023-11-20 04:00:00,60.24
2023-11-20 05:00:00,80.43
2023-11-20 06:00:00,101.66
2023-11-20 07:00:00,126.64
2023-11-20 08:00:00,124.41
2023-11-20 09:00:00,115.6
2023-11-20 10:00:00,107.23
2023-11-20 11:00:00,106.11
2023-11-20 12:00:00,101.2
2023-11-20 13:00:00,113.5
2023-11-20 14:00:00,119.39
2023-11-20 15:00:00,117.1
2023-11-20 16:00:00,125.0
2023-11-20 17:00:00,145.62
2023-11-20 18:00:00,139.98
2023-11-20 19:00:00,130.08
2023-11-20 20:00:00,120.04
2023-11-20 21:00:00,107.01
2023-11-20 22:00:00,108.05
2023-11-20 23:00:00,98.69
2023-11-21 00:00:00,102.75
2023-11-21 01:00:00,98.2
2023-11-21 02:00:00,96.12
2023-11-21 03:00:00,91.17
2023-11-21 04:00:00,92.96
2023-11-21 05:00:00,101.13
2023-11-21 06:00:00,119.84
2023-11-21 07:00:00,131.38
2023-11-21 08:00:00,132.71
2023-11-21 09:00:00,133.68
2023-11-21 10:00:00,135.0
2023-11-21 11:00:00,132.54
2023-11-21 12:00:00,133.82
2023-11-21 13:00:00,131.42
2023-11-21 14:00:00,134.45
2023-11-21 15:00:00,130.88
2023-11-21 16:00:00,133.67
2023-11-21 17:00:00,143.04
2023-11-21 18:00:00,142.08
2023-11-21 19:00:00,132.35
2023-11-21 20:00:00,124.79
2023-11-21 21:00:00,110.52
2023-11-21 22:00:00,110.91
2023-11-21 23:00:00,98.04
2023-11-22 00:00:00,98.0
2023-11-22 01:00:00,95.01
2023-11-22 02:00:00,95.01
2023-11-22 03:00:00,92.0
2023-11-22 04:00:00,92.41
2023-11-22 05:00:00,93.65
2023-11-22 06:00:00,117.24
2023-11-22 07:00:00,137.22
2023-11-22 08:00:00,151.06
2023-11-22 09:00:00,131.26
2023-11-22 10:00:00,114.95
2023-11-22 11:00:00,103.52
2023-11-22 12:00:00,95.52
2023-11-22 13:00:00,102.49
2023-11-22 14:00:00,116.4
2023-11-22 15:00:00,119.99
2023-11-22 16:00:00,127.25
2023-11-22 17:00:00,133.0
2023-11-22 18:00:00,129.89
2023-11-22 19:00:00,118.81
2023-11-22 20:00:00,123.0
2023-11-22 21:00:00,101.29
2023-11-22 22:00:00,102.3
2023-11-22 23:00:00,87.0
2023-11-23 00:00:00,64.97
2023-11-23 01:00:00,46.05
2023-11-23 02:00:00,41.12
2023-11-23 03:00:00,30.129997
2023-11-23 04:00:00,21.82
2023-11-23 05:00:00,34.979996
2023-11-23 06:00:00,83.31
2023-11-23 07:00:00,115.18
2023-11-23 08:00:00,130.48
2023-11-23 09:00:00,127.54
2023-11-23 10:00:00,108.85
2023-11-23 11:00:00,83.06
2023-11-23 12:00:00,69.6
2023-11-23 13:00:00,78.58
2023-11-23 14:00:00,84.07
2023-11-23 15:00:00,87.79
2023-11-23 16:00:00,95.39
2023-11-23 17:00:00,132.53
2023-11-23 18:00:00,153.31
2023-11-23 19:00:00,150.49
2023-11-23 20:00:00,128.0
2023-11-23 21:00:00,113.21
2023-11-23 22:00:00,98.18
2023-11-23 23:00:00,37.059998
2023-11-24 00:00:00,29.61
2023-11-24 01:00:00,10.059998
2023-11-24 02:00:00,12.470001
2023-11-24 03:00:00,1.0599976
2023-11-24 04:00:00,1.9899979
2023-11-24 05:00:00,31.739998
2023-11-24 06:00:00,71.3
2023-11-24 07:00:00,95.47
2023-11-24 08:00:00,117.73
2023-11-24 09:00:00,118.01
2023-11-24 10:00:00,102.12
2023-11-24 11:00:00,96.28
2023-11-24 12:00:00,77.86
2023-11-24 13:00:00,75.72
2023-11-24 14:00:00,83.81
2023-11-24 15:00:00,85.67
2023-11-24 16:00:00,101.27
2023-11-24 17:00:00,116.01
2023-11-24 18:00:00,119.28
2023-11-24 19:00:00,111.98
2023-11-24 20:00:00,103.7
2023-11-24 21:00:00,86.21
2023-11-24 22:00:00,84.82
2023-11-24 23:00:00,78.9
2023-11-25 00:00:00,78.07
2023-11-25 01:00:00,74.03
2023-11-25 02:00:00,72.07
2023-11-25 03:00:00,71.61
2023-11-25 04:00:00,69.99
2023-11-25 05:00:00,74.19
2023-11-25 06:00:00,79.81
2023-11-25 07:00:00,87.08
2023-11-25 08:00:00,94.29
2023-11-25 09:00:00,91.93
2023-11-25 10:00:00,89.17
2023-11-25 11:00:00,87.06
2023-11-25 12:00:00,84.87
2023-11-25 13:00:00,83.12
2023-11-25 14:00:00,90.09
2023-11-25 15:00:00,95.91
2023-11-25 16:00:00,114.98
2023-11-25 17:00:00,124.1
2023-11-25 18:00:00,131.65
2023-11-25 19:00:00,127.62
2023-11-25 20:00:00,129.16
2023-11-25 21:00:00,118.81
2023-11-25 22:00:00,118.33
2023-11-25 23:00:00,113.51
2023-11-26 00:00:00,112.39
2023-11-26 01:00:00,106.11
2023-11-26 02:00:00,103.11
2023-11-26 03:00:00,100.52
2023-11-26 04:00:00,97.53
2023-11-26 05:00:00,98.15
2023-11-26 06:00:00,101.28
2023-11-26 07:00:00,111.32
2023-11-26 08:00:00,113.54
2023-11-26 09:00:00,117.94
2023-11-26 10:00:00,116.25
2023-11-26 11:00:00,114.81
2023-11-26 12:00:00,113.85
2023-11-26 13:00:00,110.22
2023-11-26 14:00:00,115.1
2023-11-26 15:00:00,123.26
2023-11-26 16:00:00,134.15
2023-11-26 17:00:00,144.56
2023-11-26 18:00:00,156.68
2023-11-26 19:00:00,145.94
2023-11-26 20:00:00,135.91
2023-11-26 21:00:00,122.41
2023-11-26 22:00:00,118.99
2023-11-26 23:00:00,102.53
2023-11-27 00:00:00,99.41
2023-11-27 01:00:00,94.24
2023-11-27 02:00:00,89.9
2023-11-27 03:00:00,88.82
2023-11-27 04:00:00,87.91
2023-11-27 05:00:00,94.09
2023-11-27 06:00:00,122.01
2023-11-27 07:00:00,132.94
2023-11-27 08:00:00,144.99
2023-11-27 09:00:00,139.41
2023-11-27 10:00:00,138.0
2023-11-27 11:00:00,136.94
2023-11-27 12:00:00,133.97
2023-11-27 13:00:00,132.67
2023-11-27 14:00:00,130.0
2023-11-27 15:00:00,121.63
2023-11-27 16:00:00,117.7
2023-11-27 17:00:00,125.99
2023-11-27 18:00:00,130.11
2023-11-27 19:00:00,131.4
2023-11-27 20:00:00,126.0
2023-11-27 21:00:00,106.06
2023-11-27 22:00:00,102.49
2023-11-27 23:00:00,85.14
2023-11-28 00:00:00,77.74
2023-11-28 01:00:00,70.49
2023-11-28 02:00:00,67.47
2023-11-28 03:00:00,64.49
2023-11-28 04:00:00,68.29001
2023-11-28 05:00:00,80.11
2023-11-28 06:00:00,97.62
2023-11-28 07:00:00,118.38
2023-11-28 08:00:00,127.87
2023-11-28 09:00:00,138.37
2023-11-28 10:00:00,139.25
2023-11-28 11:00:00,138.51
2023-11-28 12:00:00,135.62
2023-11-28 13:00:00,137.73
2023-11-28 14:00:00,143.98
2023-11-28 15:00:00,150.0
2023-11-28 16:00:00,164.01
2023-11-28 17:00:00,189.98
2023-11-28 18:00:00,177.0
2023-11-28 19:00:00,161.68
2023-11-28 20:00:00,140.69
2023-11-28 21:00:00,130.28
2023-11-28 22:00:00,119.44
2023-11-28 23:00:00,109.32
2023-11-29 00:00:00,98.42
2023-11-29 01:00:00,95.03
2023-11-29 02:00:00,92.1
2023-11-29 03:00:00,86.29
2023-11-29 04:00:00,85.0
2023-11-29 05:00:00,95.7
2023-11-29 06:00:00,104.16
2023-11-29 07:00:00,132.95
2023-11-29 08:00:00,149.69
2023-11-29 09:00:00,145.45
2023-11-29 10:00:00,133.87
2023-11-29 11:00:00,129.98
2023-11-29 12:00:00,128.26
2023-11-29 13:00:00,132.45
2023-11-29 14:00:00,146.75
2023-11-29 15:00:00,168.0
2023-11-29 16:00:00,200.0
2023-11-29 17:00:00,250.0
2023-11-29 18:00:00,250.0
2023-11-29 19:00:00,200.0
2023-11-29 20:00:00,161.0
2023-11-29 21:00:00,139.01
2023-11-29 22:00:00,128.5
2023-11-29 23:00:00,114.27
2023-11-30 00:00:00,104.79
2023-11-30 01:00:00,104.52
2023-11-30 02:00:00,102.2
2023-11-30 03:00:00,100.0
2023-11-30 04:00:00,101.63
2023-11-30 05:00:00,106.3
2023-11-30 06:00:00,129.41
2023-11-30 07:00:00,168.09
2023-11-30 08:00:00,219.27
2023-11-30 09:00:00,237.05
2023-11-30 10:00:00,222.32
2023-11-30 11:00:00,223.14
2023-11-30 12:00:00,195.1
2023-11-30 13:00:00,189.72
2023-11-30 14:00:00,195.0
2023-11-30 15:00:00,195.0
2023-11-30 16:00:00,226.0
2023-11-30 17:00:00,260.97
2023-11-30 18:00:00,249.34
2023-11-30 19:00:00,196.93
2023-11-30 20:00:00,153.9
2023-11-30 21:00:00,132.69
2023-11-30 22:00:00,124.61
2023-11-30 23:00:00,113.66
2023-12-01 00:00:00,106.91
2023-12-01 01:00:00,102.63
2023-12-01 02:00:00,99.1
2023-12-01 03:00:00,95.88
2023-12-01 04:00:00,96.07
2023-12-01 05:00:00,102.26
2023-12-01 06:00:00,119.96
2023-12-01 07:00:00,152.04
2023-12-01 08:00:00,203.2
2023-12-01 09:00:00,222.11
2023-12-01 10:00:00,214.65
2023-12-01 11:00:00,212.75
2023-12-01 12:00:00,196.38998
2023-12-01 13:00:00,173.37
2023-12-01 14:00:00,173.93
2023-12-01 15:00:00,181.79
2023-12-01 16:00:00,199.95
2023-12-01 17:00:00,229.97
2023-12-01 18:00:00,198.92
2023-12-01 19:00:00,168.4
2023-12-01 20:00:00,142.27
2023-12-01 21:00:00,125.07
2023-12-01 22:00:00,118.2
2023-12-01 23:00:00,108.1
2023-12-02 00:00:00,105.52
2023-12-02 01:00:00,103.12
2023-12-02 02:00:00,102.41
2023-12-02 03:00:00,100.19
2023-12-02 04:00:00,98.78
2023-12-02 05:00:00,98.17
2023-12-02 06:00:00,99.26
2023-12-02 07:00:00,105.77
2023-12-02 08:00:00,120.34
2023-12-02 09:00:00,127.99
2023-12-02 10:00:00,130.75
2023-12-02 11:00:00,126.92
2023-12-02 12:00:00,121.06
2023-12-02 13:00:00,114.58
2023-12-02 14:00:00,118.52
2023-12-02 15:00:00,123.5
2023-12-02 16:00:00,129.79
2023-12-02 17:00:00,144.15
2023-12-02 18:00:00,145.01
2023-12-02 19:00:00,129.68
2023-12-02 20:00:00,122.68
2023-12-02 21:00:00,117.13
2023-12-02 22:00:00,112.46
2023-12-02 23:00:00,108.81
2023-12-03 00:00:00,109.2
2023-12-03 01:00:00,104.05
2023-12-03 02:00:00,101.4
2023-12-03 03:00:00,100.0
2023-12-03 04:00:00,95.8
2023-12-03 05:00:00,92.29
2023-12-03 06:00:00,89.18
2023-12-03 07:00:00,92.57
2023-12-03 08:00:00,97.02
2023-12-03 09:00:00,100.15
2023-12-03 10:00:00,104.96
2023-12-03 11:00:00,105.07
2023-12-03 12:00:00,102.91
2023-12-03 13:00:00,100.0
2023-12-03 14:00:00,105.68
2023-12-03 15:00:00,115.0
2023-12-03 16:00:00,122.2
2023-12-03 17:00:00,127.9
2023-12-03 18:00:00,129.05
2023-12-03 19:00:00,126.07
2023-12-03 20:00:00,112.33
2023-12-03 21:00:00,100.0
2023-12-03 22:00:00,99.09
2023-12-03 23:00:00,89.0
2023-12-04 00:00:00,93.86
2023-12-04 01:00:00,89.81
2023-12-04 02:00:00,88.02
2023-12-04 03:00:00,85.38
2023-12-04 04:00:00,85.83
2023-12-04 05:00:00,91.96
2023-12-04 06:00:00,103.38
2023-12-04 07:00:00,115.28
2023-12-04 08:00:00,122.58
2023-12-04 09:00:00,126.27
2023-12-04 10:00:00,128.02
2023-12-04 11:00:00,130.7
2023-12-04 12:00:00,126.45
2023-12-04 13:00:00,124.63
2023-12-04 14:00:00,127.27
2023-12-04 15:00:00,125.27
2023-12-04 16:00:00,123.94
2023-12-04 17:00:00,130.0
2023-12-04 18:00:00,127.14
2023-12-04 19:00:00,122.37
2023-12-04 20:00:00,114.62
2023-12-04 21:00:00,105.55
2023-12-04 22:00:00,100.0
2023-12-04 23:00:00,91.76
2023-12-05 00:00:00,90.85
2023-12-05 01:00:00,88.01
2023-12-05 02:00:00,85.73
2023-12-05 03:00:00,83.62
2023-12-05 04:00:00,84.71
2023-12-05 05:00:00,91.02
2023-12-05 06:00:00,107.97
2023-12-05 07:00:00,113.96
2023-12-05 08:00:00,122.58
2023-12-05 09:00:00,122.88
2023-12-05 10:00:00,120.55
2023-12-05 11:00:00,119.3
2023-12-05 12:00:00,116.75
2023-12-05 13:00:00,116.83
2023-12-05 14:00:00,119.95
2023-12-05 15:00:00,122.09
2023-12-05 16:00:00,128.87
2023-12-05 17:00:00,146.31
2023-12-05 18:00:00,147.47
2023-12-05 19:00:00,141.56
2023-12-05 20:00:00,128.63
2023-12-05 21:00:00,117.83
2023-12-05 22:00:00,111.55
2023-12-05 23:00:00,103.28
2023-12-06 00:00:00,94.97
2023-12-06 01:00:00,93.1
2023-12-06 02:00:00,92.57
2023-12-06 03:00:00,90.96
2023-12-06 04:00:00,90.59
2023-12-06 05:00:00,93.89
2023-12-06 06:00:00,106.84
2023-12-06 07:00:00,133.5
2023-12-06 08:00:00,167.0
2023-12-06 09:00:00,166.54
2023-12-06 10:00:00,150.0
2023-12-06 11:00:00,146.29
2023-12-06 12:00:00,133.01
2023-12-06 13:00:00,126.73
2023-12-06 14:00:00,135.67
2023-12-06 15:00:00,143.99
2023-12-06 16:00:00,164.0
2023-12-06 17:00:00,178.07
2023-12-06 18:00:00,165.28
2023-12-06 19:00:00,149.93
2023-12-06 20:00:00,129.91
2023-12-06 21:00:00,115.68
2023-12-06 22:00:00,107.33
2023-12-06 23:00:00,100.44
2023-12-07 00:00:00,99.2
2023-12-07 01:00:00,97.85
2023-12-07 02:00:00,96.86
2023-12-07 03:00:00,91.81
2023-12-07 04:00:00,89.92
2023-12-07 05:00:00,94.53
2023-12-07 06:00:00,107.27
2023-12-07 07:00:00,129.67
2023-12-07 08:00:00,150.0
2023-12-07 09:00:00,137.7
2023-12-07 10:00:00,121.99
2023-12-07 11:00:00,110.0
2023-12-07 12:00:00,103.04
2023-12-07 13:00:00,99.66
2023-12-07 14:00:00,98.96
2023-12-07 15:00:00,102.0
2023-12-07 16:00:00,104.34
2023-12-07 17:00:00,116.49
2023-12-07 18:00:00,120.71
2023-12-07 19:00:00,103.63
2023-12-07 20:00:00,99.88
2023-12-07 21:00:00,96.4
2023-12-07 22:00:00,96.33
2023-12-07 23:00:00,87.08
2023-12-08 00:00:00,87.09
2023-12-08 01:00:00,83.26
2023-12-08 02:00:00,81.43
2023-12-08 03:00:00,79.52
2023-12-08 04:00:00,80.0
2023-12-08 05:00:00,87.04
2023-12-08 06:00:00,100.26
2023-12-08 07:00:00,107.84
2023-12-08 08:00:00,113.0
2023-12-08 09:00:00,118.7
2023-12-08 10:00:00,118.83
2023-12-08 11:00:00,118.15
2023-12-08 12:00:00,116.84
2023-12-08 13:00:00,112.0
2023-12-08 14:00:00,113.11
2023-12-08 15:00:00,106.25
2023-12-08 16:00:00,107.08
2023-12-08 17:00:00,116.2
2023-12-08 18:00:00,118.6
2023-12-08 19:00:00,105.86
2023-12-08 20:00:00,104.74
2023-12-08 21:00:00,101.12
2023-12-08 22:00:00,100.0
2023-12-08 23:00:00,90.58
2023-12-09 00:00:00,95.0
2023-12-09 01:00:00,85.1
2023-12-09 02:00:00,79.49
2023-12-09 03:00:00,73.07
2023-12-09 04:00:00,65.38
2023-12-09 05:00:00,69.72
2023-12-09 06:00:00,76.04
2023-12-09 07:00:00,82.54
2023-12-09 08:00:00,85.29
2023-12-09 09:00:00,91.94
2023-12-09 10:00:00,88.47
2023-12-09 11:00:00,85.94
2023-12-09 12:00:00,81.68
2023-12-09 13:00:00,84.11
2023-12-09 14:00:00,86.38
2023-12-09 15:00:00,71.5
2023-12-09 16:00:00,73.15
2023-12-09 17:00:00,81.74
2023-12-09 18:00:00,80.98
2023-12-09 19:00:00,75.2
2023-12-09 20:00:00,66.69
2023-12-09 21:00:00,62.16
2023-12-09 22:00:00,57.48
2023-12-09 23:00:00,46.18
2023-12-10 00:00:00,33.86
2023-12-10 01:00:00,21.71
2023-12-10 02:00:00,13.110001
2023-12-10 03:00:00,6.730011
2023-12-10 04:00:00,9.900009
2023-12-10 05:00:00,17.940002
2023-12-10 06:00:00,24.030006
2023-12-10 07:00:00,41.84
2023-12-10 08:00:00,59.66
2023-12-10 09:00:00,65.73001
2023-12-10 10:00:00,68.45
2023-12-10 11:00:00,60.080006
2023-12-10 12:00:00,63.95
2023-12-10 13:00:00,57.15
2023-12-10 14:00:00,66.87
2023-12-10 15:00:00,68.39
2023-12-10 16:00:00,62.33
2023-12-10 17:00:00,62.760002
2023-12-10 18:00:00,69.1
2023-12-10 19:00:00,69.99
2023-12-10 20:00:00,64.83
2023-12-10 21:00:00,61.41
2023-12-10 22:00:00,60.16
2023-12-10 23:00:00,60.0
2023-12-11 00:00:00,34.72
2023-12-11 01:00:00,16.089996
2023-12-11 02:00:00,13.360001
2023-12-11 03:00:00,9.32
2023-12-11 04:00:00,12.419998
2023-12-11 05:00:00,35.449997
2023-12-11 06:00:00,74.56
2023-12-11 07:00:00,94.05
2023-12-11 08:00:00,99.68
2023-12-11 09:00:00,98.67
2023-12-11 10:00:00,93.47
2023-12-11 11:00:00,91.43
2023-12-11 12:00:00,84.48
2023-12-11 13:00:00,82.92
2023-12-11 14:00:00,91.99
2023-12-11 15:00:00,97.65
2023-12-11 16:00:00,107.16
2023-12-11 17:00:00,118.9
2023-12-11 18:00:00,123.12
2023-12-11 19:00:00,121.69
2023-12-11 20:00:00,114.21
2023-12-11 21:00:00,99.6
2023-12-11 22:00:00,96.55
2023-12-11 23:00:00,88.1
2023-12-12 00:00:00,88.07
2023-12-12 01:00:00,87.06
2023-12-12 02:00:00,85.62
2023-12-12 03:00:00,84.42
2023-12-12 04:00:00,81.48
2023-12-12 05:00:00,81.94
2023-12-12 06:00:00,93.48
2023-12-12 07:00:00,111.26
2023-12-12 08:00:00,119.67
2023-12-12 09:00:00,115.1
2023-12-12 10:00:00,101.94
2023-12-12 11:00:00,101.97
2023-12-12 12:00:00,100.04
2023-12-12 13:00:00,90.54
2023-12-12 14:00:00,96.16
2023-12-12 15:00:00,98.31
2023-12-12 16:00:00,94.64
2023-12-12 17:00:00,99.29
2023-12-12 18:00:00,105.4
2023-12-12 19:00:00,93.6
2023-12-12 20:00:00,90.31
2023-12-12 21:00:00,84.32
2023-12-12 22:00:00,77.68
2023-12-12 23:00:00,76.9
2023-12-13 00:00:00,75.51
2023-12-13 01:00:00,72.94
2023-12-13 02:00:00,73.74
2023-12-13 03:00:00,71.5
2023-12-13 04:00:00,73.08
2023-12-13 05:00:00,75.65
2023-12-13 06:00:00,82.43
2023-12-13 07:00:00,100.84
2023-12-13 08:00:00,97.98
2023-12-13 09:00:00,102.35
2023-12-13 10:00:00,99.42
2023-12-13 11:00:00,99.88
2023-12-13 12:00:00,97.6
2023-12-13 13:00:00,95.23
2023-12-13 14:00:00,101.18
2023-12-13 15:00:00,99.64
2023-12-13 16:00:00,97.95
2023-12-13 17:00:00,109.88
2023-12-13 18:00:00,105.34
2023-12-13 19:00:00,101.97
2023-12-13 20:00:00,94.6
2023-12-13 21:00:00,90.88
2023-12-13 22:00:00,92.35
2023-12-13 23:00:00,84.25
2023-12-14 00:00:00,77.34
2023-12-14 01:00:00,75.69
2023-12-14 02:00:00,74.25
2023-12-14 03:00:00,77.03
2023-12-14 04:00:00,76.84
2023-12-14 05:00:00,80.16
2023-12-14 06:00:00,86.38
2023-12-14 07:00:00,106.47
2023-12-14 08:00:00,111.71
2023-12-14 09:00:00,112.72
2023-12-14 10:00:00,109.89
2023-12-14 11:00:00,107.44
2023-12-14 12:00:00,103.9
2023-12-14 13:00:00,97.66
2023-12-14 14:00:00,101.32
2023-12-14 15:00:00,105.31
2023-12-14 16:00:00,116.39
2023-12-14 17:00:00,124.74
2023-12-14 18:00:00,124.72
2023-12-14 19:00:00,114.22
2023-12-14 20:00:00,101.9
2023-12-14 21:00:00,96.2
2023-12-14 22:00:00,94.46
2023-12-14 23:00:00,85.57
2023-12-15 00:00:00,86.09
2023-12-15 01:00:00,82.89
2023-12-15 02:00:00,80.06
2023-12-15 03:00:00,76.5
2023-12-15 04:00:00,75.16
2023-12-15 05:00:00,80.41
2023-12-15 06:00:00,95.97
2023-12-15 07:00:00,106.68
2023-12-15 08:00:00,121.5
2023-12-15 09:00:00,117.51
2023-12-15 10:00:00,109.97
2023-12-15 11:00:00,102.78
2023-12-15 12:00:00,94.24
2023-12-15 13:00:00,88.41
2023-12-15 14:00:00,87.2
2023-12-15 15:00:00,89.19
2023-12-15 16:00:00,98.54
2023-12-15 17:00:00,104.48
2023-12-15 18:00:00,101.97
2023-12-15 19:00:00,93.44
2023-12-15 20:00:00,93.36
2023-12-15 21:00:00,88.36
2023-12-15 22:00:00,86.77
2023-12-15 23:00:00,76.71
2023-12-16 00:00:00,67.2
2023-12-16 01:00:00,63.21
2023-12-16 02:00:00,60.37
2023-12-16 03:00:00,58.0
2023-12-16 04:00:00,54.1
2023-12-16 05:00:00,55.64
2023-12-16 06:00:00,59.34
2023-12-16 07:00:00,65.1
2023-12-16 08:00:00,79.89
2023-12-16 09:00:00,86.29
2023-12-16 10:00:00,82.76
2023-12-16 11:00:00,76.39
2023-12-16 12:00:00,71.64
2023-12-16 13:00:00,70.68
2023-12-16 14:00:00,75.48
2023-12-16 15:00:00,80.42
2023-12-16 16:00:00,84.02
2023-12-16 17:00:00,95.82
2023-12-16 18:00:00,101.6
2023-12-16 19:00:00,93.95
2023-12-16 20:00:00,84.54
2023-12-16 21:00:00,73.85
2023-12-16 22:00:00,74.41
2023-12-16 23:00:00,62.67
2023-12-17 00:00:00,46.02
2023-12-17 01:00:00,44.2
2023-12-17 02:00:00,46.37
2023-12-17 03:00:00,28.720009
2023-12-17 04:00:00,26.379997
2023-12-17 05:00:00,29.900002
2023-12-17 06:00:00,39.089996
2023-12-17 07:00:00,46.359997
2023-12-17 08:00:00,57.69
2023-12-17 09:00:00,59.17
2023-12-17 10:00:00,54.43
2023-12-17 11:00:00,49.0
2023-12-17 12:00:00,43.71
2023-12-17 13:00:00,40.18
2023-12-17 14:00:00,46.67
2023-12-17 15:00:00,57.55
2023-12-17 16:00:00,65.36
2023-12-17 17:00:00,82.6
2023-12-17 18:00:00,88.46
2023-12-17 19:00:00,86.87
2023-12-17 20:00:00,77.08
2023-12-17 21:00:00,76.2
2023-12-17 22:00:00,79.44
2023-12-17 23:00:00,61.53
2023-12-18 00:00:00,61.090004
2023-12-18 01:00:00,57.13
2023-12-18 02:00:00,57.98
2023-12-18 03:00:00,51.34
2023-12-18 04:00:00,54.51
2023-12-18 05:00:00,66.16
2023-12-18 06:00:00,84.31
2023-12-18 07:00:00,103.72
2023-12-18 08:00:00,109.51
2023-12-18 09:00:00,105.67
2023-12-18 10:00:00,89.03
2023-12-18 11:00:00,81.17
2023-12-18 12:00:00,74.89
2023-12-18 13:00:00,75.02
2023-12-18 14:00:00,81.23
2023-12-18 15:00:00,85.91
2023-12-18 16:00:00,95.49
2023-12-18 17:00:00,104.43
2023-12-18 18:00:00,103.34
2023-12-18 19:00:00,96.48
2023-12-18 20:00:00,81.68
2023-12-18 21:00:00,79.97
2023-12-18 22:00:00,73.79
2023-12-18 23:00:00,68.67
2023-12-19 00:00:00,65.61
2023-12-19 01:00:00,62.65
2023-12-19 02:00:00,63.31
2023-12-19 03:00:00,57.15
2023-12-19 04:00:00,59.12
2023-12-19 05:00:00,65.15
2023-12-19 06:00:00,80.7
2023-12-19 07:00:00,94.14
2023-12-19 08:00:00,100.56
2023-12-19 09:00:00,94.32
2023-12-19 10:00:00,86.1
2023-12-19 11:00:00,79.71
2023-12-19 12:00:00,76.5
2023-12-19 13:00:00,76.02
2023-12-19 14:00:00,80.77
2023-12-19 15:00:00,85.09
2023-12-19 16:00:00,88.98
2023-12-19 17:00:00,95.72
2023-12-19 18:00:00,93.23
2023-12-19 19:00:00,91.55
2023-12-19 20:00:00,85.51
2023-12-19 21:00:00,79.9
2023-12-19 22:00:00,76.12
2023-12-19 23:00:00,59.86
2023-12-20 00:00:00,57.85
2023-12-20 01:00:00,50.480003
2023-12-20 02:00:00,48.000004
2023-12-20 03:00:00,39.979996
2023-12-20 04:00:00,32.43
2023-12-20 05:00:00,40.84
2023-12-20 06:00:00,49.460003
2023-12-20 07:00:00,71.01
2023-12-20 08:00:00,86.89
2023-12-20 09:00:00,91.84
2023-12-20 10:00:00,87.56
2023-12-20 11:00:00,76.61
2023-12-20 12:00:00,64.66
2023-12-20 13:00:00,65.75
2023-12-20 14:00:00,75.49
2023-12-20 15:00:00,80.56
2023-12-20 16:00:00,85.18
2023-12-20 17:00:00,94.06
2023-12-20 18:00:00,90.5
2023-12-20 19:00:00,85.31
2023-12-20 20:00:00,78.17
2023-12-20 21:00:00,66.97
2023-12-20 22:00:00,61.420002
2023-12-20 23:00:00,48.990005
2023-12-21 00:00:00,30.199997
2023-12-21 01:00:00,25.280006
2023-12-21 02:00:00,20.930008
2023-12-21 03:00:00,3.550003
2023-12-21 04:00:00,0.16001129
2023-12-21 05:00:00,1.75
2023-12-21 06:00:00,26.550003
2023-12-21 07:00:00,49.01
2023-12-21 08:00:00,61.330006
2023-12-21 09:00:00,55.43
2023-12-21 10:00:00,53.84
2023-12-21 11:00:00,47.47
2023-12-21 12:00:00,43.62
2023-12-21 13:00:00,33.000008
2023-12-21 14:00:00,35.240005
2023-12-21 15:00:00,40.28
2023-12-21 16:00:00,40.21
2023-12-21 17:00:00,61.52
2023-12-21 18:00:00,62.71
2023-12-21 19:00:00,64.43001
2023-12-21 20:00:00,58.270004
2023-12-21 21:00:00,43.18
2023-12-21 22:00:00,35.339996
2023-12-21 23:00:00,7.470001
2023-12-22 00:00:00,0.3600006
2023-12-22 01:00:00,0.020004272
2023-12-22 02:00:00,0.0
2023-12-22 03:00:00,-0.11999512
2023-12-22 04:00:00,-0.12999725
2023-12-22 05:00:00,0.40000916
2023-12-22 06:00:00,1.8700027
2023-12-22 07:00:00,32.730003
2023-12-22 08:00:00,52.550003
2023-12-22 09:00:00,57.11
2023-12-22 10:00:00,39.910004
2023-12-22 11:00:00,37.339996
2023-12-22 12:00:00,35.910004
2023-12-22 13:00:00,35.229996
2023-12-22 14:00:00,40.58
2023-12-22 15:00:00,44.55
2023-12-22 16:00:00,46.800003
2023-12-22 17:00:00,52.1
2023-12-22 18:00:00,55.85
2023-12-22 19:00:00,48.08
2023-12-22 20:00:00,36.380005
2023-12-22 21:00:00,32.310005
2023-12-22 22:00:00,30.410004
2023-12-22 23:00:00,12.0
2023-12-23 00:00:00,3.5599976
2023-12-23 01:00:00,1.4500046
2023-12-23 02:00:00,0.02999878
2023-12-23 03:00:00,0.0
2023-12-23 04:00:00,-0.009994507
2023-12-23 05:00:00,0.0
2023-12-23 06:00:00,0.099998474
2023-12-23 07:00:00,7.430008
2023-12-23 08:00:00,20.0
2023-12-23 09:00:00,42.080006
2023-12-23 10:00:00,40.84
2023-12-23 11:00:00,40.59
2023-12-23 12:00:00,40.25
2023-12-23 13:00:00,37.339996
2023-12-23 14:00:00,39.309998
2023-12-23 15:00:00,35.9
2023-12-23 16:00:00,41.74
2023-12-23 17:00:00,39.979996
2023-12-23 18:00:00,49.14
2023-12-23 19:00:00,47.54
2023-12-23 20:00:00,33.130005
2023-12-23 21:00:00,29.490005
2023-12-23 22:00:00,20.29
2023-12-23 23:00:00,7.8199997
2023-12-24 00:00:00,0.26000977
2023-12-24 01:00:00,-0.08998871
2023-12-24 02:00:00,-0.2899933
2023-12-24 03:00:00,-0.9700012
2023-12-24 04:00:00,-3.7399902
2023-12-24 05:00:00,-4.9699936
2023-12-24 06:00:00,-4.220001
2023-12-24 07:00:00,-3.050003
2023-12-24 08:00:00,-1.6200027
2023-12-24 09:00:00,-0.66999817
2023-12-24 10:00:00,-0.88999176
2023-12-24 11:00:00,-0.91000366
2023-12-24 12:00:00,-0.55000305
2023-12-24 13:00:00,-1.0299988
2023-12-24 14:00:00,-0.1499939
2023-12-24 15:00:00,0.22000122
2023-12-24 16:00:00,0.3899994
2023-12-24 17:00:00,9.830009
2023-12-24 18:00:00,10.089996
2023-12-24 19:00:00,9.489998
2023-12-24 20:00:00,2.540001
2023-12-24 21:00:00,-1.9100037
2023-12-24 22:00:00,-2.5699997
2023-12-24 23:00:00,-4.7899933
2023-12-25 00:00:00,-3.909996
2023-12-25 01:00:00,-8.370003
2023-12-25 02:00:00,-10.0
2023-12-25 03:00:00,-11.800003
2023-12-25 04:00:00,-11.119995
2023-12-25 05:00:00,-8.579994
2023-12-25 06:00:00,-7.5599976
2023-12-25 07:00:00,-3.8099976
2023-12-25 08:00:00,-0.040000916
2023-12-25 09:00:00,1.3399963
2023-12-25 10:00:00,3.2399979
2023-12-25 11:00:00,3.8199997
2023-12-25 12:00:00,0.020004272
2023-12-25 13:00:00,0.0
2023-12-25 14:00:00,0.02999878
2023-12-25 15:00:00,1.7600098
2023-12-25 16:00:00,11.410004
2023-12-25 17:00:00,18.0
2023-12-25 18:00:00,24.25
2023-12-25 19:00:00,19.21
2023-12-25 20:00:00,10.5
2023-12-25 21:00:00,5.76001
2023-12-25 22:00:00,5.0199966
2023-12-25 23:00:00,0.08000183
2023-12-26 00:00:00,0.0
2023-12-26 01:00:00,-0.02999878
2023-12-26 02:00:00,-0.16000366
2023-12-26 03:00:00,-2.8399887
2023-12-26 04:00:00,-3.7300034
2023-12-26 05:00:00,-1.9899979
2023-12-26 06:00:00,-1.1299896
2023-12-26 07:00:00,-0.11000061
2023-12-26 08:00:00,15.090004
2023-12-26 09:00:00,19.800003
2023-12-26 10:00:00,17.76001
2023-12-26 11:00:00,11.0
2023-12-26 12:00:00,4.220001
2023-12-26 13:00:00,1.4300003
2023-12-26 14:00:00,21.36
2023-12-26 15:00:00,43.880005
2023-12-26 16:00:00,71.11
2023-12-26 17:00:00,79.61
2023-12-26 18:00:00,86.76
2023-12-26 19:00:00,86.39
2023-12-26 20:00:00,83.68
2023-12-26 21:00:00,64.71
2023-12-26 22:00:00,67.92
2023-12-26 23:00:00,67.35
2023-12-27 00:00:00,64.94
2023-12-27 01:00:00,63.11
2023-12-27 02:00:00,57.22
2023-12-27 03:00:00,51.5
2023-12-27 04:00:00,49.65
2023-12-27 05:00:00,54.11
2023-12-27 06:00:00,65.06
2023-12-27 07:00:00,70.36
2023-12-27 08:00:00,70.44
2023-12-27 09:00:00,78.35
2023-12-27 10:00:00,67.6
2023-12-27 11:00:00,70.02
2023-12-27 12:00:00,67.15
2023-12-27 13:00:00,65.43
2023-12-27 14:00:00,67.13
2023-12-27 15:00:00,69.88
2023-12-27 16:00:00,76.3
2023-12-27 17:00:00,80.42
2023-12-27 18:00:00,74.44
2023-12-27 19:00:00,65.02
2023-12-27 20:00:00,54.73
2023-12-27 21:00:00,24.949997
2023-12-27 22:00:00,17.229996
2023-12-27 23:00:00,0.58000183
2023-12-28 00:00:00,0.48000336
2023-12-28 01:00:00,-0.26999664
2023-12-28 02:00:00,-0.91000366
2023-12-28 03:00:00,-0.9000015
2023-12-28 04:00:00,-1.050003
2023-12-28 05:00:00,0.0
2023-12-28 06:00:00,0.54000854
2023-12-28 07:00:00,17.050003
2023-12-28 08:00:00,38.35
2023-12-28 09:00:00,38.79
2023-12-28 10:00:00,29.599998
2023-12-28 11:00:00,22.029999
2023-12-28 12:00:00,10.75
2023-12-28 13:00:00,8.930008
2023-12-28 14:00:00,20.060005
2023-12-28 15:00:00,32.699997
2023-12-28 16:00:00,41.72
2023-12-28 17:00:00,60.5
2023-12-28 18:00:00,59.26
2023-12-28 19:00:00,50.35
2023-12-28 20:00:00,39.53
2023-12-28 21:00:00,26.300003
2023-12-28 22:00:00,25.000008
2023-12-28 23:00:00,0.41999817
2023-12-29 00:00:00,-0.009994507
2023-12-29 01:00:00,-0.08998871
2023-12-29 02:00:00,-0.37999725
2023-12-29 03:00:00,-1.9999924
2023-12-29 04:00:00,-1.4800034
2023-12-29 05:00:00,-0.26999664
2023-12-29 06:00:00,0.20999908
2023-12-29 07:00:00,0.30999756
2023-12-29 08:00:00,12.989998
2023-12-29 09:00:00,22.160004
2023-12-29 10:00:00,23.12001
2023-12-29 11:00:00,18.800003
2023-12-29 12:00:00,16.54
2023-12-29 13:00:00,9.76001
2023-12-29 14:00:00,23.33001
2023-12-29 15:00:00,31.379997
2023-12-29 16:00:00,36.740005
2023-12-29 17:00:00,45.3
2023-12-29 18:00:00,44.62
2023-12-29 19:00:00,41.74
2023-12-29 20:00:00,32.300003
2023-12-29 21:00:00,25.93
2023-12-29 22:00:00,28.39
2023-12-29 23:00:00,19.080002
2023-12-30 00:00:00,16.809998
2023-12-30 01:00:00,13.410011
2023-12-30 02:00:00,8.879997
2023-12-30 03:00:00,5.6200104
2023-12-30 04:00:00,5.739998
2023-12-30 05:00:00,9.020004
2023-12-30 06:00:00,16.809998
2023-12-30 07:00:00,30.830002
2023-12-30 08:00:00,45.850002
2023-12-30 09:00:00,46.1
2023-12-30 10:00:00,36.21
2023-12-30 11:00:00,34.430008
2023-12-30 12:00:00,28.629997
2023-12-30 13:00:00,28.770004
2023-12-30 14:00:00,42.04
2023-12-30 15:00:00,55.17
2023-12-30 16:00:00,61.04
2023-12-30 17:00:00,77.04
2023-12-30 18:00:00,79.99
2023-12-30 19:00:00,71.09
2023-12-30 20:00:00,62.01
2023-12-30 21:00:00,39.78
2023-12-30 22:00:00,50.1
2023-12-30 23:00:00,43.23
2023-12-31 00:00:00,25.620003
2023-12-31 01:00:00,8.330009
2023-12-31 02:00:00,4.0
2023-12-31 03:00:00,0.30999756
2023-12-31 04:00:00,-0.05999756
2023-12-31 05:00:00,-0.040000916
2023-12-31 06:00:00,-0.41000366
2023-12-31 07:00:00,-0.37999725
2023-12-31 08:00:00,3.5700073
2023-12-31 09:00:00,9.669998
2023-12-31 10:00:00,14.0
2023-12-31 11:00:00,11.0
2023-12-31 12:00:00,11.360008
2023-12-31 13:00:00,6.3700027
2023-12-31 14:00:00,9.150002
2023-12-31 15:00:00,13.410011
2023-12-31 16:00:00,18.830002
2023-12-31 17:00:00,27.29
2023-12-31 18:00:00,30.54
2023-12-31 19:00:00,20.260002
2023-12-31 20:00:00,19.650002
2023-12-31 21:00:00,9.0
2023-12-31 22:00:00,10.68
2023-12-31 23:00:00,3.1699982
2024-01-01 00:00:00,0.099998474
2024-01-01 01:00:00,0.010002136
2024-01-01 02:00:00,0.0
2024-01-01 03:00:00,-0.009994507
2024-01-01 04:00:00,-0.02999878
2024-01-01 05:00:00,-0.019989014
2024-01-01 06:00:00,-0.049995422
2024-01-01 07:00:00,-0.019989014
2024-01-01 08:00:00,0.0
2024-01-01 09:00:00,0.040000916
2024-01-01 10:00:00,0.060005188
2024-01-01 11:00:00,0.54000854
2024-01-01 12:00:00,2.2399979
2024-01-01 13:00:00,2.0000076
2024-01-01 14:00:00,1.3499985
2024-01-01 15:00:00,4.130005
2024-01-01 16:00:00,27.960007
2024-01-01 17:00:00,50.37
2024-01-01 18:00:00,53.76
2024-01-01 19:00:00,56.77
2024-01-01 20:00:00,51.400005
2024-01-01 21:00:00,35.39
2024-01-01 22:00:00,40.74
2024-01-01 23:00:00,35.550003
2024-01-02 00:00:00,23.919998
2024-01-02 01:00:00,17.699997
2024-01-02 02:00:00,12.389999
2024-01-02 03:00:00,7.3499985
2024-01-02 04:00:00,4.19001
2024-01-02 05:00:00,4.7500076
2024-01-02 06:00:00,31.589996
2024-01-02 07:00:00,49.96
2024-01-02 08:00:00,58.46
2024-01-02 09:00:00,59.05
2024-01-02 10:00:00,68.65
2024-01-02 11:00:00,74.18
2024-01-02 12:00:00,65.02
2024-01-02 13:00:00,64.71
2024-01-02 14:00:00,66.74
2024-01-02 15:00:00,64.43001
2024-01-02 16:00:00,65.04
2024-01-02 17:00:00,73.85
2024-01-02 18:00:00,66.62001
2024-01-02 19:00:00,64.36
2024-01-02 20:00:00,60.0
2024-01-02 21:00:00,49.500004
2024-01-02 22:00:00,44.190002
2024-01-02 23:00:00,26.830002
2024-01-03 00:00:00,0.0
2024-01-03 01:00:00,-1.2299957
2024-01-03 02:00:00,-1.2600021
2024-01-03 03:00:00,-1.3099976
2024-01-03 04:00:00,-1.3899994
2024-01-03 05:00:00,-1.2600021
2024-01-03 06:00:00,2.5800018
2024-01-03 07:00:00,40.8
2024-01-03 08:00:00,62.56
2024-01-03 09:00:00,67.39
2024-01-03 10:00:00,62.92
2024-01-03 11:00:00,58.84
2024-01-03 12:00:00,55.940002
2024-01-03 13:00:00,56.18
2024-01-03 14:00:00,60.91
2024-01-03 15:00:00,68.72
2024-01-03 16:00:00,71.56
2024-01-03 17:00:00,85.72
2024-01-03 18:00:00,92.38
2024-01-03 19:00:00,86.07
2024-01-03 20:00:00,73.23
2024-01-03 21:00:00,67.41
2024-01-03 22:00:00,65.0
2024-01-03 23:00:00,58.12
2024-01-04 00:00:00,57.3
2024-01-04 01:00:00,50.460003
2024-01-04 02:00:00,40.0
2024-01-04 03:00:00,25.479996
2024-01-04 04:00:00,35.0
2024-01-04 05:00:00,57.73
2024-01-04 06:00:00,72.65
2024-01-04 07:00:00,85.02
2024-01-04 08:00:00,91.47
2024-01-04 09:00:00,94.2
2024-01-04 10:00:00,91.59
2024-01-04 11:00:00,90.0
2024-01-04 12:00:00,86.26
2024-01-04 13:00:00,85.96
2024-01-04 14:00:00,92.11
2024-01-04 15:00:00,98.62
2024-01-04 16:00:00,101.93
2024-01-04 17:00:00,121.22
2024-01-04 18:00:00,129.28
2024-01-04 19:00:00,110.95
2024-01-04 20:00:00,96.94
2024-01-04 21:00:00,88.5
2024-01-04 22:00:00,85.07
2024-01-04 23:00:00,87.67
2024-01-05 00:00:00,86.08
2024-01-05 01:00:00,80.51
2024-01-05 02:00:00,77.01
2024-01-05 03:00:00,71.7
2024-01-05 04:00:00,66.34
2024-01-05 05:00:00,71.42
2024-01-05 06:00:00,77.3
2024-01-05 07:00:00,87.6
2024-01-05 08:00:00,90.14
2024-01-05 09:00:00,95.12
2024-01-05 10:00:00,96.32
2024-01-05 11:00:00,98.23
2024-01-05 12:00:00,92.4
2024-01-05 13:00:00,91.92
2024-01-05 14:00:00,96.87
2024-01-05 15:00:00,100.46
2024-01-05 16:00:00,103.33
2024-01-05 17:00:00,107.65
2024-01-05 18:00:00,108.58
2024-01-05 19:00:00,104.15
2024-01-05 20:00:00,100.28
2024-01-05 21:00:00,94.29
2024-01-05 22:00:00,94.92
2024-01-05 23:00:00,86.8
2024-01-06 00:00:00,82.25
2024-01-06 01:00:00,80.2
2024-01-06 02:00:00,76.13
2024-01-06 03:00:00,73.01
2024-01-06 04:00:00,73.01
2024-01-06 05:00:00,74.59
2024-01-06 06:00:00,75.1
2024-01-06 07:00:00,81.39
2024-01-06 08:00:00,88.4
2024-01-06 09:00:00,92.23
2024-01-06 10:00:00,97.3
2024-01-06 11:00:00,100.42
2024-01-06 12:00:00,99.16
2024-01-06 13:00:00,92.2
2024-01-06 14:00:00,92.11
2024-01-06 15:00:00,90.42
2024-01-06 16:00:00,91.33
2024-01-06 17:00:00,104.41
2024-01-06 18:00:00,103.63
2024-01-06 19:00:00,99.0
2024-01-06 20:00:00,92.14
2024-01-06 21:00:00,88.0
2024-01-06 22:00:00,86.57
2024-01-06 23:00:00,79.87
2024-01-07 00:00:00,84.08
2024-01-07 01:00:00,79.82
2024-01-07 02:00:00,76.76
2024-01-07 03:00:00,73.46
2024-01-07 04:00:00,71.86
2024-01-07 05:00:00,72.08
2024-01-07 06:00:00,74.9
2024-01-07 07:00:00,77.69
2024-01-07 08:00:00,81.79
2024-01-07 09:00:00,84.86
2024-01-07 10:00:00,87.14
2024-01-07 11:00:00,89.13
2024-01-07 12:00:00,88.66
2024-01-07 13:00:00,84.81
2024-01-07 14:00:00,84.34
2024-01-07 15:00:00,88.01
2024-01-07 16:00:00,93.42
2024-01-07 17:00:00,101.77
2024-01-07 18:00:00,104.85
2024-01-07 19:00:00,103.55
2024-01-07 20:00:00,100.5
2024-01-07 21:00:00,93.31
2024-01-07 22:00:00,91.17
2024-01-07 23:00:00,83.86
2024-01-08 00:00:00,87.03
2024-01-08 01:00:00,84.3
2024-01-08 02:00:00,81.69
2024-01-08 03:00:00,78.97
2024-01-08 04:00:00,78.46
2024-01-08 05:00:00,82.1
2024-01-08 06:00:00,94.3
2024-01-08 07:00:00,111.08
2024-01-08 08:00:00,121.11
2024-01-08 09:00:00,117.83
2024-01-08 10:00:00,110.59
2024-01-08 11:00:00,103.0
2024-01-08 12:00:00,95.46
2024-01-08 13:00:00,94.58
2024-01-08 14:00:00,100.0
2024-01-08 15:00:00,107.98
2024-01-08 16:00:00,116.81
2024-01-08 17:00:00,129.19
2024-01-08 18:00:00,129.99
2024-01-08 19:00:00,121.85
2024-01-08 20:00:00,114.16
2024-01-08 21:00:00,102.48
2024-01-08 22:00:00,99.75
2024-01-08 23:00:00,91.49
2024-01-09 00:00:00,84.51
2024-01-09 01:00:00,83.29
2024-01-09 02:00:00,85.0
2024-01-09 03:00:00,83.89
2024-01-09 04:00:00,82.45
2024-01-09 05:00:00,88.29
2024-01-09 06:00:00,99.83
2024-01-09 07:00:00,112.16
2024-01-09 08:00:00,130.5
2024-01-09 09:00:00,120.69
2024-01-09 10:00:00,109.08
2024-01-09 11:00:00,102.1
2024-01-09 12:00:00,92.22
2024-01-09 13:00:00,92.11
2024-01-09 14:00:00,101.19
2024-01-09 15:00:00,112.35
2024-01-09 16:00:00,122.38
2024-01-09 17:00:00,137.1
2024-01-09 18:00:00,136.7
2024-01-09 19:00:00,129.74
2024-01-09 20:00:00,116.34
2024-01-09 21:00:00,105.57
2024-01-09 22:00:00,98.4
2024-01-09 23:00:00,93.69
2024-01-10 00:00:00,83.0
2024-01-10 01:00:00,86.76
2024-01-10 02:00:00,86.73
2024-01-10 03:00:00,84.06
2024-01-10 04:00:00,84.18
2024-01-10 05:00:00,84.64
2024-01-10 06:00:00,99.03
2024-01-10 07:00:00,115.35
2024-01-10 08:00:00,138.09
2024-01-10 09:00:00,130.39
2024-01-10 10:00:00,116.31
2024-01-10 11:00:00,109.13
2024-01-10 12:00:00,99.0
2024-01-10 13:00:00,98.8
2024-01-10 14:00:00,102.38
2024-01-10 15:00:00,117.49
2024-01-10 16:00:00,132.23
2024-01-10 17:00:00,143.79
2024-01-10 18:00:00,140.0
2024-01-10 19:00:00,132.15
2024-01-10 20:00:00,120.0
2024-01-10 21:00:00,106.73
2024-01-10 22:00:00,99.6
2024-01-10 23:00:00,90.93
2024-01-11 00:00:00,91.75
2024-01-11 01:00:00,88.59
2024-01-11 02:00:00,87.25
2024-01-11 03:00:00,82.38
2024-01-11 04:00:00,80.72
2024-01-11 05:00:00,85.65
2024-01-11 06:00:00,97.88
2024-01-11 07:00:00,116.87
2024-01-11 08:00:00,141.0
2024-01-11 09:00:00,129.16
2024-01-11 10:00:00,113.65
2024-01-11 11:00:00,106.48
2024-01-11 12:00:00,99.38
2024-01-11 13:00:00,99.0
2024-01-11 14:00:00,105.98
2024-01-11 15:00:00,115.38
2024-01-11 16:00:00,118.57
2024-01-11 17:00:00,136.43
2024-01-11 18:00:00,136.7
2024-01-11 19:00:00,132.31
2024-01-11 20:00:00,117.9
2024-01-11 21:00:00,107.19
2024-01-11 22:00:00,100.0
2024-01-11 23:00:00,91.22
2024-01-12 00:00:00,87.92
2024-01-12 01:00:00,85.54
2024-01-12 02:00:00,84.86
2024-01-12 03:00:00,82.07
2024-01-12 04:00:00,82.21
2024-01-12 05:00:00,83.17
2024-01-12 06:00:00,88.96
2024-01-12 07:00:00,118.3
2024-01-12 08:00:00,140.74
2024-01-12 09:00:00,134.96
2024-01-12 10:00:00,122.01
2024-01-12 11:00:00,114.73
2024-01-12 12:00:00,106.98
2024-01-12 13:00:00,103.08
2024-01-12 14:00:00,104.54
2024-01-12 15:00:00,110.0
2024-01-12 16:00:00,120.0
2024-01-12 17:00:00,127.5
2024-01-12 18:00:00,126.0
2024-01-12 19:00:00,119.47
2024-01-12 20:00:00,111.01
2024-01-12 21:00:00,104.73
2024-01-12 22:00:00,101.03
2024-01-12 23:00:00,93.02
2024-01-13 00:00:00,90.0
2024-01-13 01:00:00,87.49
2024-01-13 02:00:00,82.0
2024-01-13 03:00:00,78.47
2024-01-13 04:00:00,75.0
2024-01-13 05:00:00,74.96
2024-01-13 06:00:00,78.2
2024-01-13 07:00:00,88.32
2024-01-13 08:00:00,98.28
2024-01-13 09:00:00,107.8
2024-01-13 10:00:00,101.64
2024-01-13 11:00:00,99.12
2024-01-13 12:00:00,75.99
2024-01-13 13:00:00,74.77
2024-01-13 14:00:00,75.22
2024-01-13 15:00:00,82.47
2024-01-13 16:00:00,99.3
2024-01-13 17:00:00,111.06
2024-01-13 18:00:00,127.25
2024-01-13 19:00:00,121.27
2024-01-13 20:00:00,117.0
2024-01-13 21:00:00,104.12
2024-01-13 22:00:00,113.71
2024-01-13 23:00:00,90.7
2024-01-14 00:00:00,99.3
2024-01-14 01:00:00,98.82
2024-01-14 02:00:00,87.5
2024-01-14 03:00:00,79.12
2024-01-14 04:00:00,74.9
2024-01-14 05:00:00,78.64
2024-01-14 06:00:00,71.36
2024-01-14 07:00:00,76.3
2024-01-14 08:00:00,78.04
2024-01-14 09:00:00,87.38
2024-01-14 10:00:00,93.9
2024-01-14 11:00:00,95.5
2024-01-14 12:00:00,87.95
2024-01-14 13:00:00,77.04
2024-01-14 14:00:00,79.15
2024-01-14 15:00:00,82.32
2024-01-14 16:00:00,86.62
2024-01-14 17:00:00,91.86
2024-01-14 18:00:00,102.34
2024-01-14 19:00:00,94.59
2024-01-14 20:00:00,90.0
2024-01-14 21:00:00,82.17
2024-01-14 22:00:00,79.76
2024-01-14 23:00:00,70.26
2024-01-15 00:00:00,83.8
2024-01-15 01:00:00,76.83
2024-01-15 02:00:00,69.0
2024-01-15 03:00:00,62.04
2024-01-15 04:00:00,62.07
2024-01-15 05:00:00,69.36
2024-01-15 06:00:00,80.51
2024-01-15 07:00:00,85.26
2024-01-15 08:00:00,99.4
2024-01-15 09:00:00,100.31
2024-01-15 10:00:00,94.9
2024-01-15 11:00:00,90.33
2024-01-15 12:00:00,86.84
2024-01-15 13:00:00,82.27
2024-01-15 14:00:00,84.73
2024-01-15 15:00:00,89.75
2024-01-15 16:00:00,97.76
2024-01-15 17:00:00,106.57
2024-01-15 18:00:00,112.82
2024-01-15 19:00:00,116.12
2024-01-15 20:00:00,111.01
2024-01-15 21:00:00,105.45
2024-01-15 22:00:00,102.32
2024-01-15 23:00:00,93.99
2024-01-16 00:00:00,89.97
2024-01-16 01:00:00,84.83
2024-01-16 02:00:00,81.61
2024-01-16 03:00:00,78.95
2024-01-16 04:00:00,79.24
2024-01-16 05:00:00,87.15
2024-01-16 06:00:00,96.17
2024-01-16 07:00:00,116.28
2024-01-16 08:00:00,144.11
2024-01-16 09:00:00,138.6
2024-01-16 10:00:00,122.0
2024-01-16 11:00:00,110.0
2024-01-16 12:00:00,102.39
2024-01-16 13:00:00,94.49
2024-01-16 14:00:00,102.2
2024-01-16 15:00:00,110.85
2024-01-16 16:00:00,112.39
2024-01-16 17:00:00,128.69
2024-01-16 18:00:00,131.06
2024-01-16 19:00:00,118.91
2024-01-16 20:00:00,100.21
2024-01-16 21:00:00,88.49
2024-01-16 22:00:00,82.73
2024-01-16 23:00:00,80.16
2024-01-17 00:00:00,72.16
2024-01-17 01:00:00,71.9
2024-01-17 02:00:00,70.83
2024-01-17 03:00:00,69.89
2024-01-17 04:00:00,69.66
2024-01-17 05:00:00,71.82
2024-01-17 06:00:00,76.3
2024-01-17 07:00:00,85.64
2024-01-17 08:00:00,97.07
2024-01-17 09:00:00,106.2
2024-01-17 10:00:00,110.33
2024-01-17 11:00:00,111.1
2024-01-17 12:00:00,101.66
2024-01-17 13:00:00,100.63
2024-01-17 14:00:00,104.57
2024-01-17 15:00:00,106.68
2024-01-17 16:00:00,113.76
2024-01-17 17:00:00,120.0
2024-01-17 18:00:00,117.59
2024-01-17 19:00:00,110.34
2024-01-17 20:00:00,98.1
2024-01-17 21:00:00,89.77
2024-01-17 22:00:00,84.33
2024-01-17 23:00:00,79.95
2024-01-18 00:00:00,75.71
2024-01-18 01:00:00,76.36
2024-01-18 02:00:00,72.61
2024-01-18 03:00:00,71.41
2024-01-18 04:00:00,69.82
2024-01-18 05:00:00,71.68
2024-01-18 06:00:00,80.87
2024-01-18 07:00:00,98.54
2024-01-18 08:00:00,109.92
2024-01-18 09:00:00,109.72
2024-01-18 10:00:00,108.42
2024-01-18 11:00:00,96.76
2024-01-18 12:00:00,90.27
2024-01-18 13:00:00,81.24
2024-01-18 14:00:00,86.86
2024-01-18 15:00:00,90.14
2024-01-18 16:00:00,94.61
2024-01-18 17:00:00,99.72
2024-01-18 18:00:00,103.48
2024-01-18 19:00:00,101.99
2024-01-18 20:00:00,93.79
2024-01-18 21:00:00,83.17
2024-01-18 22:00:00,84.51
2024-01-18 23:00:00,73.61
2024-01-19 00:00:00,72.9
2024-01-19 01:00:00,67.93
2024-01-19 02:00:00,68.2
2024-01-19 03:00:00,62.760002
2024-01-19 04:00:00,63.32
2024-01-19 05:00:00,67.86
2024-01-19 06:00:00,80.19
2024-01-19 07:00:00,88.24
2024-01-19 08:00:00,104.27
2024-01-19 09:00:00,111.49
2024-01-19 10:00:00,104.92
2024-01-19 11:00:00,89.36
2024-01-19 12:00:00,82.74
2024-01-19 13:00:00,73.38
2024-01-19 14:00:00,75.24
2024-01-19 15:00:00,81.07
2024-01-19 16:00:00,85.26
2024-01-19 17:00:00,93.99
2024-01-19 18:00:00,97.83
2024-01-19 19:00:00,99.44
2024-01-19 20:00:00,87.04
2024-01-19 21:00:00,85.89
2024-01-19 22:00:00,85.25
2024-01-19 23:00:00,81.64
2024-01-20 00:00:00,87.07
2024-01-20 01:00:00,68.7
2024-01-20 02:00:00,75.0
2024-01-20 03:00:00,68.7
2024-01-20 04:00:00,64.79
2024-01-20 05:00:00,68.7
2024-01-20 06:00:00,75.1
2024-01-20 07:00:00,81.6
2024-01-20 08:00:00,89.92
2024-01-20 09:00:00,94.94
2024-01-20 10:00:00,89.64
2024-01-20 11:00:00,80.3
2024-01-20 12:00:00,79.06
2024-01-20 13:00:00,70.51
2024-01-20 14:00:00,73.42
2024-01-20 15:00:00,79.17
2024-01-20 16:00:00,87.89
2024-01-20 17:00:00,95.0
2024-01-20 18:00:00,99.91
2024-01-20 19:00:00,91.65
2024-01-20 20:00:00,84.5
2024-01-20 21:00:00,75.75
2024-01-20 22:00:00,80.08
2024-01-20 23:00:00,69.13
2024-01-21 00:00:00,70.35
2024-01-21 01:00:00,58.07
2024-01-21 02:00:00,55.15
2024-01-21 03:00:00,50.89
2024-01-21 04:00:00,48.61
2024-01-21 05:00:00,47.69
2024-01-21 06:00:00,45.870003
2024-01-21 07:00:00,48.000004
2024-01-21 08:00:00,53.450005
2024-01-21 09:00:00,61.11
2024-01-21 10:00:00,65.23
2024-01-21 11:00:00,61.13
2024-01-21 12:00:00,66.0
2024-01-21 13:00:00,51.7
2024-01-21 14:00:00,55.84
2024-01-21 15:00:00,53.12
2024-01-21 16:00:00,54.790005
2024-01-21 17:00:00,64.04
2024-01-21 18:00:00,81.42
2024-01-21 19:00:00,86.58
2024-01-21 20:00:00,82.51
2024-01-21 21:00:00,56.26
2024-01-21 22:00:00,69.78
2024-01-21 23:00:00,65.0
2024-01-22 00:00:00,40.66
2024-01-22 01:00:00,34.75
2024-01-22 02:00:00,29.550003
2024-01-22 03:00:00,15.279999
2024-01-22 04:00:00,12.040001
2024-01-22 05:00:00,22.199997
2024-01-22 06:00:00,45.320004
2024-01-22 07:00:00,67.3
2024-01-22 08:00:00,90.1
2024-01-22 09:00:00,86.66
2024-01-22 10:00:00,74.3
2024-01-22 11:00:00,61.08
2024-01-22 12:00:00,57.24
2024-01-22 13:00:00,57.15
2024-01-22 14:00:00,59.41
2024-01-22 15:00:00,61.39
2024-01-22 16:00:00,64.73
2024-01-22 17:00:00,80.36
2024-01-22 18:00:00,95.47
2024-01-22 19:00:00,82.94
2024-01-22 20:00:00,68.49
2024-01-22 21:00:00,60.950005
2024-01-22 22:00:00,57.19
2024-01-22 23:00:00,51.22
2024-01-23 00:00:00,18.050003
2024-01-23 01:00:00,12.51001
2024-01-23 02:00:00,11.580002
2024-01-23 03:00:00,6.6100006
2024-01-23 04:00:00,12.270004
2024-01-23 05:00:00,40.300003
2024-01-23 06:00:00,63.03
2024-01-23 07:00:00,83.01
2024-01-23 08:00:00,90.63
2024-01-23 09:00:00,87.82
2024-01-23 10:00:00,90.68
2024-01-23 11:00:00,69.58
2024-01-23 12:00:00,63.11
2024-01-23 13:00:00,61.31
2024-01-23 14:00:00,66.08
2024-01-23 15:00:00,72.97
2024-01-23 16:00:00,71.52
2024-01-23 17:00:00,81.2
2024-01-23 18:00:00,85.19
2024-01-23 19:00:00,76.01
2024-01-23 20:00:00,65.02
2024-01-23 21:00:00,59.18
2024-01-23 22:00:00,49.44
2024-01-23 23:00:00,35.17
2024-01-24 00:00:00,7.029999
2024-01-24 01:00:00,4.489998
2024-01-24 02:00:00,2.5800018
2024-01-24 03:00:00,-1.5400009
2024-01-24 04:00:00,-3.2499924
2024-01-24 05:00:00,1.8099976
2024-01-24 06:00:00,19.750008
2024-01-24 07:00:00,54.63
2024-01-24 08:00:00,69.49
2024-01-24 09:00:00,67.86
2024-01-24 10:00:00,59.12
2024-01-24 11:00:00,53.98
2024-01-24 12:00:00,44.050003
2024-01-24 13:00:00,40.69
2024-01-24 14:00:00,48.460003
2024-01-24 15:00:00,60.32
2024-01-24 16:00:00,65.43
2024-01-24 17:00:00,74.61
2024-01-24 18:00:00,95.9
2024-01-24 19:00:00,98.72
2024-01-24 20:00:00,95.47
2024-01-24 21:00:00,83.42
2024-01-24 22:00:00,87.7
2024-01-24 23:00:00,92.64
2024-01-25 00:00:00,73.8
2024-01-25 01:00:00,68.31
2024-01-25 02:00:00,69.56
2024-01-25 03:00:00,61.26
2024-01-25 04:00:00,63.0
2024-01-25 05:00:00,68.44
2024-01-25 06:00:00,73.29
2024-01-25 07:00:00,84.41
2024-01-25 08:00:00,96.83
2024-01-25 09:00:00,90.61
2024-01-25 10:00:00,83.96
2024-01-25 11:00:00,78.66
2024-01-25 12:00:00,74.95
2024-01-25 13:00:00,73.01
2024-01-25 14:00:00,74.59
2024-01-25 15:00:00,74.78
2024-01-25 16:00:00,81.64
2024-01-25 17:00:00,94.69
2024-01-25 18:00:00,102.98
2024-01-25 19:00:00,97.16
2024-01-25 20:00:00,84.0
2024-01-25 21:00:00,77.81
2024-01-25 22:00:00,75.01
2024-01-25 23:00:00,70.48001
2024-01-26 00:00:00,62.8
2024-01-26 01:00:00,62.0
2024-01-26 02:00:00,58.49
2024-01-26 03:00:00,53.240005
2024-01-26 04:00:00,41.510002
2024-01-26 05:00:00,50.240005
2024-01-26 06:00:00,59.56
2024-01-26 07:00:00,72.56
2024-01-26 08:00:00,78.57
2024-01-26 09:00:00,75.21
2024-01-26 10:00:00,65.88
2024-01-26 11:00:00,60.49
2024-01-26 12:00:00,53.750004
2024-01-26 13:00:00,48.270004
2024-01-26 14:00:00,51.41
2024-01-26 15:00:00,52.92
2024-01-26 16:00:00,63.370003
2024-01-26 17:00:00,75.47
2024-01-26 18:00:00,102.08
2024-01-26 19:00:00,100.79
2024-01-26 20:00:00,96.86
2024-01-26 21:00:00,75.0
2024-01-26 22:00:00,84.86
2024-01-26 23:00:00,78.2
2024-01-27 00:00:00,70.44
2024-01-27 01:00:00,64.85
2024-01-27 02:00:00,60.5
2024-01-27 03:00:00,56.3
2024-01-27 04:00:00,55.98
2024-01-27 05:00:00,57.38
2024-01-27 06:00:00,59.41
2024-01-27 07:00:00,66.26
2024-01-27 08:00:00,79.16
2024-01-27 09:00:00,77.0
2024-01-27 10:00:00,66.57001
2024-01-27 11:00:00,58.07
2024-01-27 12:00:00,55.84
2024-01-27 13:00:00,53.88
2024-01-27 14:00:00,59.74
2024-01-27 15:00:00,73.58
2024-01-27 16:00:00,76.81
2024-01-27 17:00:00,82.12
2024-01-27 18:00:00,95.96
2024-01-27 19:00:00,92.53
2024-01-27 20:00:00,84.45
2024-01-27 21:00:00,76.15
2024-01-27 22:00:00,75.97
2024-01-27 23:00:00,72.7
2024-01-28 00:00:00,66.77
2024-01-28 01:00:00,59.330006
2024-01-28 02:00:00,55.71
2024-01-28 03:00:00,52.51
2024-01-28 04:00:00,51.240005
2024-01-28 05:00:00,51.9
2024-01-28 06:00:00,52.620003
2024-01-28 07:00:00,54.740005
2024-01-28 08:00:00,57.000004
2024-01-28 09:00:00,55.420002
2024-01-28 10:00:00,51.730003
2024-01-28 11:00:00,46.48
2024-01-28 12:00:00,41.780003
2024-01-28 13:00:00,40.22
2024-01-28 14:00:00,44.31
2024-01-28 15:00:00,45.42
2024-01-28 16:00:00,53.5
2024-01-28 17:00:00,67.73
2024-01-28 18:00:00,73.11
2024-01-28 19:00:00,70.72
2024-01-28 20:00:00,69.09
2024-01-28 21:00:00,58.04
2024-01-28 22:00:00,59.91
2024-01-28 23:00:00,56.0
2024-01-29 00:00:00,49.97
2024-01-29 01:00:00,47.260002
2024-01-29 02:00:00,48.120003
2024-01-29 03:00:00,47.970005
2024-01-29 04:00:00,51.58
2024-01-29 05:00:00,60.060005
2024-01-29 06:00:00,80.34
2024-01-29 07:00:00,90.51
2024-01-29 08:00:00,99.21
2024-01-29 09:00:00,88.39
2024-01-29 10:00:00,78.9
2024-01-29 11:00:00,71.27
2024-01-29 12:00:00,70.240005
2024-01-29 13:00:00,74.44
2024-01-29 14:00:00,80.41
2024-01-29 15:00:00,88.77
2024-01-29 16:00:00,94.46
2024-01-29 17:00:00,105.06
2024-01-29 18:00:00,112.92
2024-01-29 19:00:00,107.52
2024-01-29 20:00:00,88.56
2024-01-29 21:00:00,83.39
2024-01-29 22:00:00,82.9
2024-01-29 23:00:00,80.29
2024-01-30 00:00:00,71.94
2024-01-30 01:00:00,68.7
2024-01-30 02:00:00,69.37
2024-01-30 03:00:00,66.06
2024-01-30 04:00:00,65.29
2024-01-30 05:00:00,69.37
2024-01-30 06:00:00,78.7
2024-01-30 07:00:00,90.82
2024-01-30 08:00:00,95.94
2024-01-30 09:00:00,84.93
2024-01-30 10:00:00,77.15
2024-01-30 11:00:00,70.1
2024-01-30 12:00:00,68.100006
2024-01-30 13:00:00,68.23
2024-01-30 14:00:00,71.93
2024-01-30 15:00:00,75.0
2024-01-30 16:00:00,80.22
2024-01-30 17:00:00,88.42
2024-01-30 18:00:00,99.49
2024-01-30 19:00:00,101.39
2024-01-30 20:00:00,88.31
2024-01-30 21:00:00,79.18
2024-01-30 22:00:00,79.59
2024-01-30 23:00:00,76.34
2024-01-31 00:00:00,75.1
2024-01-31 01:00:00,71.96
2024-01-31 02:00:00,70.89
2024-01-31 03:00:00,69.82
2024-01-31 04:00:00,69.19
2024-01-31 05:00:00,73.91
2024-01-31 06:00:00,84.57
2024-01-31 07:00:00,99.21
2024-01-31 08:00:00,120.06
2024-01-31 09:00:00,93.38
2024-01-31 10:00:00,82.98
2024-01-31 11:00:00,77.09
2024-01-31 12:00:00,74.91
2024-01-31 13:00:00,66.93
2024-01-31 14:00:00,66.07
2024-01-31 15:00:00,69.23
2024-01-31 16:00:00,72.23
2024-01-31 17:00:00,80.96
2024-01-31 18:00:00,89.26
2024-01-31 19:00:00,81.04
2024-01-31 20:00:00,72.77
2024-01-31 21:00:00,59.330006
2024-01-31 22:00:00,56.97
2024-01-31 23:00:00,41.96
2024-02-01 00:00:00,49.530003
2024-02-01 01:00:00,44.190002
2024-02-01 02:00:00,44.47
2024-02-01 03:00:00,45.150005
2024-02-01 04:00:00,49.02
2024-02-01 05:00:00,57.56
2024-02-01 06:00:00,70.56
2024-02-01 07:00:00,87.22
2024-02-01 08:00:00,96.72
2024-02-01 09:00:00,89.84
2024-02-01 10:00:00,83.78
2024-02-01 11:00:00,80.0
2024-02-01 12:00:00,68.99
2024-02-01 13:00:00,60.96
2024-02-01 14:00:00,70.8
2024-02-01 15:00:00,81.49
2024-02-01 16:00:00,80.97
2024-02-01 17:00:00,99.0
2024-02-01 18:00:00,103.85
2024-02-01 19:00:00,98.4
2024-02-01 20:00:00,91.18
2024-02-01 21:00:00,83.46
2024-02-01 22:00:00,81.99
2024-02-01 23:00:00,73.52
2024-02-02 00:00:00,64.42
2024-02-02 01:00:00,59.990005
2024-02-02 02:00:00,58.0
2024-02-02 03:00:00,54.690002
2024-02-02 04:00:00,52.720005
2024-02-02 05:00:00,54.94
2024-02-02 06:00:00,64.47
2024-02-02 07:00:00,78.77
2024-02-02 08:00:00,90.06
2024-02-02 09:00:00,86.21
2024-02-02 10:00:00,80.84
2024-02-02 11:00:00,75.2
2024-02-02 12:00:00,65.01
2024-02-02 13:00:00,60.0
2024-02-02 14:00:00,59.750004
2024-02-02 15:00:00,59.78
2024-02-02 16:00:00,64.66
2024-02-02 17:00:00,71.35
2024-02-02 18:00:00,81.04
2024-02-02 19:00:00,87.8
2024-02-02 20:00:00,79.9
2024-02-02 21:00:00,65.05
2024-02-02 22:00:00,69.38
2024-02-02 23:00:00,60.71
2024-02-03 00:00:00,42.13
2024-02-03 01:00:00,46.940002
2024-02-03 02:00:00,41.82
2024-02-03 03:00:00,19.729996
2024-02-03 04:00:00,12.540001
2024-02-03 05:00:00,13.210007
2024-02-03 06:00:00,24.470001
2024-02-03 07:00:00,39.750008
2024-02-03 08:00:00,52.1
2024-02-03 09:00:00,64.96
2024-02-03 10:00:00,61.59
2024-02-03 11:00:00,52.130005
2024-02-03 12:00:00,46.710003
2024-02-03 13:00:00,43.830006
2024-02-03 14:00:00,41.760002
2024-02-03 15:00:00,45.270004
2024-02-03 16:00:00,51.43
2024-02-03 17:00:00,64.86
2024-02-03 18:00:00,85.88
2024-02-03 19:00:00,80.28
2024-02-03 20:00:00,64.17
2024-02-03 21:00:00,59.74
2024-02-03 22:00:00,51.75
2024-02-03 23:00:00,42.6
2024-02-04 00:00:00,39.47
2024-02-04 01:00:00,29.000008
2024-02-04 02:00:00,11.500008
2024-02-04 03:00:00,2.540001
2024-02-04 04:00:00,0.6500015
2024-02-04 05:00:00,3.5000076
2024-02-04 06:00:00,5.4500046
2024-02-04 07:00:00,7.6600037
2024-02-04 08:00:00,15.32
2024-02-04 09:00:00,21.849998
2024-02-04 10:00:00,26.64
2024-02-04 11:00:00,20.200005
2024-02-04 12:00:00,17.450005
2024-02-04 13:00:00,5.480011
2024-02-04 14:00:00,12.470001
2024-02-04 15:00:00,24.400002
2024-02-04 16:00:00,34.809998
2024-02-04 17:00:00,56.21
2024-02-04 18:00:00,70.0
2024-02-04 19:00:00,84.85
2024-02-04 20:00:00,56.47
2024-02-04 21:00:00,59.72
2024-02-04 22:00:00,58.26
2024-02-04 23:00:00,42.0
2024-02-05 00:00:00,11.199997
2024-02-05 01:00:00,21.739998
2024-02-05 02:00:00,11.870003
2024-02-05 03:00:00,0.7500076
2024-02-05 04:00:00,0.68000793
2024-02-05 05:00:00,3.4700012
2024-02-05 06:00:00,43.37
2024-02-05 07:00:00,80.28
2024-02-05 08:00:00,97.61
2024-02-05 09:00:00,104.08
2024-02-05 10:00:00,92.32
2024-02-05 11:00:00,88.87
2024-02-05 12:00:00,90.93
2024-02-05 13:00:00,65.69
2024-02-05 14:00:00,72.08
2024-02-05 15:00:00,61.1
2024-02-05 16:00:00,63.74
2024-02-05 17:00:00,77.74
2024-02-05 18:00:00,98.73
2024-02-05 19:00:00,100.0
2024-02-05 20:00:00,90.55
2024-02-05 21:00:00,68.12
2024-02-05 22:00:00,56.46
2024-02-05 23:00:00,47.650005
2024-02-06 00:00:00,35.949997
2024-02-06 01:00:00,28.930008
2024-02-06 02:00:00,12.200005
2024-02-06 03:00:00,6.810005
2024-02-06 04:00:00,4.5999985
2024-02-06 05:00:00,21.199997
2024-02-06 06:00:00,52.200005
2024-02-06 07:00:00,70.27
2024-02-06 08:00:00,88.87
2024-02-06 09:00:00,87.3
2024-02-06 10:00:00,84.18
2024-02-06 11:00:00,64.13
2024-02-06 12:00:00,53.96
2024-02-06 13:00:00,50.95
2024-02-06 14:00:00,52.43
2024-02-06 15:00:00,56.89
2024-02-06 16:00:00,61.330006
2024-02-06 17:00:00,71.98
2024-02-06 18:00:00,84.73
2024-02-06 19:00:00,88.5
2024-02-06 20:00:00,65.54
2024-02-06 21:00:00,59.98
2024-02-06 22:00:00,56.930004
2024-02-06 23:00:00,52.83
2024-02-07 00:00:00,41.340004
2024-02-07 01:00:00,40.030006
2024-02-07 02:00:00,40.08
2024-02-07 03:00:00,43.560005
2024-02-07 04:00:00,35.47001
2024-02-07 05:00:00,49.600002
2024-02-07 06:00:00,60.71
2024-02-07 07:00:00,78.6
2024-02-07 08:00:00,82.53
2024-02-07 09:00:00,88.38
2024-02-07 10:00:00,80.4
2024-02-07 11:00:00,77.3
2024-02-07 12:00:00,66.380005
2024-02-07 13:00:00,62.26
2024-02-07 14:00:00,69.48
2024-02-07 15:00:00,77.1
2024-02-07 16:00:00,83.74
2024-02-07 17:00:00,109.45
2024-02-07 18:00:00,127.15
2024-02-07 19:00:00,108.53
2024-02-07 20:00:00,92.3
2024-02-07 21:00:00,75.41
2024-02-07 22:00:00,70.42
2024-02-07 23:00:00,77.45
2024-02-08 00:00:00,73.7
2024-02-08 01:00:00,73.2
2024-02-08 02:00:00,72.15
2024-02-08 03:00:00,61.65
2024-02-08 04:00:00,56.7
2024-02-08 05:00:00,59.27
2024-02-08 06:00:00,73.51
2024-02-08 07:00:00,95.58
2024-02-08 08:00:00,120.32
2024-02-08 09:00:00,106.2
2024-02-08 10:00:00,91.1
2024-02-08 11:00:00,80.01
2024-02-08 12:00:00,85.25
2024-02-08 13:00:00,69.26
2024-02-08 14:00:00,57.800003
2024-02-08 15:00:00,57.350002
2024-02-08 16:00:00,58.23
2024-02-08 17:00:00,61.83
2024-02-08 18:00:00,63.56
2024-02-08 19:00:00,70.08
2024-02-08 20:00:00,64.21
2024-02-08 21:00:00,59.3
2024-02-08 22:00:00,56.010002
2024-02-08 23:00:00,50.0
2024-02-09 00:00:00,38.979996
2024-02-09 01:00:00,29.96
2024-02-09 02:00:00,24.57
2024-02-09 03:00:00,21.809998
2024-02-09 04:00:00,21.029999
2024-02-09 05:00:00,26.800003
2024-02-09 06:00:00,40.47
2024-02-09 07:00:00,58.42
2024-02-09 08:00:00,63.24
2024-02-09 09:00:00,67.15
2024-02-09 10:00:00,67.46
2024-02-09 11:00:00,62.5
2024-02-09 12:00:00,57.23
2024-02-09 13:00:00,54.82
2024-02-09 14:00:00,57.74
2024-02-09 15:00:00,60.42
2024-02-09 16:00:00,62.85
2024-02-09 17:00:00,82.19
2024-02-09 18:00:00,90.26
2024-02-09 19:00:00,87.17
2024-02-09 20:00:00,80.7
2024-02-09 21:00:00,75.26
2024-02-09 22:00:00,74.91
2024-02-09 23:00:00,70.94
2024-02-10 00:00:00,63.1
2024-02-10 01:00:00,64.08
2024-02-10 02:00:00,64.4
2024-02-10 03:00:00,64.39
2024-02-10 04:00:00,64.41
2024-02-10 05:00:00,65.82001
2024-02-10 06:00:00,70.91
2024-02-10 07:00:00,74.86
2024-02-10 08:00:00,77.7
2024-02-10 09:00:00,80.38
2024-02-10 10:00:00,74.94
2024-02-10 11:00:00,69.84
2024-02-10 12:00:00,68.42
2024-02-10 13:00:00,66.72
2024-02-10 14:00:00,69.53
2024-02-10 15:00:00,77.17
2024-02-10 16:00:00,81.94
2024-02-10 17:00:00,85.91
2024-02-10 18:00:00,95.76
2024-02-10 19:00:00,83.86
2024-02-10 20:00:00,74.4
2024-02-10 21:00:00,68.91
2024-02-10 22:00:00,71.47
2024-02-10 23:00:00,64.0
2024-02-11 00:00:00,63.39
2024-02-11 01:00:00,56.94
2024-02-11 02:00:00,52.600002
2024-02-11 03:00:00,46.83
2024-02-11 04:00:00,42.540005
2024-02-11 05:00:00,45.570004
2024-02-11 06:00:00,50.37
2024-02-11 07:00:00,54.95
2024-02-11 08:00:00,62.54
2024-02-11 09:00:00,60.94
2024-02-11 10:00:00,63.400005
2024-02-11 11:00:00,65.25
2024-02-11 12:00:00,63.48
2024-02-11 13:00:00,60.87
2024-02-11 14:00:00,57.960003
2024-02-11 15:00:00,64.51
2024-02-11 16:00:00,69.09
2024-02-11 17:00:00,77.38
2024-02-11 18:00:00,90.35
2024-02-11 19:00:00,86.49
2024-02-11 20:00:00,76.86
2024-02-11 21:00:00,70.72
2024-02-11 22:00:00,68.39
2024-02-11 23:00:00,64.01001
2024-02-12 00:00:00,64.35
2024-02-12 01:00:00,61.74
2024-02-12 02:00:00,60.83
2024-02-12 03:00:00,59.57
2024-02-12 04:00:00,59.210003
2024-02-12 05:00:00,65.0
2024-02-12 06:00:00,76.0
2024-02-12 07:00:00,85.41
2024-02-12 08:00:00,104.0
2024-02-12 09:00:00,96.5
2024-02-12 10:00:00,85.47
2024-02-12 11:00:00,79.05
2024-02-12 12:00:00,67.51
2024-02-12 13:00:00,64.05
2024-02-12 14:00:00,64.39
2024-02-12 15:00:00,66.82
2024-02-12 16:00:00,73.37
2024-02-12 17:00:00,78.13
2024-02-12 18:00:00,96.0
2024-02-12 19:00:00,89.08
2024-02-12 20:00:00,79.15
2024-02-12 21:00:00,71.54
2024-02-12 22:00:00,65.87001
2024-02-12 23:00:00,61.9
2024-02-13 00:00:00,68.59
2024-02-13 01:00:00,65.37
2024-02-13 02:00:00,63.41
2024-02-13 03:00:00,60.49
2024-02-13 04:00:00,60.060005
2024-02-13 05:00:00,63.59
2024-02-13 06:00:00,70.71001
2024-02-13 07:00:00,82.51
2024-02-13 08:00:00,89.11
2024-02-13 09:00:00,75.12
2024-02-13 10:00:00,69.21
2024-02-13 11:00:00,63.87
2024-02-13 12:00:00,60.53
2024-02-13 13:00:00,60.26
2024-02-13 14:00:00,63.1
2024-02-13 15:00:00,70.7
2024-02-13 16:00:00,76.05
2024-02-13 17:00:00,80.53
2024-02-13 18:00:00,96.74
2024-02-13 19:00:00,91.37
2024-02-13 20:00:00,78.58
2024-02-13 21:00:00,72.5
2024-02-13 22:00:00,68.78
2024-02-13 23:00:00,64.86
2024-02-14 00:00:00,60.63
2024-02-14 01:00:00,59.34
2024-02-14 02:00:00,55.76
2024-02-14 03:00:00,54.790005
2024-02-14 04:00:00,55.06
2024-02-14 05:00:00,58.740005
2024-02-14 06:00:00,63.93
2024-02-14 07:00:00,73.41
2024-02-14 08:00:00,80.13
2024-02-14 09:00:00,69.65
2024-02-14 10:00:00,63.86
2024-02-14 11:00:00,63.29
2024-02-14 12:00:00,60.19
2024-02-14 13:00:00,53.92
2024-02-14 14:00:00,60.0
2024-02-14 15:00:00,64.55
2024-02-14 16:00:00,66.65
2024-02-14 17:00:00,76.3
2024-02-14 18:00:00,87.8
2024-02-14 19:00:00,84.79
2024-02-14 20:00:00,76.77
2024-02-14 21:00:00,69.58
2024-02-14 22:00:00,68.2
2024-02-14 23:00:00,63.8
2024-02-15 00:00:00,61.62
2024-02-15 01:00:00,57.51
2024-02-15 02:00:00,54.530003
2024-02-15 03:00:00,50.41
2024-02-15 04:00:00,48.060005
2024-02-15 05:00:00,53.04
2024-02-15 06:00:00,63.890003
2024-02-15 07:00:00,73.16
2024-02-15 08:00:00,79.44
2024-02-15 09:00:00,75.02
2024-02-15 10:00:00,70.990005
2024-02-15 11:00:00,63.540005
2024-02-15 12:00:00,58.43
2024-02-15 13:00:00,55.540005
2024-02-15 14:00:00,55.67
2024-02-15 15:00:00,58.54
2024-02-15 16:00:00,59.25
2024-02-15 17:00:00,67.14
2024-02-15 18:00:00,76.38
2024-02-15 19:00:00,72.94
2024-02-15 20:00:00,66.14
2024-02-15 21:00:00,61.12
2024-02-15 22:00:00,60.92
2024-02-15 23:00:00,56.97
2024-02-16 00:00:00,51.76
2024-02-16 01:00:00,51.08
2024-02-16 02:00:00,49.920002
2024-02-16 03:00:00,47.810005
2024-02-16 04:00:00,46.02
2024-02-16 05:00:00,49.09
2024-02-16 06:00:00,55.22
2024-02-16 07:00:00,69.27
2024-02-16 08:00:00,70.5
2024-02-16 09:00:00,66.08
2024-02-16 10:00:00,57.51
2024-02-16 11:00:00,59.000004
2024-02-16 12:00:00,57.15
2024-02-16 13:00:00,55.53
2024-02-16 14:00:00,57.6
2024-02-16 15:00:00,63.21
2024-02-16 16:00:00,70.01
2024-02-16 17:00:00,71.11
2024-02-16 18:00:00,78.32
2024-02-16 19:00:00,78.37
2024-02-16 20:00:00,73.29
2024-02-16 21:00:00,69.67
2024-02-16 22:00:00,68.63
2024-02-16 23:00:00,62.220005
2024-02-17 00:00:00,60.87
2024-02-17 01:00:00,59.38
2024-02-17 02:00:00,59.420002
2024-02-17 03:00:00,56.650005
2024-02-17 04:00:00,56.11
2024-02-17 05:00:00,59.3
2024-02-17 06:00:00,56.94
2024-02-17 07:00:00,60.810005
2024-02-17 08:00:00,68.4
2024-02-17 09:00:00,70.86
2024-02-17 10:00:00,63.57
2024-02-17 11:00:00,60.690002
2024-02-17 12:00:00,58.22
2024-02-17 13:00:00,55.24
2024-02-17 14:00:00,59.090004
2024-02-17 15:00:00,59.03
2024-02-17 16:00:00,59.65
2024-02-17 17:00:00,75.18
2024-02-17 18:00:00,84.23
2024-02-17 19:00:00,85.81
2024-02-17 20:00:00,77.36
2024-02-17 21:00:00,72.27
2024-02-17 22:00:00,69.91
2024-02-17 23:00:00,69.11
2024-02-18 00:00:00,60.93
2024-02-18 01:00:00,54.810005
2024-02-18 02:00:00,51.2
2024-02-18 03:00:00,49.620003
2024-02-18 04:00:00,48.7
2024-02-18 05:00:00,48.47
2024-02-18 06:00:00,46.02
2024-02-18 07:00:00,48.970005
2024-02-18 08:00:00,47.280003
2024-02-18 09:00:00,43.030003
2024-02-18 10:00:00,40.45
2024-02-18 11:00:00,41.0
2024-02-18 12:00:00,38.509995
2024-02-18 13:00:00,37.71
2024-02-18 14:00:00,40.36
2024-02-18 15:00:00,42.53
2024-02-18 16:00:00,45.440002
2024-02-18 17:00:00,54.05
2024-02-18 18:00:00,62.8
2024-02-18 19:00:00,68.48001
2024-02-18 20:00:00,64.71
2024-02-18 21:00:00,59.83
2024-02-18 22:00:00,57.330006
2024-02-18 23:00:00,53.940002
2024-02-19 00:00:00,44.000004
2024-02-19 01:00:00,44.84
2024-02-19 02:00:00,44.79
2024-02-19 03:00:00,43.910004
2024-02-19 04:00:00,44.92
2024-02-19 05:00:00,51.57
2024-02-19 06:00:00,68.71001
2024-02-19 07:00:00,79.17
2024-02-19 08:00:00,83.9
2024-02-19 09:00:00,75.08
2024-02-19 10:00:00,70.93
2024-02-19 11:00:00,69.3
2024-02-19 12:00:00,61.280003
2024-02-19 13:00:00,54.84
2024-02-19 14:00:00,54.68
2024-02-19 15:00:00,57.140003
2024-02-19 16:00:00,62.91
2024-02-19 17:00:00,72.04
2024-02-19 18:00:00,97.54
2024-02-19 19:00:00,80.07
2024-02-19 20:00:00,72.04
2024-02-19 21:00:00,67.51
2024-02-19 22:00:00,66.27
2024-02-19 23:00:00,59.070004
2024-02-20 00:00:00,58.060005
2024-02-20 01:00:00,54.32
2024-02-20 02:00:00,53.96
2024-02-20 03:00:00,54.650005
2024-02-20 04:00:00,53.02
2024-02-20 05:00:00,54.85
2024-02-20 06:00:00,70.89
2024-02-20 07:00:00,79.11
2024-02-20 08:00:00,85.29
2024-02-20 09:00:00,78.71
2024-02-20 10:00:00,69.86
2024-02-20 11:00:00,60.98
2024-02-20 12:00:00,53.63
2024-02-20 13:00:00,51.67
2024-02-20 14:00:00,52.04
2024-02-20 15:00:00,56.270004
2024-02-20 16:00:00,61.5
2024-02-20 17:00:00,66.02
2024-02-20 18:00:00,71.59
2024-02-20 19:00:00,75.31
2024-02-20 20:00:00,68.44
2024-02-20 21:00:00,65.92
2024-02-20 22:00:00,65.73001
2024-02-20 23:00:00,55.3
2024-02-21 00:00:00,53.95
2024-02-21 01:00:00,49.99
2024-02-21 02:00:00,46.9
2024-02-21 03:00:00,44.85
2024-02-21 04:00:00,45.510002
2024-02-21 05:00:00,50.14
2024-02-21 06:00:00,63.1
2024-02-21 07:00:00,74.24
2024-02-21 08:00:00,80.1
2024-02-21 09:00:00,67.53
2024-02-21 10:00:00,64.100006
2024-02-21 11:00:00,60.39
2024-02-21 12:00:00,53.01
2024-02-21 13:00:00,51.22
2024-02-21 14:00:00,53.79
2024-02-21 15:00:00,59.84
2024-02-21 16:00:00,58.6
2024-02-21 17:00:00,60.9
2024-02-21 18:00:00,66.93
2024-02-21 19:00:00,62.340004
2024-02-21 20:00:00,53.41
2024-02-21 21:00:00,46.890003
2024-02-21 22:00:00,42.720005
2024-02-21 23:00:00,36.22
2024-02-22 00:00:00,31.690002
2024-02-22 01:00:00,28.330002
2024-02-22 02:00:00,28.37001
2024-02-22 03:00:00,27.339996
2024-02-22 04:00:00,24.080002
2024-02-22 05:00:00,40.86
2024-02-22 06:00:00,57.22
2024-02-22 07:00:00,67.99
2024-02-22 08:00:00,77.07
2024-02-22 09:00:00,69.1
2024-02-22 10:00:00,56.83
2024-02-22 11:00:00,58.72
2024-02-22 12:00:00,54.23
2024-02-22 13:00:00,48.72
2024-02-22 14:00:00,55.78
2024-02-22 15:00:00,52.95
2024-02-22 16:00:00,47.030003
2024-02-22 17:00:00,52.8
2024-02-22 18:00:00,60.43
2024-02-22 19:00:00,55.27
2024-02-22 20:00:00,44.320004
2024-02-22 21:00:00,29.989998
2024-02-22 22:00:00,18.0
2024-02-22 23:00:00,7.050003
2024-02-23 00:00:00,9.400002
2024-02-23 01:00:00,2.5999985
2024-02-23 02:00:00,2.3300018
2024-02-23 03:00:00,1.0699997
2024-02-23 04:00:00,1.2699966
2024-02-23 05:00:00,3.6500015
2024-02-23 06:00:00,41.17
2024-02-23 07:00:00,59.070004
2024-02-23 08:00:00,61.01
2024-02-23 09:00:00,53.81
2024-02-23 10:00:00,47.78
2024-02-23 11:00:00,42.890003
2024-02-23 12:00:00,38.479996
2024-02-23 13:00:00,34.53
2024-02-23 14:00:00,39.869995
2024-02-23 15:00:00,50.1
2024-02-23 16:00:00,63.5
2024-02-23 17:00:00,73.03
2024-02-23 18:00:00,86.44
2024-02-23 19:00:00,84.01
2024-02-23 20:00:00,72.97
2024-02-23 21:00:00,69.26
2024-02-23 22:00:00,67.98
2024-02-23 23:00:00,65.1
2024-02-24 00:00:00,66.47
2024-02-24 01:00:00,63.9
2024-02-24 02:00:00,59.5
2024-02-24 03:00:00,55.2
2024-02-24 04:00:00,55.39
2024-02-24 05:00:00,57.1
2024-02-24 06:00:00,61.67
2024-02-24 07:00:00,66.11
2024-02-24 08:00:00,64.4
2024-02-24 09:00:00,57.6
2024-02-24 10:00:00,49.150005
2024-02-24 11:00:00,45.77
2024-02-24 12:00:00,40.310005
2024-02-24 13:00:00,32.22
2024-02-24 14:00:00,37.6
2024-02-24 15:00:00,45.0
2024-02-24 16:00:00,55.960003
2024-02-24 17:00:00,72.56
2024-02-24 18:00:00,81.34
2024-02-24 19:00:00,74.13
2024-02-24 20:00:00,65.17
2024-02-24 21:00:00,59.94
2024-02-24 22:00:00,58.99
2024-02-24 23:00:00,56.39
2024-02-25 00:00:00,56.57
2024-02-25 01:00:00,55.44
2024-02-25 02:00:00,55.400005
2024-02-25 03:00:00,54.9
2024-02-25 04:00:00,55.2
2024-02-25 05:00:00,55.070004
2024-02-25 06:00:00,57.19
2024-02-25 07:00:00,59.92
2024-02-25 08:00:00,65.04
2024-02-25 09:00:00,64.28
2024-02-25 10:00:00,56.670002
2024-02-25 11:00:00,54.36
2024-02-25 12:00:00,50.0
2024-02-25 13:00:00,46.03
2024-02-25 14:00:00,49.84
2024-02-25 15:00:00,55.000004
2024-02-25 16:00:00,68.54
2024-02-25 17:00:00,84.57
2024-02-25 18:00:00,85.17
2024-02-25 19:00:00,77.52
2024-02-25 20:00:00,69.78
2024-02-25 21:00:00,65.11
2024-02-25 22:00:00,65.23
2024-02-25 23:00:00,58.38
2024-02-26 00:00:00,57.83
2024-02-26 01:00:00,56.82
2024-02-26 02:00:00,55.69
2024-02-26 03:00:00,51.800003
2024-02-26 04:00:00,52.84
2024-02-26 05:00:00,57.92
2024-02-26 06:00:00,65.52
2024-02-26 07:00:00,76.73
2024-02-26 08:00:00,81.6
2024-02-26 09:00:00,73.83
2024-02-26 10:00:00,66.65
2024-02-26 11:00:00,65.03
2024-02-26 12:00:00,58.42
2024-02-26 13:00:00,58.19
2024-02-26 14:00:00,61.29
2024-02-26 15:00:00,64.95
2024-02-26 16:00:00,69.66
2024-02-26 17:00:00,77.0
2024-02-26 18:00:00,85.37
2024-02-26 19:00:00,81.27
2024-02-26 20:00:00,72.67
2024-02-26 21:00:00,65.85
2024-02-26 22:00:00,65.21
2024-02-26 23:00:00,60.760002
2024-02-27 00:00:00,57.62
2024-02-27 01:00:00,57.55
2024-02-27 02:00:00,57.350002
2024-02-27 03:00:00,56.87
2024-02-27 04:00:00,57.350002
2024-02-27 05:00:00,61.92
2024-02-27 06:00:00,69.14
2024-02-27 07:00:00,80.62
2024-02-27 08:00:00,92.92
2024-02-27 09:00:00,80.81
2024-02-27 10:00:00,68.71001
2024-02-27 11:00:00,63.330006
2024-02-27 12:00:00,57.66
2024-02-27 13:00:00,57.7
2024-02-27 14:00:00,61.11
2024-02-27 15:00:00,63.87
2024-02-27 16:00:00,63.0
2024-02-27 17:00:00,76.18
2024-02-27 18:00:00,103.17
2024-02-27 19:00:00,105.17
2024-02-27 20:00:00,84.49
2024-02-27 21:00:00,72.65
2024-02-27 22:00:00,70.35
2024-02-27 23:00:00,64.97
2024-02-28 00:00:00,60.36
2024-02-28 01:00:00,59.400005
2024-02-28 02:00:00,61.34
2024-02-28 03:00:00,63.46
2024-02-28 04:00:00,63.78
2024-02-28 05:00:00,67.52
2024-02-28 06:00:00,72.38
2024-02-28 07:00:00,88.39
2024-02-28 08:00:00,104.49
2024-02-28 09:00:00,85.46
2024-02-28 10:00:00,73.99
2024-02-28 11:00:00,67.55
2024-02-28 12:00:00,63.93
2024-02-28 13:00:00,58.5
2024-02-28 14:00:00,58.63
2024-02-28 15:00:00,58.63
2024-02-28 16:00:00,60.880005
2024-02-28 17:00:00,66.2
2024-02-28 18:00:00,82.8
2024-02-28 19:00:00,78.5
2024-02-28 20:00:00,66.01001
2024-02-28 21:00:00,63.14
2024-02-28 22:00:00,64.31
2024-02-28 23:00:00,55.37
2024-02-29 00:00:00,55.19
2024-02-29 01:00:00,53.41
2024-02-29 02:00:00,50.16
2024-02-29 03:00:00,47.15
2024-02-29 04:00:00,44.24
2024-02-29 05:00:00,48.510002
2024-02-29 06:00:00,62.2
2024-02-29 07:00:00,73.98
2024-02-29 08:00:00,74.3
2024-02-29 09:00:00,70.53
2024-02-29 10:00:00,65.65
2024-02-29 11:00:00,65.6
2024-02-29 12:00:00,58.99
2024-02-29 13:00:00,57.03
2024-02-29 14:00:00,59.2
2024-02-29 15:00:00,65.21
2024-02-29 16:00:00,71.66
2024-02-29 17:00:00,74.48
2024-02-29 18:00:00,86.26
2024-02-29 19:00:00,80.99
2024-02-29 20:00:00,72.77
2024-02-29 21:00:00,67.25
2024-02-29 22:00:00,64.9
2024-02-29 23:00:00,60.9
2024-03-01 00:00:00,62.04
2024-03-01 01:00:00,61.420002
2024-03-01 02:00:00,58.14
2024-03-01 03:00:00,57.83
2024-03-01 04:00:00,58.3
2024-03-01 05:00:00,62.49
2024-03-01 06:00:00,71.58
2024-03-01 07:00:00,79.36
2024-03-01 08:00:00,87.8
2024-03-01 09:00:00,79.83
2024-03-01 10:00:00,66.53
2024-03-01 11:00:00,64.76
2024-03-01 12:00:00,63.160004
2024-03-01 13:00:00,68.2
2024-03-01 14:00:00,66.89
2024-03-01 15:00:00,67.2
2024-03-01 16:00:00,72.49
2024-03-01 17:00:00,89.4
2024-03-01 18:00:00,91.88
2024-03-01 19:00:00,87.19
2024-03-01 20:00:00,77.49
2024-03-01 21:00:00,71.62
2024-03-01 22:00:00,70.06
2024-03-01 23:00:00,66.39
2024-03-02 00:00:00,59.95
2024-03-02 01:00:00,56.03
2024-03-02 02:00:00,56.02
2024-03-02 03:00:00,55.48
2024-03-02 04:00:00,54.88
2024-03-02 05:00:00,55.990005
2024-03-02 06:00:00,56.580006
2024-03-02 07:00:00,60.67
2024-03-02 08:00:00,63.76
2024-03-02 09:00:00,65.75
2024-03-02 10:00:00,60.44
2024-03-02 11:00:00,61.1
2024-03-02 12:00:00,57.85
2024-03-02 13:00:00,54.9
2024-03-02 14:00:00,59.86
2024-03-02 15:00:00,66.08
2024-03-02 16:00:00,73.0
2024-03-02 17:00:00,81.61
2024-03-02 18:00:00,93.6
2024-03-02 19:00:00,89.9
2024-03-02 20:00:00,76.98
2024-03-02 21:00:00,72.8
2024-03-02 22:00:00,84.9
2024-03-02 23:00:00,79.4
2024-03-03 00:00:00,63.7
2024-03-03 01:00:00,68.8
2024-03-03 02:00:00,66.74
2024-03-03 03:00:00,57.91
2024-03-03 04:00:00,55.48
2024-03-03 05:00:00,58.880005
2024-03-03 06:00:00,65.05
2024-03-03 07:00:00,68.97
2024-03-03 08:00:00,69.9
2024-03-03 09:00:00,70.36
2024-03-03 10:00:00,71.24
2024-03-03 11:00:00,70.51
2024-03-03 12:00:00,54.02
2024-03-03 13:00:00,42.51
2024-03-03 14:00:00,46.840004
2024-03-03 15:00:00,55.58
2024-03-03 16:00:00,60.28
2024-03-03 17:00:00,80.0
2024-03-03 18:00:00,92.01
2024-03-03 19:00:00,86.96
2024-03-03 20:00:00,81.8
2024-03-03 21:00:00,75.0
2024-03-03 22:00:00,72.18
2024-03-03 23:00:00,72.42
2024-03-04 00:00:00,69.13
2024-03-04 01:00:00,67.9
2024-03-04 02:00:00,67.41
2024-03-04 03:00:00,66.22
2024-03-04 04:00:00,65.59
2024-03-04 05:00:00,70.83
2024-03-04 06:00:00,81.18
2024-03-04 07:00:00,96.67
2024-03-04 08:00:00,102.97
2024-03-04 09:00:00,85.02
2024-03-04 10:00:00,72.16
2024-03-04 11:00:00,65.07
2024-03-04 12:00:00,63.93
2024-03-04 13:00:00,61.14
2024-03-04 14:00:00,62.5
2024-03-04 15:00:00,69.86
2024-03-04 16:00:00,79.18
2024-03-04 17:00:00,99.4
2024-03-04 18:00:00,105.18
2024-03-04 19:00:00,99.13
2024-03-04 20:00:00,80.52
2024-03-04 21:00:00,71.39
2024-03-04 22:00:00,67.49
2024-03-04 23:00:00,63.93
2024-03-05 00:00:00,61.960003
2024-03-05 01:00:00,61.67
2024-03-05 02:00:00,61.330006
2024-03-05 03:00:00,59.86
2024-03-05 04:00:00,60.56
2024-03-05 05:00:00,61.67
2024-03-05 06:00:00,71.53
2024-03-05 07:00:00,79.28
2024-03-05 08:00:00,83.02
2024-03-05 09:00:00,77.0
2024-03-05 10:00:00,71.15
2024-03-05 11:00:00,69.72
2024-03-05 12:00:00,66.06
2024-03-05 13:00:00,65.91
2024-03-05 14:00:00,69.71
2024-03-05 15:00:00,70.850006
2024-03-05 16:00:00,76.33
2024-03-05 17:00:00,82.41
2024-03-05 18:00:00,104.49
2024-03-05 19:00:00,126.68
2024-03-05 20:00:00,105.2
2024-03-05 21:00:00,90.68
2024-03-05 22:00:00,86.1
2024-03-05 23:00:00,72.98
2024-03-06 00:00:00,71.0
2024-03-06 01:00:00,70.7
2024-03-06 02:00:00,70.46
2024-03-06 03:00:00,69.74
2024-03-06 04:00:00,70.46
2024-03-06 05:00:00,73.91
2024-03-06 06:00:00,83.98
2024-03-06 07:00:00,106.64
2024-03-06 08:00:00,108.7
2024-03-06 09:00:00,87.21
2024-03-06 10:00:00,76.1
2024-03-06 11:00:00,72.17
2024-03-06 12:00:00,69.35
2024-03-06 13:00:00,69.29
2024-03-06 14:00:00,70.64
2024-03-06 15:00:00,72.3
2024-03-06 16:00:00,77.01
2024-03-06 17:00:00,87.09
2024-03-06 18:00:00,117.8
2024-03-06 19:00:00,119.26
2024-03-06 20:00:00,93.44
2024-03-06 21:00:00,80.15
2024-03-06 22:00:00,77.98
2024-03-06 23:00:00,74.34
2024-03-07 00:00:00,73.33
2024-03-07 01:00:00,72.32
2024-03-07 02:00:00,70.34
2024-03-07 03:00:00,68.71001
2024-03-07 04:00:00,69.89
2024-03-07 05:00:00,73.13
2024-03-07 06:00:00,84.27
2024-03-07 07:00:00,103.2
2024-03-07 08:00:00,96.7
2024-03-07 09:00:00,79.09
2024-03-07 10:00:00,71.31
2024-03-07 11:00:00,66.16
2024-03-07 12:00:00,61.58
2024-03-07 13:00:00,59.990005
2024-03-07 14:00:00,63.25
2024-03-07 15:00:00,65.3
2024-03-07 16:00:00,69.4
2024-03-07 17:00:00,87.6
2024-03-07 18:00:00,104.1
2024-03-07 19:00:00,90.59
2024-03-07 20:00:00,83.29
2024-03-07 21:00:00,73.37
2024-03-07 22:00:00,73.38
2024-03-07 23:00:00,67.79
2024-03-08 00:00:00,68.49
2024-03-08 01:00:00,66.96
2024-03-08 02:00:00,67.01
2024-03-08 03:00:00,65.99
2024-03-08 04:00:00,65.0
2024-03-08 05:00:00,67.1
2024-03-08 06:00:00,78.79
2024-03-08 07:00:00,94.81
2024-03-08 08:00:00,88.89
2024-03-08 09:00:00,74.36
2024-03-08 10:00:00,59.66
2024-03-08 11:00:00,52.250004
2024-03-08 12:00:00,42.940002
2024-03-08 13:00:00,25.000008
2024-03-08 14:00:00,44.06
2024-03-08 15:00:00,48.91
2024-03-08 16:00:00,56.46
2024-03-08 17:00:00,72.8
2024-03-08 18:00:00,84.51
2024-03-08 19:00:00,80.81
2024-03-08 20:00:00,71.95
2024-03-08 21:00:00,65.29
2024-03-08 22:00:00,65.17
2024-03-08 23:00:00,60.04
2024-03-09 00:00:00,56.71
2024-03-09 01:00:00,55.05
2024-03-09 02:00:00,53.870003
2024-03-09 03:00:00,52.690002
2024-03-09 04:00:00,48.76
2024-03-09 05:00:00,47.96
2024-03-09 06:00:00,50.66
2024-03-09 07:00:00,53.06
2024-03-09 08:00:00,53.06
2024-03-09 09:00:00,48.120003
2024-03-09 10:00:00,38.690002
2024-03-09 11:00:00,26.440002
2024-03-09 12:00:00,15.850006
2024-03-09 13:00:00,15.669998
2024-03-09 14:00:00,28.160004
2024-03-09 15:00:00,28.57
2024-03-09 16:00:00,52.650005
2024-03-09 17:00:00,69.66
2024-03-09 18:00:00,78.17
2024-03-09 19:00:00,79.03
2024-03-09 20:00:00,70.0
2024-03-09 21:00:00,60.47
2024-03-09 22:00:00,67.64
2024-03-09 23:00:00,68.3
2024-03-10 00:00:00,48.65
2024-03-10 01:00:00,46.06
2024-03-10 02:00:00,40.98
2024-03-10 03:00:00,35.550003
2024-03-10 04:00:00,32.39
2024-03-10 05:00:00,32.28
2024-03-10 06:00:00,33.910004
2024-03-10 07:00:00,39.490005
2024-03-10 08:00:00,55.58
2024-03-10 09:00:00,69.69
2024-03-10 10:00:00,60.100002
2024-03-10 11:00:00,80.97
2024-03-10 12:00:00,90.9
2024-03-10 13:00:00,80.8
2024-03-10 14:00:00,65.17
2024-03-10 15:00:00,65.85
2024-03-10 16:00:00,70.2
2024-03-10 17:00:00,84.92
2024-03-10 18:00:00,87.3
2024-03-10 19:00:00,106.4
2024-03-10 20:00:00,95.6
2024-03-10 21:00:00,87.3
2024-03-10 22:00:00,86.83
2024-03-10 23:00:00,82.27
2024-03-11 00:00:00,64.8
2024-03-11 01:00:00,63.0
2024-03-11 02:00:00,56.61
2024-03-11 03:00:00,54.810005
2024-03-11 04:00:00,53.51
2024-03-11 05:00:00,57.000004
2024-03-11 06:00:00,76.69
2024-03-11 07:00:00,82.76
2024-03-11 08:00:00,85.71
2024-03-11 09:00:00,82.57
2024-03-11 10:00:00,76.61
2024-03-11 11:00:00,68.520004
2024-03-11 12:00:00,68.8
2024-03-11 13:00:00,66.96
2024-03-11 14:00:00,67.0
2024-03-11 15:00:00,73.43
2024-03-11 16:00:00,75.76
2024-03-11 17:00:00,85.58
2024-03-11 18:00:00,98.71
2024-03-11 19:00:00,107.98
2024-03-11 20:00:00,87.99
2024-03-11 21:00:00,76.68
2024-03-11 22:00:00,75.02
2024-03-11 23:00:00,67.08
2024-03-12 00:00:00,69.18
2024-03-12 01:00:00,65.56
2024-03-12 02:00:00,66.51
2024-03-12 03:00:00,65.2
2024-03-12 04:00:00,64.23
2024-03-12 05:00:00,69.39
2024-03-12 06:00:00,78.88
2024-03-12 07:00:00,92.36
2024-03-12 08:00:00,100.3
2024-03-12 09:00:00,93.8
2024-03-12 10:00:00,84.07
2024-03-12 11:00:00,74.93
2024-03-12 12:00:00,73.89
2024-03-12 13:00:00,71.31
2024-03-12 14:00:00,71.84
2024-03-12 15:00:00,77.38
2024-03-12 16:00:00,80.0
2024-03-12 17:00:00,76.24
2024-03-12 18:00:00,87.0
2024-03-12 19:00:00,105.01
2024-03-12 20:00:00,87.93
2024-03-12 21:00:00,77.16
2024-03-12 22:00:00,74.94
2024-03-12 23:00:00,64.91
2024-03-13 00:00:00,58.14
2024-03-13 01:00:00,54.54
2024-03-13 02:00:00,52.790005
2024-03-13 03:00:00,51.29
2024-03-13 04:00:00,51.25
2024-03-13 05:00:00,56.66
2024-03-13 06:00:00,69.64
2024-03-13 07:00:00,89.29
2024-03-13 08:00:00,89.31
2024-03-13 09:00:00,75.0
2024-03-13 10:00:00,64.99
2024-03-13 11:00:00,59.210003
2024-03-13 12:00:00,55.140003
2024-03-13 13:00:00,48.55
2024-03-13 14:00:00,50.0
2024-03-13 15:00:00,53.940002
2024-03-13 16:00:00,58.14
2024-03-13 17:00:00,77.4
2024-03-13 18:00:00,91.97
2024-03-13 19:00:00,100.2
2024-03-13 20:00:00,85.18
2024-03-13 21:00:00,66.87
2024-03-13 22:00:00,68.18
2024-03-13 23:00:00,63.88
2024-03-14 00:00:00,63.29
2024-03-14 01:00:00,56.9
2024-03-14 02:00:00,57.52
2024-03-14 03:00:00,57.000004
2024-03-14 04:00:00,51.1
2024-03-14 05:00:00,57.92
2024-03-14 06:00:00,70.0
2024-03-14 07:00:00,87.05
2024-03-14 08:00:00,81.99
2024-03-14 09:00:00,65.71
2024-03-14 10:00:00,54.32
2024-03-14 11:00:00,42.23
2024-03-14 12:00:00,19.800003
2024-03-14 13:00:00,29.61
2024-03-14 14:00:00,42.820004
2024-03-14 15:00:00,47.24
2024-03-14 16:00:00,51.03
2024-03-14 17:00:00,71.14
2024-03-14 18:00:00,85.43
2024-03-14 19:00:00,87.45
2024-03-14 20:00:00,74.11
2024-03-14 21:00:00,62.83
2024-03-14 22:00:00,59.610004
2024-03-14 23:00:00,50.0
2024-03-15 00:00:00,46.870003
2024-03-15 01:00:00,42.21
2024-03-15 02:00:00,41.220005
2024-03-15 03:00:00,37.630005
2024-03-15 04:00:00,31.230003
2024-03-15 05:00:00,36.450005
2024-03-15 06:00:00,48.250004
2024-03-15 07:00:00,58.4
2024-03-15 08:00:00,64.73
2024-03-15 09:00:00,53.800003
2024-03-15 10:00:00,44.54
2024-03-15 11:00:00,37.92
2024-03-15 12:00:00,33.479996
2024-03-15 13:00:00,30.360008
2024-03-15 14:00:00,26.740005
2024-03-15 15:00:00,25.510002
2024-03-15 16:00:00,40.420002
2024-03-15 17:00:00,53.79
2024-03-15 18:00:00,64.11
2024-03-15 19:00:00,88.0
2024-03-15 20:00:00,64.29001
2024-03-15 21:00:00,55.5
2024-03-15 22:00:00,56.38
2024-03-15 23:00:00,49.450005
2024-03-16 00:00:00,44.31
2024-03-16 01:00:00,42.150005
2024-03-16 02:00:00,40.69
2024-03-16 03:00:00,38.93
2024-03-16 04:00:00,38.759995
2024-03-16 05:00:00,40.55
2024-03-16 06:00:00,47.68
2024-03-16 07:00:00,54.130005
2024-03-16 08:00:00,53.11
2024-03-16 09:00:00,47.010002
2024-03-16 10:00:00,44.88
2024-03-16 11:00:00,41.660004
2024-03-16 12:00:00,36.870003
2024-03-16 13:00:00,21.560005
2024-03-16 14:00:00,13.739998
2024-03-16 15:00:00,32.47
2024-03-16 16:00:00,50.27
2024-03-16 17:00:00,74.04
2024-03-16 18:00:00,85.35
2024-03-16 19:00:00,94.48
2024-03-16 20:00:00,84.12
2024-03-16 21:00:00,73.5
2024-03-16 22:00:00,72.84
2024-03-16 23:00:00,67.1
2024-03-17 00:00:00,64.99
2024-03-17 01:00:00,60.0
2024-03-17 02:00:00,55.140003
2024-03-17 03:00:00,50.51
2024-03-17 04:00:00,47.59
2024-03-17 05:00:00,52.07
2024-03-17 06:00:00,47.92
2024-03-17 07:00:00,51.43
2024-03-17 08:00:00,44.85
2024-03-17 09:00:00,47.06
2024-03-17 10:00:00,45.28
2024-03-17 11:00:00,45.870003
2024-03-17 12:00:00,41.760002
2024-03-17 13:00:00,40.0
2024-03-17 14:00:00,47.790005
2024-03-17 15:00:00,55.78
2024-03-17 16:00:00,47.59
2024-03-17 17:00:00,71.12
2024-03-17 18:00:00,69.67
2024-03-17 19:00:00,82.69
2024-03-17 20:00:00,77.89
2024-03-17 21:00:00,72.33
2024-03-17 22:00:00,72.1
2024-03-17 23:00:00,65.91
2024-03-18 00:00:00,64.12
2024-03-18 01:00:00,57.140003
2024-03-18 02:00:00,58.31
2024-03-18 03:00:00,52.83
2024-03-18 04:00:00,51.63
2024-03-18 05:00:00,52.36
2024-03-18 06:00:00,69.93
2024-03-18 07:00:00,96.5
2024-03-18 08:00:00,94.45
2024-03-18 09:00:00,82.8
2024-03-18 10:00:00,72.83
2024-03-18 11:00:00,66.64
2024-03-18 12:00:00,64.45
2024-03-18 13:00:00,56.54
2024-03-18 14:00:00,47.15
2024-03-18 15:00:00,49.28
2024-03-18 16:00:00,54.75
2024-03-18 17:00:00,67.32
2024-03-18 18:00:00,109.0
2024-03-18 19:00:00,125.6
2024-03-18 20:00:00,102.86
2024-03-18 21:00:00,79.4
2024-03-18 22:00:00,77.62
2024-03-18 23:00:00,71.64
2024-03-19 00:00:00,70.0
2024-03-19 01:00:00,66.92
2024-03-19 02:00:00,63.28
2024-03-19 03:00:00,60.810005
2024-03-19 04:00:00,58.43
2024-03-19 05:00:00,62.410004
2024-03-19 06:00:00,79.87
2024-03-19 07:00:00,104.89
2024-03-19 08:00:00,95.87
2024-03-19 09:00:00,72.06
2024-03-19 10:00:00,59.66
2024-03-19 11:00:00,53.44
2024-03-19 12:00:00,50.11
2024-03-19 13:00:00,44.81
2024-03-19 14:00:00,45.130005
2024-03-19 15:00:00,49.26
2024-03-19 16:00:00,54.37
2024-03-19 17:00:00,77.23
2024-03-19 18:00:00,98.6
2024-03-19 19:00:00,128.96
2024-03-19 20:00:00,110.0
2024-03-19 21:00:00,89.06
2024-03-19 22:00:00,81.73
2024-03-19 23:00:00,76.1
2024-03-20 00:00:00,76.01
2024-03-20 01:00:00,70.44
2024-03-20 02:00:00,65.76
2024-03-20 03:00:00,58.810005
2024-03-20 04:00:00,60.0
2024-03-20 05:00:00,66.77
2024-03-20 06:00:00,93.3
2024-03-20 07:00:00,103.15
2024-03-20 08:00:00,98.92
2024-03-20 09:00:00,70.84
2024-03-20 10:00:00,61.750004
2024-03-20 11:00:00,57.18
2024-03-20 12:00:00,62.480003
2024-03-20 13:00:00,65.49
2024-03-20 14:00:00,59.090004
2024-03-20 15:00:00,64.08
2024-03-20 16:00:00,71.27
2024-03-20 17:00:00,97.86
2024-03-20 18:00:00,144.85
2024-03-20 19:00:00,141.56
2024-03-20 20:00:00,115.15
2024-03-20 21:00:00,99.38
2024-03-20 22:00:00,82.9
2024-03-20 23:00:00,78.92
2024-03-21 00:00:00,70.43001
2024-03-21 01:00:00,70.0
2024-03-21 02:00:00,64.72
2024-03-21 03:00:00,54.56
2024-03-21 04:00:00,45.86
2024-03-21 05:00:00,46.800003
2024-03-21 06:00:00,65.82001
2024-03-21 07:00:00,89.07
2024-03-21 08:00:00,101.1
2024-03-21 09:00:00,80.42
2024-03-21 10:00:00,72.41
2024-03-21 11:00:00,63.34
2024-03-21 12:00:00,62.150005
2024-03-21 13:00:00,53.98
2024-03-21 14:00:00,54.43
2024-03-21 15:00:00,44.73
2024-03-21 16:00:00,53.44
2024-03-21 17:00:00,71.130005
2024-03-21 18:00:00,101.08
2024-03-21 19:00:00,115.41
2024-03-21 20:00:00,91.31
2024-03-21 21:00:00,69.71
2024-03-21 22:00:00,61.400005
2024-03-21 23:00:00,52.12
2024-03-22 00:00:00,44.5
2024-03-22 01:00:00,42.14
2024-03-22 02:00:00,39.259995
2024-03-22 03:00:00,34.36001
2024-03-22 04:00:00,30.370003
2024-03-22 05:00:00,34.97
2024-03-22 06:00:00,45.95
2024-03-22 07:00:00,61.020004
2024-03-22 08:00:00,64.01001
2024-03-22 09:00:00,44.86
2024-03-22 10:00:00,40.369995
2024-03-22 11:00:00,50.76
2024-03-22 12:00:00,49.940002
2024-03-22 13:00:00,60.8
2024-03-22 14:00:00,61.1
2024-03-22 15:00:00,65.6
2024-03-22 16:00:00,64.4
2024-03-22 17:00:00,76.8
2024-03-22 18:00:00,84.53
2024-03-22 19:00:00,94.95
2024-03-22 20:00:00,87.9
2024-03-22 21:00:00,56.39
2024-03-22 22:00:00,52.35
2024-03-22 23:00:00,48.390003
2024-03-23 00:00:00,45.530003
2024-03-23 01:00:00,42.820004
2024-03-23 02:00:00,27.64
2024-03-23 03:00:00,23.620003
2024-03-23 04:00:00,21.46
2024-03-23 05:00:00,21.720001
2024-03-23 06:00:00,22.580002
2024-03-23 07:00:00,21.919998
2024-03-23 08:00:00,19.370003
2024-03-23 09:00:00,5.260002
2024-03-23 10:00:00,0.010002136
2024-03-23 11:00:00,-0.049995422
2024-03-23 12:00:00,0.20000458
2024-03-23 13:00:00,-0.1499939
2024-03-23 14:00:00,-7.9499893
2024-03-23 15:00:00,-0.9300003
2024-03-23 16:00:00,-1.4700012
2024-03-23 17:00:00,18.270004
2024-03-23 18:00:00,41.320004
2024-03-23 19:00:00,52.96
2024-03-23 20:00:00,44.970005
2024-03-23 21:00:00,36.520004
2024-03-23 22:00:00,33.17
2024-03-23 23:00:00,25.190002
2024-03-24 00:00:00,15.020004
2024-03-24 01:00:00,7.300003
2024-03-24 02:00:00,6.1600037
2024-03-24 03:00:00,4.800003
2024-03-24 04:00:00,4.890007
2024-03-24 05:00:00,4.51001
2024-03-24 06:00:00,4.1800003
2024-03-24 07:00:00,1.1900024
2024-03-24 08:00:00,0.0
2024-03-24 09:00:00,0.0
2024-03-24 10:00:00,0.0
2024-03-24 11:00:00,0.0
2024-03-24 12:00:00,0.0
2024-03-24 13:00:00,0.0
2024-03-24 14:00:00,0.0
2024-03-24 15:00:00,0.0
2024-03-24 16:00:00,3.8899994
2024-03-24 17:00:00,34.35
2024-03-24 18:00:00,62.91
2024-03-24 19:00:00,74.9
2024-03-24 20:00:00,66.44
2024-03-24 21:00:00,66.0
2024-03-24 22:00:00,63.05
2024-03-24 23:00:00,63.11
2024-03-25 00:00:00,62.66
2024-03-25 01:00:00,58.45
2024-03-25 02:00:00,57.74
2024-03-25 03:00:00,60.53
2024-03-25 04:00:00,59.26
2024-03-25 05:00:00,71.66
2024-03-25 06:00:00,86.59
2024-03-25 07:00:00,113.87
2024-03-25 08:00:00,99.68
2024-03-25 09:00:00,62.620003
2024-03-25 10:00:00,52.530003
2024-03-25 11:00:00,47.2
2024-03-25 12:00:00,46.35
2024-03-25 13:00:00,43.53
2024-03-25 14:00:00,45.14
2024-03-25 15:00:00,51.450005
2024-03-25 16:00:00,59.23
2024-03-25 17:00:00,83.28
2024-03-25 18:00:00,137.6
2024-03-25 19:00:00,129.65
2024-03-25 20:00:00,76.85
2024-03-25 21:00:00,65.02
2024-03-25 22:00:00,66.14
2024-03-25 23:00:00,65.1
2024-03-26 00:00:00,61.57
2024-03-26 01:00:00,53.83
2024-03-26 02:00:00,47.08
2024-03-26 03:00:00,45.710003
2024-03-26 04:00:00,57.74
2024-03-26 05:00:00,62.290005
2024-03-26 06:00:00,75.33
2024-03-26 07:00:00,79.2
2024-03-26 08:00:00,72.08
2024-03-26 09:00:00,62.0
2024-03-26 10:00:00,49.500004
2024-03-26 11:00:00,37.03
2024-03-26 12:00:00,27.839996
2024-03-26 13:00:00,29.57
2024-03-26 14:00:00,37.1
2024-03-26 15:00:00,50.23
2024-03-26 16:00:00,63.74
2024-03-26 17:00:00,81.05
2024-03-26 18:00:00,103.29
2024-03-26 19:00:00,100.3
2024-03-26 20:00:00,79.23
2024-03-26 21:00:00,77.05
2024-03-26 22:00:00,69.78
2024-03-26 23:00:00,63.31
2024-03-27 00:00:00,58.35
2024-03-27 01:00:00,57.09
2024-03-27 02:00:00,57.280003
2024-03-27 03:00:00,51.08
2024-03-27 04:00:00,50.39
2024-03-27 05:00:00,44.47
2024-03-27 06:00:00,72.5
2024-03-27 07:00:00,82.77
2024-03-27 08:00:00,79.92
2024-03-27 09:00:00,68.100006
2024-03-27 10:00:00,63.71
2024-03-27 11:00:00,57.52
2024-03-27 12:00:00,54.8
2024-03-27 13:00:00,55.540005
2024-03-27 14:00:00,42.730003
2024-03-27 15:00:00,47.42
2024-03-27 16:00:00,55.22
2024-03-27 17:00:00,83.4
2024-03-27 18:00:00,104.97
2024-03-27 19:00:00,112.76
2024-03-27 20:00:00,87.78
2024-03-27 21:00:00,65.9
2024-03-27 22:00:00,63.62
2024-03-27 23:00:00,53.140003
2024-03-28 00:00:00,59.57
2024-03-28 01:00:00,41.080006
2024-03-28 02:00:00,37.240013
2024-03-28 03:00:00,36.479996
2024-03-28 04:00:00,30.14
2024-03-28 05:00:00,30.529999
2024-03-28 06:00:00,37.57
2024-03-28 07:00:00,54.88
2024-03-28 08:00:00,48.95
2024-03-28 09:00:00,42.34
2024-03-28 10:00:00,20.65001
2024-03-28 11:00:00,13.979996
2024-03-28 12:00:00,6.720001
2024-03-28 13:00:00,0.05001068
2024-03-28 14:00:00,0.02999878
2024-03-28 15:00:00,6.350006
2024-03-28 16:00:00,15.270004
2024-03-28 17:00:00,25.80001
2024-03-28 18:00:00,40.35
2024-03-28 19:00:00,62.65
2024-03-28 20:00:00,42.32
2024-03-28 21:00:00,28.21
2024-03-28 22:00:00,32.14
2024-03-28 23:00:00,25.000008
2024-03-29 00:00:00,20.599998
2024-03-29 01:00:00,18.830002
2024-03-29 02:00:00,12.43
2024-03-29 03:00:00,10.239998
2024-03-29 04:00:00,12.589996
2024-03-29 05:00:00,14.320007
2024-03-29 06:00:00,22.020004
2024-03-29 07:00:00,31.40001
2024-03-29 08:00:00,37.43
2024-03-29 09:00:00,33.089996
2024-03-29 10:00:00,22.620003
2024-03-29 11:00:00,18.79
2024-03-29 12:00:00,12.979996
2024-03-29 13:00:00,9.860001
2024-03-29 14:00:00,13.440002
2024-03-29 15:00:00,20.200005
2024-03-29 16:00:00,31.39
2024-03-29 17:00:00,61.38
2024-03-29 18:00:00,94.02
2024-03-29 19:00:00,106.06
2024-03-29 20:00:00,87.4
2024-03-29 21:00:00,70.03
2024-03-29 22:00:00,75.89
2024-03-29 23:00:00,70.0
2024-03-30 00:00:00,69.3
2024-03-30 01:00:00,58.16
2024-03-30 02:00:00,56.7
2024-03-30 03:00:00,60.66
2024-03-30 04:00:00,65.38
2024-03-30 05:00:00,65.05
2024-03-30 06:00:00,63.8
2024-03-30 07:00:00,52.930004
2024-03-30 08:00:00,48.92
2024-03-30 09:00:00,44.45
2024-03-30 10:00:00,35.910004
2024-03-30 11:00:00,24.699997
2024-03-30 12:00:00,22.900002
2024-03-30 13:00:00,11.479996
2024-03-30 14:00:00,15.940002
2024-03-30 15:00:00,38.780006
2024-03-30 16:00:00,52.52
2024-03-30 17:00:00,77.78
2024-03-30 18:00:00,90.84
2024-03-30 19:00:00,98.98
2024-03-30 20:00:00,86.99
2024-03-30 21:00:00,73.66
2024-03-30 22:00:00,70.83
2024-03-30 23:00:00,65.74
2024-03-31 00:00:00,84.33
2024-03-31 01:00:00,76.83
2024-03-31 02:00:00,64.755005
2024-03-31 03:00:00,52.68
2024-03-31 04:00:00,62.360004
2024-03-31 05:00:00,59.37
2024-03-31 06:00:00,65.92
2024-03-31 07:00:00,70.0
2024-03-31 08:00:00,70.0
2024-03-31 09:00:00,49.340004
2024-03-31 10:00:00,36.07
2024-03-31 11:00:00,28.489998
2024-03-31 12:00:00,19.489998
2024-03-31 13:00:00,2.9899979
2024-03-31 14:00:00,1.0
2024-03-31 15:00:00,13.210007
2024-03-31 16:00:00,34.130005
2024-03-31 17:00:00,54.04
2024-03-31 18:00:00,63.36
2024-03-31 19:00:00,92.98
2024-03-31 20:00:00,70.84
2024-03-31 21:00:00,47.010002
2024-03-31 22:00:00,43.700005
2024-03-31 23:00:00,50.29
2024-04-01 00:00:00,50.32
2024-04-01 01:00:00,44.390003
2024-04-01 02:00:00,37.29
2024-04-01 03:00:00,31.64
2024-04-01 04:00:00,29.650002
2024-04-01 05:00:00,44.43
2024-04-01 06:00:00,37.18
2024-04-01 07:00:00,38.850006
2024-04-01 08:00:00,39.29
2024-04-01 09:00:00,37.5
2024-04-01 10:00:00,30.599998
2024-04-01 11:00:00,13.989998
2024-04-01 12:00:00,3.1600037
2024-04-01 13:00:00,0.02999878
2024-04-01 14:00:00,-0.009994507
2024-04-01 15:00:00,-0.009994507
2024-04-01 16:00:00,-0.009994507
2024-04-01 17:00:00,5.7900085
2024-04-01 18:00:00,30.339996
2024-04-01 19:00:00,53.990005
2024-04-01 20:00:00,52.81
2024-04-01 21:00:00,48.300003
2024-04-01 22:00:00,29.980003
2024-04-01 23:00:00,14.900002
2024-04-02 00:00:00,18.61
2024-04-02 01:00:00,11.400002
2024-04-02 02:00:00,5.6500015
2024-04-02 03:00:00,2.7600021
2024-04-02 04:00:00,1.9599991
2024-04-02 05:00:00,7.279999
2024-04-02 06:00:00,35.33001
2024-04-02 07:00:00,59.97
2024-04-02 08:00:00,47.16
2024-04-02 09:00:00,25.140007
2024-04-02 10:00:00,8.660004
2024-04-02 11:00:00,7.1399994
2024-04-02 12:00:00,1.6200104
2024-04-02 13:00:00,0.3600006
2024-04-02 14:00:00,0.02999878
2024-04-02 15:00:00,0.0
2024-04-02 16:00:00,4.3099976
2024-04-02 17:00:00,22.020004
2024-04-02 18:00:00,53.81
2024-04-02 19:00:00,69.3
2024-04-02 20:00:00,90.05
2024-04-02 21:00:00,65.33
2024-04-02 22:00:00,73.25
2024-04-02 23:00:00,69.5
2024-04-03 00:00:00,40.85
2024-04-03 01:00:00,44.070004
2024-04-03 02:00:00,44.280003
2024-04-03 03:00:00,44.38
2024-04-03 04:00:00,46.930004
2024-04-03 05:00:00,44.180004
2024-04-03 06:00:00,57.000004
2024-04-03 07:00:00,80.0
2024-04-03 08:00:00,103.24
2024-04-03 09:00:00,92.33
2024-04-03 10:00:00,93.5
2024-04-03 11:00:00,81.4
2024-04-03 12:00:00,57.95
2024-04-03 13:00:00,34.17
2024-04-03 14:00:00,25.479996
2024-04-03 15:00:00,22.720001
2024-04-03 16:00:00,23.830002
2024-04-03 17:00:00,28.520004
2024-04-03 18:00:00,46.630005
2024-04-03 19:00:00,71.24
2024-04-03 20:00:00,66.09
2024-04-03 21:00:00,48.85
2024-04-03 22:00:00,45.01
2024-04-03 23:00:00,37.010002
2024-04-04 00:00:00,17.730003
2024-04-04 01:00:00,15.699997
2024-04-04 02:00:00,17.93
2024-04-04 03:00:00,18.720001
2024-04-04 04:00:00,17.410011
2024-04-04 05:00:00,20.130005
2024-04-04 06:00:00,21.669998
2024-04-04 07:00:00,31.449997
2024-04-04 08:00:00,35.0
2024-04-04 09:00:00,27.43
2024-04-04 10:00:00,35.86
2024-04-04 11:00:00,21.080002
2024-04-04 12:00:00,18.0
2024-04-04 13:00:00,16.919998
2024-04-04 14:00:00,16.71
2024-04-04 15:00:00,17.089996
2024-04-04 16:00:00,17.39
2024-04-04 17:00:00,21.150002
2024-04-04 18:00:00,36.14
2024-04-04 19:00:00,57.66
2024-04-04 20:00:00,58.47
2024-04-04 21:00:00,45.23
2024-04-04 22:00:00,42.150005
2024-04-04 23:00:00,32.990005
2024-04-05 00:00:00,35.64
2024-04-05 01:00:00,31.890007
2024-04-05 02:00:00,27.849998
2024-04-05 03:00:00,21.589996
2024-04-05 04:00:00,23.169998
2024-04-05 05:00:00,21.39
2024-04-05 06:00:00,29.470001
2024-04-05 07:00:00,42.680004
2024-04-05 08:00:00,47.070004
2024-04-05 09:00:00,35.619995
2024-04-05 10:00:00,26.740005
2024-04-05 11:00:00,13.330002
2024-04-05 12:00:00,5.4100113
2024-04-05 13:00:00,0.0
2024-04-05 14:00:00,-0.0799942
2024-04-05 15:00:00,-1.8700027
2024-04-05 16:00:00,-1.4599991
2024-04-05 17:00:00,11.610001
2024-04-05 18:00:00,27.739998
2024-04-05 19:00:00,35.04
2024-04-05 20:00:00,38.46
2024-04-05 21:00:00,33.22
2024-04-05 22:00:00,36.940002
2024-04-05 23:00:00,34.729996
2024-04-06 00:00:00,26.239998
2024-04-06 01:00:00,24.779999
2024-04-06 02:00:00,25.879997
2024-04-06 03:00:00,26.169998
2024-04-06 04:00:00,27.93
2024-04-06 05:00:00,22.699997
2024-04-06 06:00:00,21.43
2024-04-06 07:00:00,21.919998
2024-04-06 08:00:00,18.320007
2024-04-06 09:00:00,4.1100006
2024-04-06 10:00:00,-10.0
2024-04-06 11:00:00,-10.799995
2024-04-06 12:00:00,-19.999992
2024-04-06 13:00:00,-54.42
2024-04-06 14:00:00,-45.660004
2024-04-06 15:00:00,-33.009995
2024-04-06 16:00:00,-0.48999786
2024-04-06 17:00:00,2.5899963
2024-04-06 18:00:00,33.300003
2024-04-06 19:00:00,40.11
2024-04-06 20:00:00,37.97
2024-04-06 21:00:00,33.440002
2024-04-06 22:00:00,28.559998
2024-04-06 23:00:00,17.04
2024-04-07 00:00:00,6.300003
2024-04-07 01:00:00,0.11000061
2024-04-07 02:00:00,0.0
2024-04-07 03:00:00,0.0
2024-04-07 04:00:00,0.0
2024-04-07 05:00:00,0.0
2024-04-07 06:00:00,0.0
2024-04-07 07:00:00,0.0
2024-04-07 08:00:00,0.0
2024-04-07 09:00:00,-0.009994507
2024-04-07 10:00:00,-0.16000366
2024-04-07 11:00:00,-3.2600021
2024-04-07 12:00:00,-8.619995
2024-04-07 13:00:00,-23.32
2024-04-07 14:00:00,-19.949997
2024-04-07 15:00:00,-5.040001
2024-04-07 16:00:00,-0.1499939
2024-04-07 17:00:00,4.9100037
2024-04-07 18:00:00,51.32
2024-04-07 19:00:00,82.94
2024-04-07 20:00:00,69.21
2024-04-07 21:00:00,64.87
2024-04-07 22:00:00,53.660004
2024-04-07 23:00:00,44.210003
2024-04-08 00:00:00,43.3
2024-04-08 01:00:00,50.07
2024-04-08 02:00:00,46.74
2024-04-08 03:00:00,46.710003
2024-04-08 04:00:00,46.660004
2024-04-08 05:00:00,50.26
2024-04-08 06:00:00,71.63
2024-04-08 07:00:00,115.87
2024-04-08 08:00:00,119.61
2024-04-08 09:00:00,85.51
2024-04-08 10:00:00,69.89
2024-04-08 11:00:00,67.1
2024-04-08 12:00:00,65.0
2024-04-08 13:00:00,63.29
2024-04-08 14:00:00,60.5
2024-04-08 15:00:00,63.400005
2024-04-08 16:00:00,70.0
2024-04-08 17:00:00,75.01
2024-04-08 18:00:00,104.9
2024-04-08 19:00:00,137.3
2024-04-08 20:00:00,122.0
2024-04-08 21:00:00,70.0
2024-04-08 22:00:00,76.22
2024-04-08 23:00:00,65.0
2024-04-09 00:00:00,78.21
2024-04-09 01:00:00,60.0
2024-04-09 02:00:00,48.59
2024-04-09 03:00:00,38.15001
2024-04-09 04:00:00,38.54
2024-04-09 05:00:00,41.84
2024-04-09 06:00:00,41.1
2024-04-09 07:00:00,58.65
2024-04-09 08:00:00,63.05
2024-04-09 09:00:00,46.470005
2024-04-09 10:00:00,32.520004
2024-04-09 11:00:00,27.12001
2024-04-09 12:00:00,17.479996
2024-04-09 13:00:00,4.080002
2024-04-09 14:00:00,4.279999
2024-04-09 15:00:00,19.690002
2024-04-09 16:00:00,13.220001
2024-04-09 17:00:00,22.919998
2024-04-09 18:00:00,41.91
2024-04-09 19:00:00,57.73
2024-04-09 20:00:00,53.420002
2024-04-09 21:00:00,48.340004
2024-04-09 22:00:00,40.43
2024-04-09 23:00:00,25.000008
2024-04-10 00:00:00,25.840004
2024-04-10 01:00:00,6.6500015
2024-04-10 02:00:00,6.9100037
2024-04-10 03:00:00,9.089996
2024-04-10 04:00:00,20.529999
2024-04-10 05:00:00,38.22001
2024-04-10 06:00:00,69.15
2024-04-10 07:00:00,99.63
2024-04-10 08:00:00,109.28
2024-04-10 09:00:00,83.56
2024-04-10 10:00:00,67.58
2024-04-10 11:00:00,52.99
2024-04-10 12:00:00,42.51
2024-04-10 13:00:00,25.80001
2024-04-10 14:00:00,22.180008
2024-04-10 15:00:00,28.30001
2024-04-10 16:00:00,31.599998
2024-04-10 17:00:00,64.77
2024-04-10 18:00:00,77.92
2024-04-10 19:00:00,102.85
2024-04-10 20:00:00,113.8
2024-04-10 21:00:00,88.28
2024-04-10 22:00:00,72.35
2024-04-10 23:00:00,50.0
2024-04-11 00:00:00,30.489998
2024-04-11 01:00:00,22.93
2024-04-11 02:00:00,20.54
2024-04-11 03:00:00,36.64
2024-04-11 04:00:00,37.61
2024-04-11 05:00:00,32.5
2024-04-11 06:00:00,38.660004
2024-04-11 07:00:00,52.010002
2024-04-11 08:00:00,52.200005
2024-04-11 09:00:00,46.39
2024-04-11 10:00:00,33.29
2024-04-11 11:00:00,29.96
2024-04-11 12:00:00,32.770004
2024-04-11 13:00:00,31.989998
2024-04-11 14:00:00,36.11
2024-04-11 15:00:00,50.27
2024-04-11 16:00:00,66.34
2024-04-11 17:00:00,82.84
2024-04-11 18:00:00,100.7
2024-04-11 19:00:00,129.0
2024-04-11 20:00:00,113.25
2024-04-11 21:00:00,90.46
2024-04-11 22:00:00,77.67
2024-04-11 23:00:00,68.94
2024-04-12 00:00:00,55.88
2024-04-12 01:00:00,50.09
2024-04-12 02:00:00,46.940002
2024-04-12 03:00:00,45.58
2024-04-12 04:00:00,40.0
2024-04-12 05:00:00,41.28
2024-04-12 06:00:00,66.45
2024-04-12 07:00:00,87.35
2024-04-12 08:00:00,81.67
2024-04-12 09:00:00,69.3
2024-04-12 10:00:00,30.989998
2024-04-12 11:00:00,18.79
2024-04-12 12:00:00,0.0
2024-04-12 13:00:00,-0.05999756
2024-04-12 14:00:00,-0.81999207
2024-04-12 15:00:00,-0.9300003
2024-04-12 16:00:00,0.05001068
2024-04-12 17:00:00,22.82
2024-04-12 18:00:00,45.710003
2024-04-12 19:00:00,69.4
2024-04-12 20:00:00,68.07
2024-04-12 21:00:00,55.000004
2024-04-12 22:00:00,51.67
2024-04-12 23:00:00,40.74
2024-04-13 00:00:00,36.14
2024-04-13 01:00:00,28.240005
2024-04-13 02:00:00,19.599998
2024-04-13 03:00:00,13.93
2024-04-13 04:00:00,11.879997
2024-04-13 05:00:00,16.5
2024-04-13 06:00:00,20.58001
2024-04-13 07:00:00,23.890007
2024-04-13 08:00:00,19.14
2024-04-13 09:00:00,8.800003
2024-04-13 10:00:00,-0.019989014
2024-04-13 11:00:00,-9.789993
2024-04-13 12:00:00,-21.0
2024-04-13 13:00:00,-49.999985
2024-04-13 14:00:00,-55.00998
2024-04-13 15:00:00,-49.910004
2024-04-13 16:00:00,-19.089989
2024-04-13 17:00:00,-0.12999725
2024-04-13 18:00:00,14.440002
2024-04-13 19:00:00,27.960007
2024-04-13 20:00:00,38.089996
2024-04-13 21:00:00,34.89
2024-04-13 22:00:00,21.879997
2024-04-13 23:00:00,11.379997
2024-04-14 00:00:00,2.4100037
2024-04-14 01:00:00,1.6500092
2024-04-14 02:00:00,1.2099991
2024-04-14 03:00:00,1.3300018
2024-04-14 04:00:00,2.7799988
2024-04-14 05:00:00,6.1200027
2024-04-14 06:00:00,12.860008
2024-04-14 07:00:00,13.000008
2024-04-14 08:00:00,7.75
2024-04-14 09:00:00,0.0
2024-04-14 10:00:00,1.5400009
2024-04-14 11:00:00,-1.9999924
2024-04-14 12:00:00,-13.099998
2024-04-14 13:00:00,-26.970001
2024-04-14 14:00:00,-35.649994
2024-04-14 15:00:00,-39.949997
2024-04-14 16:00:00,-6.25
2024-04-14 17:00:00,1.5699997
2024-04-14 18:00:00,43.37
2024-04-14 19:00:00,86.81
2024-04-14 20:00:00,123.75
2024-04-14 21:00:00,117.0
2024-04-14 22:00:00,64.83
2024-04-14 23:00:00,53.310005
2024-04-15 00:00:00,47.75
2024-04-15 01:00:00,44.180004
2024-04-15 02:00:00,41.300003
2024-04-15 03:00:00,40.0
2024-04-15 04:00:00,39.309998
2024-04-15 05:00:00,45.26
2024-04-15 06:00:00,46.800003
2024-04-15 07:00:00,79.82
2024-04-15 08:00:00,56.0
2024-04-15 09:00:00,53.62
2024-04-15 10:00:00,10.160004
2024-04-15 11:00:00,26.770012
2024-04-15 12:00:00,25.479996
2024-04-15 13:00:00,20.849998
2024-04-15 14:00:00,9.010002
2024-04-15 15:00:00,6.600006
2024-04-15 16:00:00,2.3700027
2024-04-15 17:00:00,26.800003
2024-04-15 18:00:00,47.32
2024-04-15 19:00:00,54.02
2024-04-15 20:00:00,55.890003
2024-04-15 21:00:00,51.67
2024-04-15 22:00:00,38.67
2024-04-15 23:00:00,25.059998
2024-04-16 00:00:00,0.44000244
2024-04-16 01:00:00,0.0
2024-04-16 02:00:00,-0.23000336
2024-04-16 03:00:00,-0.26999664
2024-04-16 04:00:00,5.970009
2024-04-16 05:00:00,12.970001
2024-04-16 06:00:00,23.14
2024-04-16 07:00:00,46.750004
2024-04-16 08:00:00,51.32
2024-04-16 09:00:00,42.890003
2024-04-16 10:00:00,33.700005
2024-04-16 11:00:00,27.750008
2024-04-16 12:00:00,26.07
2024-04-16 13:00:00,16.200005
2024-04-16 14:00:00,16.32
2024-04-16 15:00:00,18.440002
2024-04-16 16:00:00,24.07
2024-04-16 17:00:00,49.320004
2024-04-16 18:00:00,61.91
2024-04-16 19:00:00,80.69
2024-04-16 20:00:00,105.0
2024-04-16 21:00:00,80.7
2024-04-16 22:00:00,80.69
2024-04-16 23:00:00,81.0
2024-04-17 00:00:00,71.52
2024-04-17 01:00:00,68.01001
2024-04-17 02:00:00,72.13
2024-04-17 03:00:00,67.5
2024-04-17 04:00:00,58.99
2024-04-17 05:00:00,63.960003
2024-04-17 06:00:00,95.47
2024-04-17 07:00:00,150.37
2024-04-17 08:00:00,137.71
2024-04-17 09:00:00,100.8
2024-04-17 10:00:00,77.87
2024-04-17 11:00:00,74.13
2024-04-17 12:00:00,70.29001
2024-04-17 13:00:00,67.08
2024-04-17 14:00:00,61.83
2024-04-17 15:00:00,60.36
2024-04-17 16:00:00,71.04
2024-04-17 17:00:00,72.32
2024-04-17 18:00:00,100.8
2024-04-17 19:00:00,124.37
2024-04-17 20:00:00,155.98
2024-04-17 21:00:00,126.32
2024-04-17 22:00:00,95.59
2024-04-17 23:00:00,84.11
2024-04-18 00:00:00,91.67
2024-04-18 01:00:00,85.71
2024-04-18 02:00:00,85.59
2024-04-18 03:00:00,83.66
2024-04-18 04:00:00,87.12
2024-04-18 05:00:00,87.36
2024-04-18 06:00:00,102.58
2024-04-18 07:00:00,143.95
2024-04-18 08:00:00,131.19
2024-04-18 09:00:00,101.12
2024-04-18 10:00:00,84.5
2024-04-18 11:00:00,71.19
2024-04-18 12:00:00,67.45
2024-04-18 13:00:00,67.05
2024-04-18 14:00:00,62.12
2024-04-18 15:00:00,55.750004
2024-04-18 16:00:00,55.38
2024-04-18 17:00:00,61.5
2024-04-18 18:00:00,81.35
2024-04-18 19:00:00,121.52
2024-04-18 20:00:00,124.94
2024-04-18 21:00:00,102.7
2024-04-18 22:00:00,89.83
2024-04-18 23:00:00,78.29
2024-04-19 00:00:00,55.76
2024-04-19 01:00:00,36.33
2024-04-19 02:00:00,34.410004
2024-04-19 03:00:00,34.780006
2024-04-19 04:00:00,26.79
2024-04-19 05:00:00,31.809998
2024-04-19 06:00:00,41.500004
2024-04-19 07:00:00,59.000004
2024-04-19 08:00:00,64.99
2024-04-19 09:00:00,52.64
2024-04-19 10:00:00,49.03
2024-04-19 11:00:00,45.58
2024-04-19 12:00:00,35.97
2024-04-19 13:00:00,43.100002
2024-04-19 14:00:00,30.989998
2024-04-19 15:00:00,32.28
2024-04-19 16:00:00,34.29001
2024-04-19 17:00:00,22.390007
2024-04-19 18:00:00,38.18
2024-04-19 19:00:00,45.600002
2024-04-19 20:00:00,51.65
2024-04-19 21:00:00,52.73
2024-04-19 22:00:00,51.13
2024-04-19 23:00:00,50.07
2024-04-20 00:00:00,44.120003
2024-04-20 01:00:00,36.35
2024-04-20 02:00:00,36.559998
2024-04-20 03:00:00,36.28
2024-04-20 04:00:00,37.93
2024-04-20 05:00:00,37.75
2024-04-20 06:00:00,38.229996
2024-04-20 07:00:00,40.79
2024-04-20 08:00:00,41.42
2024-04-20 09:00:00,35.40001
2024-04-20 10:00:00,23.11
2024-04-20 11:00:00,13.68
2024-04-20 12:00:00,8.459999
2024-04-20 13:00:00,1.8700027
2024-04-20 14:00:00,1.3199997
2024-04-20 15:00:00,3.0599976
2024-04-20 16:00:00,11.830002
2024-04-20 17:00:00,21.04
2024-04-20 18:00:00,27.150002
2024-04-20 19:00:00,38.58
2024-04-20 20:00:00,55.000004
2024-04-20 21:00:00,53.29
2024-04-20 22:00:00,53.19
2024-04-20 23:00:00,63.31
2024-04-21 00:00:00,63.62
2024-04-21 01:00:00,53.11
2024-04-21 02:00:00,58.480003
2024-04-21 03:00:00,53.77
2024-04-21 04:00:00,44.92
2024-04-21 05:00:00,41.300003
2024-04-21 06:00:00,44.61
2024-04-21 07:00:00,35.1
2024-04-21 08:00:00,27.410004
2024-04-21 09:00:00,24.410004
2024-04-21 10:00:00,9.279999
2024-04-21 11:00:00,-35.0
2024-04-21 12:00:00,-3.4899979
2024-04-21 13:00:00,-1.859993
2024-04-21 14:00:00,-1.75
2024-04-21 15:00:00,-2.5
2024-04-21 16:00:00,0.61000824
2024-04-21 17:00:00,12.900002
2024-04-21 18:00:00,31.07
2024-04-21 19:00:00,67.93
2024-04-21 20:00:00,69.99
2024-04-21 21:00:00,67.17
2024-04-21 22:00:00,65.63
2024-04-21 23:00:00,62.47
2024-04-22 00:00:00,58.010002
2024-04-22 01:00:00,78.05
2024-04-22 02:00:00,78.44
2024-04-22 03:00:00,60.550003
2024-04-22 04:00:00,56.130005
2024-04-22 05:00:00,68.99
2024-04-22 06:00:00,96.24
2024-04-22 07:00:00,127.36
2024-04-22 08:00:00,117.46
2024-04-22 09:00:00,97.05
2024-04-22 10:00:00,61.24
2024-04-22 11:00:00,41.310005
2024-04-22 12:00:00,51.76
2024-04-22 13:00:00,55.71
2024-04-22 14:00:00,39.17
2024-04-22 15:00:00,34.570007
2024-04-22 16:00:00,39.160004
2024-04-22 17:00:00,59.31
2024-04-22 18:00:00,92.66
2024-04-22 19:00:00,103.1
2024-04-22 20:00:00,122.42
2024-04-22 21:00:00,111.62
2024-04-22 22:00:00,101.34
2024-04-22 23:00:00,95.44
2024-04-23 00:00:00,88.32
2024-04-23 01:00:00,86.69
2024-04-23 02:00:00,85.95
2024-04-23 03:00:00,82.23
2024-04-23 04:00:00,79.0
2024-04-23 05:00:00,82.41
2024-04-23 06:00:00,108.38
2024-04-23 07:00:00,148.88
2024-04-23 08:00:00,136.28
2024-04-23 09:00:00,98.4
2024-04-23 10:00:00,82.78
2024-04-23 11:00:00,77.57
2024-04-23 12:00:00,76.5
2024-04-23 13:00:00,72.0
2024-04-23 14:00:00,78.62
2024-04-23 15:00:00,71.4
2024-04-23 16:00:00,71.67
2024-04-23 17:00:00,82.91
2024-04-23 18:00:00,91.36
2024-04-23 19:00:00,103.1
2024-04-23 20:00:00,104.2
2024-04-23 21:00:00,96.69
2024-04-23 22:00:00,96.51
2024-04-23 23:00:00,81.56
2024-04-24 00:00:00,75.39
2024-04-24 01:00:00,69.38
2024-04-24 02:00:00,71.19
2024-04-24 03:00:00,63.57
2024-04-24 04:00:00,60.0
2024-04-24 05:00:00,72.42
2024-04-24 06:00:00,82.3
2024-04-24 07:00:00,101.2
2024-04-24 08:00:00,107.19
2024-04-24 09:00:00,87.2
2024-04-24 10:00:00,68.35
2024-04-24 11:00:00,73.2
2024-04-24 12:00:00,76.17
2024-04-24 13:00:00,51.070004
2024-04-24 14:00:00,46.02
2024-04-24 15:00:00,44.36
2024-04-24 16:00:00,33.82
2024-04-24 17:00:00,57.13
2024-04-24 18:00:00,65.770004
2024-04-24 19:00:00,89.86
2024-04-24 20:00:00,108.15
2024-04-24 21:00:00,110.0
2024-04-24 22:00:00,99.54
2024-04-24 23:00:00,89.31
2024-04-25 00:00:00,83.5
2024-04-25 01:00:00,80.0
2024-04-25 02:00:00,77.38
2024-04-25 03:00:00,72.8
2024-04-25 04:00:00,70.07
2024-04-25 05:00:00,82.11
2024-04-25 06:00:00,90.46
2024-04-25 07:00:00,112.5
2024-04-25 08:00:00,108.34
2024-04-25 09:00:00,92.11
2024-04-25 10:00:00,80.01
2024-04-25 11:00:00,78.2
2024-04-25 12:00:00,73.92
2024-04-25 13:00:00,63.06
2024-04-25 14:00:00,59.29
2024-04-25 15:00:00,62.28
2024-04-25 16:00:00,66.48001
2024-04-25 17:00:00,73.54
2024-04-25 18:00:00,91.99
2024-04-25 19:00:00,103.78
2024-04-25 20:00:00,119.8
2024-04-25 21:00:00,111.87
2024-04-25 22:00:00,91.35
2024-04-25 23:00:00,79.74
2024-04-26 00:00:00,79.87
2024-04-26 01:00:00,74.0
2024-04-26 02:00:00,71.41
2024-04-26 03:00:00,74.07
2024-04-26 04:00:00,77.1
2024-04-26 05:00:00,79.02
2024-04-26 06:00:00,92.78
2024-04-26 07:00:00,104.06
2024-04-26 08:00:00,96.06
2024-04-26 09:00:00,81.08
2024-04-26 10:00:00,80.84
2024-04-26 11:00:00,72.95
2024-04-26 12:00:00,70.35
2024-04-26 13:00:00,68.74
2024-04-26 14:00:00,65.37
2024-04-26 15:00:00,69.92
2024-04-26 16:00:00,71.23
2024-04-26 17:00:00,78.52
2024-04-26 18:00:00,87.15
2024-04-26 19:00:00,114.21
2024-04-26 20:00:00,114.78
2024-04-26 21:00:00,101.97
2024-04-26 22:00:00,87.53
2024-04-26 23:00:00,88.26
2024-04-27 00:00:00,89.3
2024-04-27 01:00:00,81.1
2024-04-27 02:00:00,76.51
2024-04-27 03:00:00,65.84
2024-04-27 04:00:00,62.4
2024-04-27 05:00:00,62.78
2024-04-27 06:00:00,64.92
2024-04-27 07:00:00,67.7
2024-04-27 08:00:00,58.73
2024-04-27 09:00:00,56.130005
2024-04-27 10:00:00,36.020004
2024-04-27 11:00:00,8.43
2024-04-27 12:00:00,0.02999878
2024-04-27 13:00:00,-0.019989014
2024-04-27 14:00:00,0.0
2024-04-27 15:00:00,0.0
2024-04-27 16:00:00,17.089996
2024-04-27 17:00:00,48.8
2024-04-27 18:00:00,70.0
2024-04-27 19:00:00,81.05
2024-04-27 20:00:00,82.03
2024-04-27 21:00:00,75.1
2024-04-27 22:00:00,69.38
2024-04-27 23:00:00,61.92
2024-04-28 00:00:00,56.39
2024-04-28 01:00:00,43.14
2024-04-28 02:00:00,39.6
2024-04-28 03:00:00,27.150002
2024-04-28 04:00:00,18.460007
2024-04-28 05:00:00,18.740005
2024-04-28 06:00:00,9.919998
2024-04-28 07:00:00,0.099998474
2024-04-28 08:00:00,-0.069999695
2024-04-28 09:00:00,-1.0199966
2024-04-28 10:00:00,-16.62999
2024-04-28 11:00:00,-36.729996
2024-04-28 12:00:00,-59.78
2024-04-28 13:00:00,-62.160004
2024-04-28 14:00:00,-65.06
2024-04-28 15:00:00,-52.429993
2024-04-28 16:00:00,-23.400002
2024-04-28 17:00:00,-0.019989014
2024-04-28 18:00:00,22.479996
2024-04-28 19:00:00,62.4
2024-04-28 20:00:00,71.07
2024-04-28 21:00:00,78.56
2024-04-28 22:00:00,72.21
2024-04-28 23:00:00,66.94
2024-04-29 00:00:00,63.15
2024-04-29 01:00:00,60.05
2024-04-29 02:00:00,58.930004
2024-04-29 03:00:00,60.42
2024-04-29 04:00:00,64.99
2024-04-29 05:00:00,70.09
2024-04-29 06:00:00,81.25
2024-04-29 07:00:00,109.08
2024-04-29 08:00:00,100.3
2024-04-29 09:00:00,74.82
2024-04-29 10:00:00,58.78
2024-04-29 11:00:00,36.42
2024-04-29 12:00:00,36.910004
2024-04-29 13:00:00,41.370003
2024-04-29 14:00:00,33.630005
2024-04-29 15:00:00,35.510002
2024-04-29 16:00:00,47.68
2024-04-29 17:00:00,69.21
2024-04-29 18:00:00,82.5
2024-04-29 19:00:00,112.69
2024-04-29 20:00:00,145.79
2024-04-29 21:00:00,103.23
2024-04-29 22:00:00,85.6
2024-04-29 23:00:00,75.75
2024-04-30 00:00:00,74.25
2024-04-30 01:00:00,63.92
2024-04-30 02:00:00,65.19
2024-04-30 03:00:00,69.44
2024-04-30 04:00:00,67.53
2024-04-30 05:00:00,77.99
2024-04-30 06:00:00,90.39
2024-04-30 07:00:00,100.73
2024-04-30 08:00:00,90.19
2024-04-30 09:00:00,75.0
2024-04-30 10:00:00,61.610004
2024-04-30 11:00:00,44.89
2024-04-30 12:00:00,28.220001
2024-04-30 13:00:00,14.510002
2024-04-30 14:00:00,16.930008
2024-04-30 15:00:00,19.14
2024-04-30 16:00:00,37.28
2024-04-30 17:00:00,56.64
2024-04-30 18:00:00,86.2
2024-04-30 19:00:00,100.62
2024-04-30 20:00:00,110.89
2024-04-30 21:00:00,87.02
2024-04-30 22:00:00,75.39
2024-04-30 23:00:00,77.51
2024-05-01 00:00:00,58.0
2024-05-01 01:00:00,54.28
2024-05-01 02:00:00,46.74
2024-05-01 03:00:00,44.1
2024-05-01 04:00:00,41.0
2024-05-01 05:00:00,42.13
2024-05-01 06:00:00,43.51
2024-05-01 07:00:00,42.07
2024-05-01 08:00:00,27.32
2024-05-01 09:00:00,6.330002
2024-05-01 10:00:00,-0.73000336
2024-05-01 11:00:00,-43.430008
2024-05-01 12:00:00,-99.65001
2024-05-01 13:00:00,-106.270004
2024-05-01 14:00:00,-123.18001
2024-05-01 15:00:00,-84.96001
2024-05-01 16:00:00,-30.229996
2024-05-01 17:00:00,0.20999908
2024-05-01 18:00:00,29.61
2024-05-01 19:00:00,62.51
2024-05-01 20:00:00,63.69
2024-05-01 21:00:00,55.5
2024-05-01 22:00:00,48.55
2024-05-01 23:00:00,38.21
2024-05-02 00:00:00,25.25
2024-05-02 01:00:00,20.37001
2024-05-02 02:00:00,16.839996
2024-05-02 03:00:00,15.309998
2024-05-02 04:00:00,14.87001
2024-05-02 05:00:00,24.14
2024-05-02 06:00:00,50.08
2024-05-02 07:00:00,61.41
2024-05-02 08:00:00,57.78
2024-05-02 09:00:00,31.449997
2024-05-02 10:00:00,14.120003
2024-05-02 11:00:00,11.459999
2024-05-02 12:00:00,12.410004
2024-05-02 13:00:00,3.0699997
2024-05-02 14:00:00,-0.009994507
2024-05-02 15:00:00,0.09000397
2024-05-02 16:00:00,5.170006
2024-05-02 17:00:00,37.04
2024-05-02 18:00:00,52.28
2024-05-02 19:00:00,63.48
2024-05-02 20:00:00,74.3
2024-05-02 21:00:00,76.66
2024-05-02 22:00:00,67.04
2024-05-02 23:00:00,60.740005
2024-05-03 00:00:00,53.48
2024-05-03 01:00:00,55.000004
2024-05-03 02:00:00,50.97
2024-05-03 03:00:00,47.000004
2024-05-03 04:00:00,39.11
2024-05-03 05:00:00,43.770004
2024-05-03 06:00:00,54.35
2024-05-03 07:00:00,65.98
2024-05-03 08:00:00,68.26
2024-05-03 09:00:00,66.74
2024-05-03 10:00:00,50.8
2024-05-03 11:00:00,46.960003
2024-05-03 12:00:00,40.11
2024-05-03 13:00:00,38.660004
2024-05-03 14:00:00,39.64
2024-05-03 15:00:00,37.440002
2024-05-03 16:00:00,36.15
2024-05-03 17:00:00,40.460003
2024-05-03 18:00:00,51.000004
2024-05-03 19:00:00,64.6
2024-05-03 20:00:00,72.3
2024-05-03 21:00:00,90.0
2024-05-03 22:00:00,73.18
2024-05-03 23:00:00,71.63
2024-05-04 00:00:00,74.91
2024-05-04 01:00:00,59.210003
2024-05-04 02:00:00,51.76
2024-05-04 03:00:00,47.170002
2024-05-04 04:00:00,45.98
2024-05-04 05:00:00,51.91
2024-05-04 06:00:00,50.57
2024-05-04 07:00:00,53.280003
2024-05-04 08:00:00,58.550003
2024-05-04 09:00:00,58.54
2024-05-04 10:00:00,41.17
2024-05-04 11:00:00,31.14
2024-05-04 12:00:00,24.800003
2024-05-04 13:00:00,14.470001
2024-05-04 14:00:00,13.330002
2024-05-04 15:00:00,26.099998
2024-05-04 16:00:00,45.530003
2024-05-04 17:00:00,77.6
2024-05-04 18:00:00,82.2
2024-05-04 19:00:00,90.64
2024-05-04 20:00:00,102.87
2024-05-04 21:00:00,70.0
2024-05-04 22:00:00,80.57
2024-05-04 23:00:00,84.66
2024-05-05 00:00:00,94.59
2024-05-05 01:00:00,89.58
2024-05-05 02:00:00,87.4
2024-05-05 03:00:00,85.01
2024-05-05 04:00:00,83.6
2024-05-05 05:00:00,87.21
2024-05-05 06:00:00,79.6
2024-05-05 07:00:00,54.17
2024-05-05 08:00:00,41.060005
2024-05-05 09:00:00,26.15001
2024-05-05 10:00:00,8.809998
2024-05-05 11:00:00,0.44000244
2024-05-05 12:00:00,0.0
2024-05-05 13:00:00,-0.040000916
2024-05-05 14:00:00,-0.9700012
2024-05-05 15:00:00,-0.099998474
2024-05-05 16:00:00,0.0
2024-05-05 17:00:00,32.0
2024-05-05 18:00:00,89.66
2024-05-05 19:00:00,99.38
2024-05-05 20:00:00,116.3
2024-05-05 21:00:00,111.5
2024-05-05 22:00:00,102.82
2024-05-05 23:00:00,91.39
2024-05-06 00:00:00,82.86
2024-05-06 01:00:00,80.57
2024-05-06 02:00:00,81.76
2024-05-06 03:00:00,81.18
2024-05-06 04:00:00,73.23
2024-05-06 05:00:00,71.9
2024-05-06 06:00:00,108.87
2024-05-06 07:00:00,122.0
2024-05-06 08:00:00,101.49
2024-05-06 09:00:00,89.25
2024-05-06 10:00:00,82.44
2024-05-06 11:00:00,78.73
2024-05-06 12:00:00,80.0
2024-05-06 13:00:00,77.25
2024-05-06 14:00:00,76.8
2024-05-06 15:00:00,82.4
2024-05-06 16:00:00,70.0
2024-05-06 17:00:00,90.6
2024-05-06 18:00:00,109.71
2024-05-06 19:00:00,119.1
2024-05-06 20:00:00,104.0
2024-05-06 21:00:00,108.4
2024-05-06 22:00:00,94.12
2024-05-06 23:00:00,84.42
2024-05-07 00:00:00,81.73
2024-05-07 01:00:00,79.24
2024-05-07 02:00:00,76.69
2024-05-07 03:00:00,80.54
2024-05-07 04:00:00,80.69
2024-05-07 05:00:00,74.29
2024-05-07 06:00:00,85.14
2024-05-07 07:00:00,107.86
2024-05-07 08:00:00,112.66
2024-05-07 09:00:00,91.75
2024-05-07 10:00:00,83.54
2024-05-07 11:00:00,71.7
2024-05-07 12:00:00,65.34
2024-05-07 13:00:00,57.800003
2024-05-07 14:00:00,52.12
2024-05-07 15:00:00,55.65
2024-05-07 16:00:00,52.89
2024-05-07 17:00:00,60.32
2024-05-07 18:00:00,79.37
2024-05-07 19:00:00,88.93
2024-05-07 20:00:00,93.59
2024-05-07 21:00:00,108.21
2024-05-07 22:00:00,91.62
2024-05-07 23:00:00,81.27
2024-05-08 00:00:00,85.44
2024-05-08 01:00:00,82.48
2024-05-08 02:00:00,82.2
2024-05-08 03:00:00,74.38
2024-05-08 04:00:00,60.57
2024-05-08 05:00:00,46.21
2024-05-08 06:00:00,91.9
2024-05-08 07:00:00,105.6
2024-05-08 08:00:00,112.02
2024-05-08 09:00:00,94.47
2024-05-08 10:00:00,87.2
2024-05-08 11:00:00,81.31
2024-05-08 12:00:00,62.92
2024-05-08 13:00:00,58.73
2024-05-08 14:00:00,32.770004
2024-05-08 15:00:00,56.71
2024-05-08 16:00:00,32.030006
2024-05-08 17:00:00,36.590004
2024-05-08 18:00:00,46.13
2024-05-08 19:00:00,87.36
2024-05-08 20:00:00,122.4
2024-05-08 21:00:00,117.8
2024-05-08 22:00:00,90.02
2024-05-08 23:00:00,89.6
2024-05-09 00:00:00,74.74
2024-05-09 01:00:00,74.26
2024-05-09 02:00:00,74.74
2024-05-09 03:00:00,66.15001
2024-05-09 04:00:00,42.95
2024-05-09 05:00:00,43.18
2024-05-09 06:00:00,60.67
2024-05-09 07:00:00,72.91
2024-05-09 08:00:00,41.9
2024-05-09 09:00:00,23.540009
2024-05-09 10:00:00,5.5500107
2024-05-09 11:00:00,-0.0799942
2024-05-09 12:00:00,-0.44000244
2024-05-09 13:00:00,-0.94000244
2024-05-09 14:00:00,-1.5899963
2024-05-09 15:00:00,-0.45999908
2024-05-09 16:00:00,1.0899963
2024-05-09 17:00:00,27.970001
2024-05-09 18:00:00,39.64
2024-05-09 19:00:00,65.0
2024-05-09 20:00:00,84.83
2024-05-09 21:00:00,83.93
2024-05-09 22:00:00,67.57
2024-05-09 23:00:00,77.76
2024-05-10 00:00:00,86.33
2024-05-10 01:00:00,80.13
2024-05-10 02:00:00,78.21
2024-05-10 03:00:00,74.41
2024-05-10 04:00:00,75.26
2024-05-10 05:00:00,68.21
2024-05-10 06:00:00,54.31
2024-05-10 07:00:00,61.66
2024-05-10 08:00:00,76.76
2024-05-10 09:00:00,39.200005
2024-05-10 10:00:00,15.430008
2024-05-10 11:00:00,3.0199966
2024-05-10 12:00:00,0.7099991
2024-05-10 13:00:00,0.22000122
2024-05-10 14:00:00,0.20000458
2024-05-10 15:00:00,8.360001
2024-05-10 16:00:00,27.169998
2024-05-10 17:00:00,36.93
2024-05-10 18:00:00,44.68
2024-05-10 19:00:00,61.85
2024-05-10 20:00:00,95.12
2024-05-10 21:00:00,92.03
2024-05-10 22:00:00,79.56
2024-05-10 23:00:00,65.64
2024-05-11 00:00:00,55.6
2024-05-11 01:00:00,45.88
2024-05-11 02:00:00,43.2
2024-05-11 03:00:00,49.07
2024-05-11 04:00:00,41.97
2024-05-11 05:00:00,41.670002
2024-05-11 06:00:00,50.9
2024-05-11 07:00:00,37.199997
2024-05-11 08:00:00,28.57
2024-05-11 09:00:00,6.550003
2024-05-11 10:00:00,0.0
2024-05-11 11:00:00,-10.580002
2024-05-11 12:00:00,-20.36
2024-05-11 13:00:00,-30.0
2024-05-11 14:00:00,-26.970001
2024-05-11 15:00:00,-13.279999
2024-05-11 16:00:00,-0.41000366
2024-05-11 17:00:00,13.150002
2024-05-11 18:00:00,34.339996
2024-05-11 19:00:00,43.76
2024-05-11 20:00:00,66.47
2024-05-11 21:00:00,54.44
2024-05-11 22:00:00,54.89
2024-05-11 23:00:00,51.2
2024-05-12 00:00:00,46.800003
2024-05-12 01:00:00,32.08
2024-05-12 02:00:00,31.690002
2024-05-12 03:00:00,26.260002
2024-05-12 04:00:00,24.550003
2024-05-12 05:00:00,20.879997
2024-05-12 06:00:00,17.61
2024-05-12 07:00:00,4.790001
2024-05-12 08:00:00,2.350006
2024-05-12 09:00:00,-2.790001
2024-05-12 10:00:00,-24.930008
2024-05-12 11:00:00,-111.06999
2024-05-12 12:00:00,-119.859985
2024-05-12 13:00:00,-138.76
2024-05-12 14:00:00,-134.88998
2024-05-12 15:00:00,-85.55998
2024-05-12 16:00:00,-29.020004
2024-05-12 17:00:00,-0.73999786
2024-05-12 18:00:00,22.419998
2024-05-12 19:00:00,50.96
2024-05-12 20:00:00,79.05
2024-05-12 21:00:00,60.43
2024-05-12 22:00:00,47.62
2024-05-12 23:00:00,38.22001
2024-05-13 00:00:00,27.510002
2024-05-13 01:00:00,26.440002
2024-05-13 02:00:00,26.08001
2024-05-13 03:00:00,25.11
2024-05-13 04:00:00,27.559998
2024-05-13 05:00:00,41.600002
2024-05-13 06:00:00,56.8
2024-05-13 07:00:00,77.6
2024-05-13 08:00:00,85.75
2024-05-13 09:00:00,45.320004
2024-05-13 10:00:00,11.699997
2024-05-13 11:00:00,0.23999786
2024-05-13 12:00:00,-1.2200012
2024-05-13 13:00:00,-1.0100021
2024-05-13 14:00:00,-1.0999985
2024-05-13 15:00:00,0.13000488
2024-05-13 16:00:00,1.6900101
2024-05-13 17:00:00,70.14
2024-05-13 18:00:00,100.68
2024-05-13 19:00:00,132.4
2024-05-13 20:00:00,135.9
2024-05-13 21:00:00,102.77
2024-05-13 22:00:00,90.0
2024-05-13 23:00:00,65.55
2024-05-14 00:00:00,65.3
2024-05-14 01:00:00,57.9
2024-05-14 02:00:00,47.5
2024-05-14 03:00:00,45.4
2024-05-14 04:00:00,40.45
2024-05-14 05:00:00,20.699997
2024-05-14 06:00:00,59.7
2024-05-14 07:00:00,42.240005
2024-05-14 08:00:00,42.780003
2024-05-14 09:00:00,6.2500076
2024-05-14 10:00:00,-1.3699951
2024-05-14 11:00:00,-4.4299927
2024-05-14 12:00:00,-25.059998
2024-05-14 13:00:00,-25.330002
2024-05-14 14:00:00,-27.539993
2024-05-14 15:00:00,-9.309998
2024-05-14 16:00:00,-1.75
2024-05-14 17:00:00,2.8199997
2024-05-14 18:00:00,63.78
2024-05-14 19:00:00,109.0
2024-05-14 20:00:00,130.14
2024-05-14 21:00:00,104.66
2024-05-14 22:00:00,67.85
2024-05-14 23:00:00,59.000004
2024-05-15 00:00:00,57.800003
2024-05-15 01:00:00,48.180004
2024-05-15 02:00:00,48.990005
2024-05-15 03:00:00,46.95
2024-05-15 04:00:00,46.46
2024-05-15 05:00:00,53.22
2024-05-15 06:00:00,71.76
2024-05-15 07:00:00,74.98
2024-05-15 08:00:00,70.22
2024-05-15 09:00:00,40.339996
2024-05-15 10:00:00,9.779999
2024-05-15 11:00:00,11.510002
2024-05-15 12:00:00,9.25
2024-05-15 13:00:00,7.850006
2024-05-15 14:00:00,7.3199997
2024-05-15 15:00:00,7.209999
2024-05-15 16:00:00,8.660004
2024-05-15 17:00:00,46.870003
2024-05-15 18:00:00,72.5
2024-05-15 19:00:00,102.21
2024-05-15 20:00:00,119.0
2024-05-15 21:00:00,107.28
2024-05-15 22:00:00,73.39
2024-05-15 23:00:00,62.340004
2024-05-16 00:00:00,68.41
2024-05-16 01:00:00,59.39
2024-05-16 02:00:00,50.11
2024-05-16 03:00:00,64.98
2024-05-16 04:00:00,49.290005
2024-05-16 05:00:00,52.73
2024-05-16 06:00:00,81.07
2024-05-16 07:00:00,82.43
2024-05-16 08:00:00,83.63
2024-05-16 09:00:00,70.54
2024-05-16 10:00:00,32.619995
2024-05-16 11:00:00,11.040001
2024-05-16 12:00:00,6.4800034
2024-05-16 13:00:00,1.3600006
2024-05-16 14:00:00,2.4200058
2024-05-16 15:00:00,4.060005
2024-05-16 16:00:00,25.770004
2024-05-16 17:00:00,54.85
2024-05-16 18:00:00,68.9
2024-05-16 19:00:00,89.21
2024-05-16 20:00:00,111.23
2024-05-16 21:00:00,96.7
2024-05-16 22:00:00,83.09
2024-05-16 23:00:00,70.82
2024-05-17 00:00:00,79.25
2024-05-17 01:00:00,64.99
2024-05-17 02:00:00,64.37
2024-05-17 03:00:00,63.71
2024-05-17 04:00:00,65.42
2024-05-17 05:00:00,64.78
2024-05-17 06:00:00,86.4
2024-05-17 07:00:00,99.23
2024-05-17 08:00:00,95.61
2024-05-17 09:00:00,77.78
2024-05-17 10:00:00,64.14
2024-05-17 11:00:00,53.39
2024-05-17 12:00:00,38.229996
2024-05-17 13:00:00,29.32
2024-05-17 14:00:00,33.350006
2024-05-17 15:00:00,38.72
2024-05-17 16:00:00,54.8
2024-05-17 17:00:00,65.0
2024-05-17 18:00:00,97.72
2024-05-17 19:00:00,101.52
2024-05-17 20:00:00,101.58
2024-05-17 21:00:00,103.62
2024-05-17 22:00:00,90.15
2024-05-17 23:00:00,83.75
2024-05-18 00:00:00,72.92
2024-05-18 01:00:00,63.610004
2024-05-18 02:00:00,58.11
2024-05-18 03:00:00,55.540005
2024-05-18 04:00:00,53.660004
2024-05-18 05:00:00,59.44
2024-05-18 06:00:00,60.07
2024-05-18 07:00:00,60.25
2024-05-18 08:00:00,54.59
2024-05-18 09:00:00,39.58
2024-05-18 10:00:00,9.43
2024-05-18 11:00:00,0.7099991
2024-05-18 12:00:00,-0.019989014
2024-05-18 13:00:00,-1.2799988
2024-05-18 14:00:00,-2.7599945
2024-05-18 15:00:00,-1.859993
2024-05-18 16:00:00,-0.019989014
2024-05-18 17:00:00,37.479996
2024-05-18 18:00:00,61.95
2024-05-18 19:00:00,58.66
2024-05-18 20:00:00,72.52
2024-05-18 21:00:00,62.740005
2024-05-18 22:00:00,83.84
2024-05-18 23:00:00,86.86
2024-05-19 00:00:00,90.0
2024-05-19 01:00:00,60.220005
2024-05-19 02:00:00,66.26
2024-05-19 03:00:00,64.15001
2024-05-19 04:00:00,59.01
2024-05-19 05:00:00,55.000004
2024-05-19 06:00:00,55.29
2024-05-19 07:00:00,55.97
2024-05-19 08:00:00,50.82
2024-05-19 09:00:00,6.1299973
2024-05-19 10:00:00,-1.1900024
2024-05-19 11:00:00,-18.94999
2024-05-19 12:00:00,-25.449997
2024-05-19 13:00:00,-34.319992
2024-05-19 14:00:00,-35.960007
2024-05-19 15:00:00,-24.430008
2024-05-19 16:00:00,-7.5
2024-05-19 17:00:00,-0.11000061
2024-05-19 18:00:00,25.589996
2024-05-19 19:00:00,42.750004
2024-05-19 20:00:00,57.610004
2024-05-19 21:00:00,62.56
2024-05-19 22:00:00,61.93
2024-05-19 23:00:00,60.26
2024-05-20 00:00:00,68.3
2024-05-20 01:00:00,64.22
2024-05-20 02:00:00,39.36
2024-05-20 03:00:00,35.40001
2024-05-20 04:00:00,36.71
2024-05-20 05:00:00,42.37
2024-05-20 06:00:00,44.71
2024-05-20 07:00:00,47.5
2024-05-20 08:00:00,44.2
2024-05-20 09:00:00,25.529999
2024-05-20 10:00:00,12.870003
2024-05-20 11:00:00,6.9800034
2024-05-20 12:00:00,2.6200027
2024-05-20 13:00:00,0.3600006
2024-05-20 14:00:00,0.120010376
2024-05-20 15:00:00,-0.1499939
2024-05-20 16:00:00,5.5599976
2024-05-20 17:00:00,48.89
2024-05-20 18:00:00,38.920006
2024-05-20 19:00:00,60.83
2024-05-20 20:00:00,74.66
2024-05-20 21:00:00,75.0
2024-05-20 22:00:00,73.08
2024-05-20 23:00:00,80.0
2024-05-21 00:00:00,92.47
2024-05-21 01:00:00,80.0
2024-05-21 02:00:00,60.83
2024-05-21 03:00:00,62.07
2024-05-21 04:00:00,67.86
2024-05-21 05:00:00,81.22
2024-05-21 06:00:00,82.84
2024-05-21 07:00:00,94.51
2024-05-21 08:00:00,85.17
2024-05-21 09:00:00,71.94
2024-05-21 10:00:00,57.72
2024-05-21 11:00:00,45.530003
2024-05-21 12:00:00,26.830002
2024-05-21 13:00:00,28.059998
2024-05-21 14:00:00,51.43
2024-05-21 15:00:00,54.17
2024-05-21 16:00:00,61.55
2024-05-21 17:00:00,70.83
2024-05-21 18:00:00,99.3
2024-05-21 19:00:00,109.4
2024-05-21 20:00:00,109.8
2024-05-21 21:00:00,93.05
2024-05-21 22:00:00,85.49
2024-05-21 23:00:00,73.24
2024-05-22 00:00:00,71.82
2024-05-22 01:00:00,82.12
2024-05-22 02:00:00,75.97
2024-05-22 03:00:00,66.95
2024-05-22 04:00:00,74.25
2024-05-22 05:00:00,70.09
2024-05-22 06:00:00,52.54
2024-05-22 07:00:00,75.76
2024-05-22 08:00:00,87.2
2024-05-22 09:00:00,71.16
2024-05-22 10:00:00,59.11
2024-05-22 11:00:00,54.61
2024-05-22 12:00:00,20.82
2024-05-22 13:00:00,14.580002
2024-05-22 14:00:00,-19.999992
2024-05-22 15:00:00,-15.249992
2024-05-22 16:00:00,-3.290001
2024-05-22 17:00:00,27.479996
2024-05-22 18:00:00,52.35
2024-05-22 19:00:00,65.99
2024-05-22 20:00:00,90.0
2024-05-22 21:00:00,68.81
2024-05-22 22:00:00,78.7
2024-05-22 23:00:00,70.75
2024-05-23 00:00:00,61.19
2024-05-23 01:00:00,49.920002
2024-05-23 02:00:00,36.490005
2024-05-23 03:00:00,43.27
2024-05-23 04:00:00,36.46
2024-05-23 05:00:00,47.39
2024-05-23 06:00:00,56.4
2024-05-23 07:00:00,91.34
2024-05-23 08:00:00,88.07
2024-05-23 09:00:00,73.13
2024-05-23 10:00:00,58.38
2024-05-23 11:00:00,58.0
2024-05-23 12:00:00,48.38
2024-05-23 13:00:00,42.910004
2024-05-23 14:00:00,50.69
2024-05-23 15:00:00,57.5
2024-05-23 16:00:00,65.66
2024-05-23 17:00:00,56.720005
2024-05-23 18:00:00,67.34
2024-05-23 19:00:00,97.68
2024-05-23 20:00:00,107.75
2024-05-23 21:00:00,114.26
2024-05-23 22:00:00,109.02
2024-05-23 23:00:00,95.22
2024-05-24 00:00:00,94.93
2024-05-24 01:00:00,86.18
2024-05-24 02:00:00,84.0
2024-05-24 03:00:00,87.3
2024-05-24 04:00:00,92.1
2024-05-24 05:00:00,92.1
2024-05-24 06:00:00,103.49
2024-05-24 07:00:00,114.74
2024-05-24 08:00:00,108.67
2024-05-24 09:00:00,99.29
2024-05-24 10:00:00,88.37
2024-05-24 11:00:00,80.61
2024-05-24 12:00:00,79.79
2024-05-24 13:00:00,77.2
2024-05-24 14:00:00,76.7
2024-05-24 15:00:00,81.25
2024-05-24 16:00:00,84.11
2024-05-24 17:00:00,94.26
2024-05-24 18:00:00,105.75
2024-05-24 19:00:00,118.66
2024-05-24 20:00:00,117.27
2024-05-24 21:00:00,115.86
2024-05-24 22:00:00,109.67
2024-05-24 23:00:00,99.84
2024-05-25 00:00:00,94.88
2024-05-25 01:00:00,90.27
2024-05-25 02:00:00,90.29
2024-05-25 03:00:00,89.66
2024-05-25 04:00:00,89.55
2024-05-25 05:00:00,79.53
2024-05-25 06:00:00,80.45
2024-05-25 07:00:00,81.16
2024-05-25 08:00:00,70.79
2024-05-25 09:00:00,69.18
2024-05-25 10:00:00,47.3
2024-05-25 11:00:00,9.339996
2024-05-25 12:00:00,3.2399979
2024-05-25 13:00:00,0.040000916
2024-05-25 14:00:00,0.0
2024-05-25 15:00:00,0.020004272
2024-05-25 16:00:00,12.040001
2024-05-25 17:00:00,58.26
2024-05-25 18:00:00,79.37
2024-05-25 19:00:00,94.57
2024-05-25 20:00:00,92.71
2024-05-25 21:00:00,113.8
2024-05-25 22:00:00,100.0
2024-05-25 23:00:00,94.57
2024-05-26 00:00:00,112.0
2024-05-26 01:00:00,76.0
2024-05-26 02:00:00,77.3
2024-05-26 03:00:00,65.1
2024-05-26 04:00:00,67.0
2024-05-26 05:00:00,66.0
2024-05-26 06:00:00,55.24
2024-05-26 07:00:00,50.59
2024-05-26 08:00:00,13.25
2024-05-26 09:00:00,0.020004272
2024-05-26 10:00:00,0.0
2024-05-26 11:00:00,-0.08998871
2024-05-26 12:00:00,-2.1200027
2024-05-26 13:00:00,-10.639999
2024-05-26 14:00:00,-23.850006
2024-05-26 15:00:00,-9.900002
2024-05-26 16:00:00,-0.5999985
2024-05-26 17:00:00,29.720001
2024-05-26 18:00:00,49.590004
2024-05-26 19:00:00,87.5
2024-05-26 20:00:00,80.0
2024-05-26 21:00:00,98.8
2024-05-26 22:00:00,91.5
2024-05-26 23:00:00,87.5
2024-05-27 00:00:00,64.94
2024-05-27 01:00:00,64.96
2024-05-27 02:00:00,64.02
2024-05-27 03:00:00,63.97
2024-05-27 04:00:00,65.770004
2024-05-27 05:00:00,71.4
2024-05-27 06:00:00,86.38
2024-05-27 07:00:00,99.38
2024-05-27 08:00:00,93.55
2024-05-27 09:00:00,81.88
2024-05-27 10:00:00,74.74
2024-05-27 11:00:00,71.72
2024-05-27 12:00:00,65.71
2024-05-27 13:00:00,62.150005
2024-05-27 14:00:00,60.39
2024-05-27 15:00:00,61.88
2024-05-27 16:00:00,65.07
2024-05-27 17:00:00,77.75
2024-05-27 18:00:00,93.27
2024-05-27 19:00:00,124.65
2024-05-27 20:00:00,147.15
2024-05-27 21:00:00,123.48
2024-05-27 22:00:00,104.13
2024-05-27 23:00:00,86.11
2024-05-28 00:00:00,80.65
2024-05-28 01:00:00,90.0
2024-05-28 02:00:00,71.16
2024-05-28 03:00:00,82.0
2024-05-28 04:00:00,84.5
2024-05-28 05:00:00,70.0
2024-05-28 06:00:00,83.98
2024-05-28 07:00:00,96.26
2024-05-28 08:00:00,86.85
2024-05-28 09:00:00,72.72
2024-05-28 10:00:00,61.29
2024-05-28 11:00:00,51.62
2024-05-28 12:00:00,45.47
2024-05-28 13:00:00,41.150005
2024-05-28 14:00:00,41.26
2024-05-28 15:00:00,48.87
2024-05-28 16:00:00,54.390003
2024-05-28 17:00:00,65.46
2024-05-28 18:00:00,78.62
2024-05-28 19:00:00,69.62
2024-05-28 20:00:00,76.17
2024-05-28 21:00:00,96.44
2024-05-28 22:00:00,83.76
2024-05-28 23:00:00,73.7
2024-05-29 00:00:00,65.41
2024-05-29 01:00:00,50.96
2024-05-29 02:00:00,46.720005
2024-05-29 03:00:00,41.35
2024-05-29 04:00:00,38.490005
2024-05-29 05:00:00,40.71
2024-05-29 06:00:00,59.94
2024-05-29 07:00:00,76.93
2024-05-29 08:00:00,81.6
2024-05-29 09:00:00,61.31
2024-05-29 10:00:00,54.82
2024-05-29 11:00:00,47.910004
2024-05-29 12:00:00,45.56
2024-05-29 13:00:00,45.510002
2024-05-29 14:00:00,45.03
2024-05-29 15:00:00,50.42
2024-05-29 16:00:00,56.930004
2024-05-29 17:00:00,50.51
2024-05-29 18:00:00,78.0
2024-05-29 19:00:00,92.01
2024-05-29 20:00:00,80.74
2024-05-29 21:00:00,97.97
2024-05-29 22:00:00,90.17
2024-05-29 23:00:00,104.64
2024-05-30 00:00:00,79.08
2024-05-30 01:00:00,73.67
2024-05-30 02:00:00,53.88
2024-05-30 03:00:00,61.93
2024-05-30 04:00:00,44.62
2024-05-30 05:00:00,43.02
2024-05-30 06:00:00,65.0
2024-05-30 07:00:00,90.28
2024-05-30 08:00:00,82.41
2024-05-30 09:00:00,76.77
2024-05-30 10:00:00,65.45
2024-05-30 11:00:00,59.960003
2024-05-30 12:00:00,53.06
2024-05-30 13:00:00,45.9
2024-05-30 14:00:00,46.41
2024-05-30 15:00:00,49.760002
2024-05-30 16:00:00,61.41
2024-05-30 17:00:00,65.91
2024-05-30 18:00:00,83.77
2024-05-30 19:00:00,106.0
2024-05-30 20:00:00,122.55
2024-05-30 21:00:00,113.9
2024-05-30 22:00:00,92.12
2024-05-30 23:00:00,83.42
2024-05-31 00:00:00,50.980003
2024-05-31 01:00:00,53.17
2024-05-31 02:00:00,33.020004
2024-05-31 03:00:00,53.17
2024-05-31 04:00:00,55.27
2024-05-31 05:00:00,36.730003
2024-05-31 06:00:00,52.0
2024-05-31 07:00:00,82.21
2024-05-31 08:00:00,81.3
2024-05-31 09:00:00,75.9
2024-05-31 10:00:00,69.28
2024-05-31 11:00:00,65.27
2024-05-31 12:00:00,56.11
2024-05-31 13:00:00,50.42
2024-05-31 14:00:00,46.520004
2024-05-31 15:00:00,42.99
2024-05-31 16:00:00,46.3
2024-05-31 17:00:00,57.84
2024-05-31 18:00:00,69.78
2024-05-31 19:00:00,82.22
2024-05-31 20:00:00,81.69
2024-05-31 21:00:00,69.88
2024-05-31 22:00:00,72.1
2024-05-31 23:00:00,64.23
2024-06-01 00:00:00,56.82
2024-06-01 01:00:00,56.35
2024-06-01 02:00:00,34.39
2024-06-01 03:00:00,50.77
2024-06-01 04:00:00,29.479996
2024-06-01 05:00:00,31.949997
2024-06-01 06:00:00,32.119995
2024-06-01 07:00:00,34.15001
2024-06-01 08:00:00,53.41
2024-06-01 09:00:00,45.310005
2024-06-01 10:00:00,33.11
2024-06-01 11:00:00,29.46
2024-06-01 12:00:00,14.94001
2024-06-01 13:00:00,5.1800003
2024-06-01 14:00:00,-0.069999695
2024-06-01 15:00:00,-0.20999908
2024-06-01 16:00:00,8.919998
2024-06-01 17:00:00,36.6
2024-06-01 18:00:00,47.69
2024-06-01 19:00:00,56.340004
2024-06-01 20:00:00,56.68
2024-06-01 21:00:00,53.84
2024-06-01 22:00:00,55.53
2024-06-01 23:00:00,51.520004
2024-06-02 00:00:00,29.169998
2024-06-02 01:00:00,21.39
2024-06-02 02:00:00,11.660004
2024-06-02 03:00:00,5.6600037
2024-06-02 04:00:00,8.800003
2024-06-02 05:00:00,5.199997
2024-06-02 06:00:00,4.9100037
2024-06-02 07:00:00,4.1100006
2024-06-02 08:00:00,0.9700012
2024-06-02 09:00:00,-0.019989014
2024-06-02 10:00:00,-3.2699966
2024-06-02 11:00:00,-7.9400024
2024-06-02 12:00:00,-13.999992
2024-06-02 13:00:00,-27.460007
2024-06-02 14:00:00,-40.61
2024-06-02 15:00:00,-76.89
2024-06-02 16:00:00,-19.999992
2024-06-02 17:00:00,-1.1699982
2024-06-02 18:00:00,9.720001
2024-06-02 19:00:00,49.58
2024-06-02 20:00:00,63.440002
2024-06-02 21:00:00,91.46
2024-06-02 22:00:00,85.82
2024-06-02 23:00:00,78.3
2024-06-03 00:00:00,75.58
2024-06-03 01:00:00,70.36
2024-06-03 02:00:00,75.38
2024-06-03 03:00:00,67.08
2024-06-03 04:00:00,64.49
2024-06-03 05:00:00,72.87
2024-06-03 06:00:00,99.93
2024-06-03 07:00:00,140.01
2024-06-03 08:00:00,129.42
2024-06-03 09:00:00,99.42
2024-06-03 10:00:00,77.5
2024-06-03 11:00:00,68.4
2024-06-03 12:00:00,60.53
2024-06-03 13:00:00,53.72
2024-06-03 14:00:00,48.000004
2024-06-03 15:00:00,50.49
2024-06-03 16:00:00,55.27
2024-06-03 17:00:00,77.8
2024-06-03 18:00:00,100.68
2024-06-03 19:00:00,138.3
2024-06-03 20:00:00,167.56
2024-06-03 21:00:00,155.38
2024-06-03 22:00:00,125.48
2024-06-03 23:00:00,99.58
2024-06-04 00:00:00,104.55
2024-06-04 01:00:00,96.28
2024-06-04 02:00:00,89.49
2024-06-04 03:00:00,78.0
2024-06-04 04:00:00,73.33
2024-06-04 05:00:00,87.7
2024-06-04 06:00:00,135.89
2024-06-04 07:00:00,142.98
2024-06-04 08:00:00,132.15
2024-06-04 09:00:00,105.1
2024-06-04 10:00:00,85.21
2024-06-04 11:00:00,66.71001
2024-06-04 12:00:00,57.5
2024-06-04 13:00:00,42.910004
2024-06-04 14:00:00,30.940002
2024-06-04 15:00:00,33.4
2024-06-04 16:00:00,42.770004
2024-06-04 17:00:00,53.93
2024-06-04 18:00:00,83.49
2024-06-04 19:00:00,116.1
2024-06-04 20:00:00,142.59
2024-06-04 21:00:00,104.18
2024-06-04 22:00:00,89.75
2024-06-04 23:00:00,67.02
2024-06-05 00:00:00,58.09
2024-06-05 01:00:00,46.04
2024-06-05 02:00:00,46.640003
2024-06-05 03:00:00,47.350002
2024-06-05 04:00:00,49.240005
2024-06-05 05:00:00,64.83
2024-06-05 06:00:00,84.71
2024-06-05 07:00:00,108.88
2024-06-05 08:00:00,91.41
2024-06-05 09:00:00,67.16
2024-06-05 10:00:00,48.88
2024-06-05 11:00:00,42.14
2024-06-05 12:00:00,33.36
2024-06-05 13:00:00,21.080002
2024-06-05 14:00:00,17.93
2024-06-05 15:00:00,22.849998
2024-06-05 16:00:00,43.050003
2024-06-05 17:00:00,60.25
2024-06-05 18:00:00,87.49
2024-06-05 19:00:00,113.28
2024-06-05 20:00:00,132.29
2024-06-05 21:00:00,137.07
2024-06-05 22:00:00,125.9
2024-06-05 23:00:00,102.38
2024-06-06 00:00:00,83.63
2024-06-06 01:00:00,75.1
2024-06-06 02:00:00,71.47
2024-06-06 03:00:00,68.21
2024-06-06 04:00:00,75.12
2024-06-06 05:00:00,81.7
2024-06-06 06:00:00,105.02
2024-06-06 07:00:00,111.56
2024-06-06 08:00:00,93.17
2024-06-06 09:00:00,70.87
2024-06-06 10:00:00,57.800003
2024-06-06 11:00:00,30.339996
2024-06-06 12:00:00,25.520012
2024-06-06 13:00:00,19.800003
2024-06-06 14:00:00,19.199997
2024-06-06 15:00:00,28.21
2024-06-06 16:00:00,49.570004
2024-06-06 17:00:00,71.4
2024-06-06 18:00:00,90.16
2024-06-06 19:00:00,108.77
2024-06-06 20:00:00,138.83
2024-06-06 21:00:00,139.4
2024-06-06 22:00:00,117.91
2024-06-06 23:00:00,97.22
2024-06-07 00:00:00,95.44
2024-06-07 01:00:00,91.07
2024-06-07 02:00:00,90.69
2024-06-07 03:00:00,91.47
2024-06-07 04:00:00,92.56
2024-06-07 05:00:00,82.0
2024-06-07 06:00:00,87.83
2024-06-07 07:00:00,102.43
2024-06-07 08:00:00,95.67
2024-06-07 09:00:00,76.68
2024-06-07 10:00:00,57.26
2024-06-07 11:00:00,41.390003
2024-06-07 12:00:00,33.910004
2024-06-07 13:00:00,25.36
2024-06-07 14:00:00,17.83001
2024-06-07 15:00:00,16.200005
2024-06-07 16:00:00,27.29
2024-06-07 17:00:00,57.13
2024-06-07 18:00:00,78.33
2024-06-07 19:00:00,111.05
2024-06-07 20:00:00,119.55
2024-06-07 21:00:00,119.69
2024-06-07 22:00:00,108.24
2024-06-07 23:00:00,87.87
2024-06-08 00:00:00,91.48
2024-06-08 01:00:00,76.1
2024-06-08 02:00:00,68.74
2024-06-08 03:00:00,66.15001
2024-06-08 04:00:00,59.76
2024-06-08 05:00:00,61.44
2024-06-08 06:00:00,62.06
2024-06-08 07:00:00,48.350002
2024-06-08 08:00:00,36.520004
2024-06-08 09:00:00,12.540001
2024-06-08 10:00:00,0.060005188
2024-06-08 11:00:00,-2.2300034
2024-06-08 12:00:00,-9.789993
2024-06-08 13:00:00,-22.769997
2024-06-08 14:00:00,-29.069992
2024-06-08 15:00:00,-19.800003
2024-06-08 16:00:00,-7.1299973
2024-06-08 17:00:00,2.7600021
2024-06-08 18:00:00,43.31
2024-06-08 19:00:00,64.54
2024-06-08 20:00:00,89.0
2024-06-08 21:00:00,103.3
2024-06-08 22:00:00,112.79
2024-06-08 23:00:00,86.23
2024-06-09 00:00:00,65.97
2024-06-09 01:00:00,51.58
2024-06-09 02:00:00,34.61
2024-06-09 03:00:00,15.080009
2024-06-09 04:00:00,17.000008
2024-06-09 05:00:00,12.720009
2024-06-09 06:00:00,9.510002
2024-06-09 07:00:00,3.3399963
2024-06-09 08:00:00,0.069999695
2024-06-09 09:00:00,-1.949997
2024-06-09 10:00:00,-7.4299927
2024-06-09 11:00:00,-15.789993
2024-06-09 12:00:00,-46.28
2024-06-09 13:00:00,-58.969986
2024-06-09 14:00:00,-53.990005
2024-06-09 15:00:00,-28.64
2024-06-09 16:00:00,-5.2099915
2024-06-09 17:00:00,1.0300064
2024-06-09 18:00:00,38.68
2024-06-09 19:00:00,82.07
2024-06-09 20:00:00,94.57
2024-06-09 21:00:00,126.81
2024-06-09 22:00:00,121.51
2024-06-09 23:00:00,95.59
2024-06-10 00:00:00,76.6
2024-06-10 01:00:00,61.350002
2024-06-10 02:00:00,53.67
2024-06-10 03:00:00,57.5
2024-06-10 04:00:00,54.12
2024-06-10 05:00:00,56.950005
2024-06-10 06:00:00,63.820004
2024-06-10 07:00:00,135.38
2024-06-10 08:00:00,123.18
2024-06-10 09:00:00,117.4
2024-06-10 10:00:00,82.96
2024-06-10 11:00:00,77.77
2024-06-10 12:00:00,68.26
2024-06-10 13:00:00,47.27
2024-06-10 14:00:00,35.21
2024-06-10 15:00:00,33.770004
2024-06-10 16:00:00,36.28
2024-06-10 17:00:00,42.16
2024-06-10 18:00:00,60.99
2024-06-10 19:00:00,80.69
2024-06-10 20:00:00,75.77
2024-06-10 21:00:00,72.31
2024-06-10 22:00:00,87.09
2024-06-10 23:00:00,76.21
2024-06-11 00:00:00,60.93
2024-06-11 01:00:00,57.56
2024-06-11 02:00:00,60.060005
2024-06-11 03:00:00,48.79
2024-06-11 04:00:00,45.96
2024-06-11 05:00:00,57.65
2024-06-11 06:00:00,63.94
2024-06-11 07:00:00,87.76
2024-06-11 08:00:00,85.85
2024-06-11 09:00:00,68.23
2024-06-11 10:00:00,48.17
2024-06-11 11:00:00,34.240005
2024-06-11 12:00:00,14.910011
2024-06-11 13:00:00,3.2699966
2024-06-11 14:00:00,2.1600037
2024-06-11 15:00:00,3.8600006
2024-06-11 16:00:00,14.0
2024-06-11 17:00:00,50.860004
2024-06-11 18:00:00,62.880005
2024-06-11 19:00:00,88.22
2024-06-11 20:00:00,101.61
2024-06-11 21:00:00,109.54
2024-06-11 22:00:00,96.25
2024-06-11 23:00:00,84.16
2024-06-12 00:00:00,67.79
2024-06-12 01:00:00,72.0
2024-06-12 02:00:00,79.81
2024-06-12 03:00:00,65.0
2024-06-12 04:00:00,69.69
2024-06-12 05:00:00,78.47
2024-06-12 06:00:00,96.0
2024-06-12 07:00:00,112.63
2024-06-12 08:00:00,98.7
2024-06-12 09:00:00,65.06
2024-06-12 10:00:00,50.57
2024-06-12 11:00:00,45.47
2024-06-12 12:00:00,34.0
2024-06-12 13:00:00,36.520004
2024-06-12 14:00:00,36.67
2024-06-12 15:00:00,36.64
2024-06-12 16:00:00,48.84
2024-06-12 17:00:00,66.14
2024-06-12 18:00:00,83.0
2024-06-12 19:00:00,109.8
2024-06-12 20:00:00,115.84
2024-06-12 21:00:00,122.91
2024-06-12 22:00:00,110.02
2024-06-12 23:00:00,98.22
2024-06-13 00:00:00,98.98
2024-06-13 01:00:00,70.39
2024-06-13 02:00:00,67.8
2024-06-13 03:00:00,54.73
2024-06-13 04:00:00,50.14
2024-06-13 05:00:00,62.950005
2024-06-13 06:00:00,81.6
2024-06-13 07:00:00,95.58
2024-06-13 08:00:00,98.07
2024-06-13 09:00:00,68.25
2024-06-13 10:00:00,50.06
2024-06-13 11:00:00,44.88
2024-06-13 12:00:00,38.780006
2024-06-13 13:00:00,34.14
2024-06-13 14:00:00,31.610008
2024-06-13 15:00:00,39.72
2024-06-13 16:00:00,35.229996
2024-06-13 17:00:00,39.65
2024-06-13 18:00:00,81.25
2024-06-13 19:00:00,110.66
2024-06-13 20:00:00,106.65
2024-06-13 21:00:00,122.36
2024-06-13 22:00:00,94.19
2024-06-13 23:00:00,76.7
2024-06-14 00:00:00,58.740005
2024-06-14 01:00:00,48.340004
2024-06-14 02:00:00,44.15
2024-06-14 03:00:00,42.650005
2024-06-14 04:00:00,39.990013
2024-06-14 05:00:00,43.25
2024-06-14 06:00:00,60.37
2024-06-14 07:00:00,84.36
2024-06-14 08:00:00,91.5
2024-06-14 09:00:00,85.08
2024-06-14 10:00:00,61.8
2024-06-14 11:00:00,52.250004
2024-06-14 12:00:00,44.47
2024-06-14 13:00:00,33.990005
2024-06-14 14:00:00,29.000008
2024-06-14 15:00:00,29.199997
2024-06-14 16:00:00,39.46
2024-06-14 17:00:00,52.22
2024-06-14 18:00:00,64.64
2024-06-14 19:00:00,91.33
2024-06-14 20:00:00,128.57
2024-06-14 21:00:00,123.52
2024-06-14 22:00:00,97.91
2024-06-14 23:00:00,64.19
2024-06-15 00:00:00,110.0
2024-06-15 01:00:00,92.08
2024-06-15 02:00:00,77.72
2024-06-15 03:00:00,28.240005
2024-06-15 04:00:00,-21.400002
2024-06-15 05:00:00,-10.419998
2024-06-15 06:00:00,1.5400009
2024-06-15 07:00:00,0.09000397
2024-06-15 08:00:00,0.0
2024-06-15 09:00:00,-0.05999756
2024-06-15 10:00:00,-10.080002
2024-06-15 11:00:00,-28.949997
2024-06-15 12:00:00,-44.819992
2024-06-15 13:00:00,-65.47
2024-06-15 14:00:00,-80.020004
2024-06-15 15:00:00,-56.09999
2024-06-15 16:00:00,-28.89
2024-06-15 17:00:00,-3.7699966
2024-06-15 18:00:00,0.0
2024-06-15 19:00:00,14.82
2024-06-15 20:00:00,38.380005
2024-06-15 21:00:00,39.200005
2024-06-15 22:00:00,53.6
2024-06-15 23:00:00,41.040005
2024-06-16 00:00:00,26.04
2024-06-16 01:00:00,10.93
2024-06-16 02:00:00,6.0000076
2024-06-16 03:00:00,4.010002
2024-06-16 04:00:00,3.0199966
2024-06-16 05:00:00,2.959999
2024-06-16 06:00:00,3.5100021
2024-06-16 07:00:00,0.47000885
2024-06-16 08:00:00,-0.019989014
2024-06-16 09:00:00,-1.269989
2024-06-16 10:00:00,-10.0
2024-06-16 11:00:00,-13.339996
2024-06-16 12:00:00,-20.010002
2024-06-16 13:00:00,-30.009995
2024-06-16 14:00:00,-35.680008
2024-06-16 15:00:00,-29.039993
2024-06-16 16:00:00,-9.860001
2024-06-16 17:00:00,-1.3199997
2024-06-16 18:00:00,25.599998
2024-06-16 19:00:00,45.180004
2024-06-16 20:00:00,55.9
2024-06-16 21:00:00,69.47
2024-06-16 22:00:00,73.14
2024-06-16 23:00:00,65.0
2024-06-17 00:00:00,64.39
2024-06-17 01:00:00,56.7
2024-06-17 02:00:00,44.210003
2024-06-17 03:00:00,47.25
2024-06-17 04:00:00,39.79
2024-06-17 05:00:00,55.79
2024-06-17 06:00:00,59.79
2024-06-17 07:00:00,81.9
2024-06-17 08:00:00,120.7
2024-06-17 09:00:00,85.23
2024-06-17 10:00:00,65.0
2024-06-17 11:00:00,40.27001
2024-06-17 12:00:00,32.240005
2024-06-17 13:00:00,30.690002
2024-06-17 14:00:00,33.92
2024-06-17 15:00:00,39.729996
2024-06-17 16:00:00,46.42
2024-06-17 17:00:00,67.55
2024-06-17 18:00:00,90.28
2024-06-17 19:00:00,123.7
2024-06-17 20:00:00,156.1
2024-06-17 21:00:00,140.0
2024-06-17 22:00:00,115.0
2024-06-17 23:00:00,105.5
2024-06-18 00:00:00,81.14
2024-06-18 01:00:00,80.05
2024-06-18 02:00:00,86.8
2024-06-18 03:00:00,80.24
2024-06-18 04:00:00,83.06
2024-06-18 05:00:00,93.97
2024-06-18 06:00:00,100.14
2024-06-18 07:00:00,103.95
2024-06-18 08:00:00,84.99
2024-06-18 09:00:00,91.24
2024-06-18 10:00:00,88.74
2024-06-18 11:00:00,78.89
2024-06-18 12:00:00,79.15
2024-06-18 13:00:00,97.76
2024-06-18 14:00:00,106.94
2024-06-18 15:00:00,103.05
2024-06-18 16:00:00,102.36
2024-06-18 17:00:00,98.0
2024-06-18 18:00:00,100.01
2024-06-18 19:00:00,129.24
2024-06-18 20:00:00,133.36
2024-06-18 21:00:00,96.18
2024-06-18 22:00:00,87.93
2024-06-18 23:00:00,82.12
2024-06-19 00:00:00,100.05
2024-06-19 01:00:00,88.02
2024-06-19 02:00:00,74.46
2024-06-19 03:00:00,70.71001
2024-06-19 04:00:00,68.95
2024-06-19 05:00:00,70.7
2024-06-19 06:00:00,95.04
2024-06-19 07:00:00,109.5
2024-06-19 08:00:00,102.5
2024-06-19 09:00:00,78.4
2024-06-19 10:00:00,66.11
2024-06-19 11:00:00,60.200005
2024-06-19 12:00:00,52.57
2024-06-19 13:00:00,38.14
2024-06-19 14:00:00,22.339996
2024-06-19 15:00:00,13.199997
2024-06-19 16:00:00,24.21
2024-06-19 17:00:00,60.29
2024-06-19 18:00:00,74.04
2024-06-19 19:00:00,97.77
2024-06-19 20:00:00,102.73
2024-06-19 21:00:00,119.37
2024-06-19 22:00:00,109.66
2024-06-19 23:00:00,93.34
2024-06-20 00:00:00,86.08
2024-06-20 01:00:00,83.79
2024-06-20 02:00:00,78.8
2024-06-20 03:00:00,79.1
2024-06-20 04:00:00,87.7
2024-06-20 05:00:00,88.85
2024-06-20 06:00:00,109.06
2024-06-20 07:00:00,112.46
2024-06-20 08:00:00,103.0
2024-06-20 09:00:00,81.38
2024-06-20 10:00:00,70.64
2024-06-20 11:00:00,61.11
2024-06-20 12:00:00,57.92
2024-06-20 13:00:00,56.32
2024-06-20 14:00:00,59.56
2024-06-20 15:00:00,66.83
2024-06-20 16:00:00,73.84
2024-06-20 17:00:00,83.0
2024-06-20 18:00:00,100.99
2024-06-20 19:00:00,124.3
2024-06-20 20:00:00,143.0
2024-06-20 21:00:00,128.31
2024-06-20 22:00:00,112.95
2024-06-20 23:00:00,95.46
2024-06-21 00:00:00,101.09
2024-06-21 01:00:00,90.96
2024-06-21 02:00:00,89.95
2024-06-21 03:00:00,87.19
2024-06-21 04:00:00,83.22
2024-06-21 05:00:00,84.78
2024-06-21 06:00:00,95.51
2024-06-21 07:00:00,119.45
2024-06-21 08:00:00,120.17
2024-06-21 09:00:00,111.95
2024-06-21 10:00:00,100.76
2024-06-21 11:00:00,89.89
2024-06-21 12:00:00,75.23
2024-06-21 13:00:00,75.36
2024-06-21 14:00:00,70.28
2024-06-21 15:00:00,68.47
2024-06-21 16:00:00,71.64
2024-06-21 17:00:00,85.46
2024-06-21 18:00:00,91.72
2024-06-21 19:00:00,103.24
2024-06-21 20:00:00,109.43
2024-06-21 21:00:00,105.14
2024-06-21 22:00:00,96.26
2024-06-21 23:00:00,82.76
2024-06-22 00:00:00,80.86
2024-06-22 01:00:00,70.19
2024-06-22 02:00:00,61.14
2024-06-22 03:00:00,50.16
2024-06-22 04:00:00,49.240005
2024-06-22 05:00:00,46.2
2024-06-22 06:00:00,56.18
2024-06-22 07:00:00,48.56
2024-06-22 08:00:00,42.790005
2024-06-22 09:00:00,34.65
2024-06-22 10:00:00,12.540001
2024-06-22 11:00:00,3.5899963
2024-06-22 12:00:00,2.6600113
2024-06-22 13:00:00,0.02999878
2024-06-22 14:00:00,-0.009994507
2024-06-22 15:00:00,0.3600006
2024-06-22 16:00:00,4.739998
2024-06-22 17:00:00,35.40001
2024-06-22 18:00:00,71.52
2024-06-22 19:00:00,104.22
2024-06-22 20:00:00,95.32
2024-06-22 21:00:00,102.5
2024-06-22 22:00:00,112.0
2024-06-22 23:00:00,91.9
2024-06-23 00:00:00,102.3
2024-06-23 01:00:00,83.84
2024-06-23 02:00:00,93.22
2024-06-23 03:00:00,78.7
2024-06-23 04:00:00,81.0
2024-06-23 05:00:00,83.04
2024-06-23 06:00:00,79.7
2024-06-23 07:00:00,49.640003
2024-06-23 08:00:00,16.729996
2024-06-23 09:00:00,4.239998
2024-06-23 10:00:00,0.0
2024-06-23 11:00:00,-0.049995422
2024-06-23 12:00:00,-0.099998474
2024-06-23 13:00:00,-1.0199966
2024-06-23 14:00:00,-2.199997
2024-06-23 15:00:00,-2.0299911
2024-06-23 16:00:00,-0.18999481
2024-06-23 17:00:00,16.58001
2024-06-23 18:00:00,58.23
2024-06-23 19:00:00,86.07
2024-06-23 20:00:00,90.54
2024-06-23 21:00:00,124.0
2024-06-23 22:00:00,120.9
2024-06-23 23:00:00,92.04
2024-06-24 00:00:00,81.99
2024-06-24 01:00:00,80.0
2024-06-24 02:00:00,79.5
2024-06-24 03:00:00,64.76
2024-06-24 04:00:00,70.4
2024-06-24 05:00:00,81.33
2024-06-24 06:00:00,96.99
2024-06-24 07:00:00,96.35
2024-06-24 08:00:00,95.23
2024-06-24 09:00:00,69.82
2024-06-24 10:00:00,48.140003
2024-06-24 11:00:00,31.820007
2024-06-24 12:00:00,31.010002
2024-06-24 13:00:00,25.849998
2024-06-24 14:00:00,20.860008
2024-06-24 15:00:00,14.190002
2024-06-24 16:00:00,41.12
2024-06-24 17:00:00,62.760002
2024-06-24 18:00:00,89.52
2024-06-24 19:00:00,130.6
2024-06-24 20:00:00,139.49
2024-06-24 21:00:00,133.04
2024-06-24 22:00:00,114.86
2024-06-24 23:00:00,91.64
2024-06-25 00:00:00,88.8
2024-06-25 01:00:00,84.8
2024-06-25 02:00:00,84.78
2024-06-25 03:00:00,85.22
2024-06-25 04:00:00,85.5
2024-06-25 05:00:00,94.9
2024-06-25 06:00:00,114.8
2024-06-25 07:00:00,122.0
2024-06-25 08:00:00,103.8
2024-06-25 09:00:00,74.64
2024-06-25 10:00:00,35.690002
2024-06-25 11:00:00,12.830002
2024-06-25 12:00:00,-9.099991
2024-06-25 13:00:00,-19.999992
2024-06-25 14:00:00,-12.889992
2024-06-25 15:00:00,9.5
2024-06-25 16:00:00,25.000008
2024-06-25 17:00:00,35.020004
2024-06-25 18:00:00,78.9
2024-06-25 19:00:00,107.74
2024-06-25 20:00:00,125.89
2024-06-25 21:00:00,122.09
2024-06-25 22:00:00,106.57
2024-06-25 23:00:00,89.95
2024-06-26 00:00:00,107.32
2024-06-26 01:00:00,99.92
2024-06-26 02:00:00,95.32
2024-06-26 03:00:00,95.46
2024-06-26 04:00:00,91.69
2024-06-26 05:00:00,97.07
2024-06-26 06:00:00,109.09
2024-06-26 07:00:00,130.0
2024-06-26 08:00:00,121.1
2024-06-26 09:00:00,101.76
2024-06-26 10:00:00,90.12
2024-06-26 11:00:00,84.83
2024-06-26 12:00:00,78.93
2024-06-26 13:00:00,76.84
2024-06-26 14:00:00,80.26
2024-06-26 15:00:00,90.52
2024-06-26 16:00:00,99.95
2024-06-26 17:00:00,105.88
2024-06-26 18:00:00,109.47
2024-06-26 19:00:00,136.7
2024-06-26 20:00:00,147.34
2024-06-26 21:00:00,132.99
2024-06-26 22:00:00,118.13
2024-06-26 23:00:00,110.0
2024-06-27 00:00:00,96.0
2024-06-27 01:00:00,86.91
2024-06-27 02:00:00,80.53
2024-06-27 03:00:00,71.8
2024-06-27 04:00:00,67.89
2024-06-27 05:00:00,71.6
2024-06-27 06:00:00,93.44
2024-06-27 07:00:00,116.98
2024-06-27 08:00:00,115.0
2024-06-27 09:00:00,88.89
2024-06-27 10:00:00,67.51
2024-06-27 11:00:00,52.270004
2024-06-27 12:00:00,37.28
2024-06-27 13:00:00,22.129997
2024-06-27 14:00:00,13.190002
2024-06-27 15:00:00,0.0
2024-06-27 16:00:00,18.07
2024-06-27 17:00:00,38.25
2024-06-27 18:00:00,67.7
2024-06-27 19:00:00,87.77
2024-06-27 20:00:00,122.74
2024-06-27 21:00:00,115.43
2024-06-27 22:00:00,102.06
2024-06-27 23:00:00,86.16
2024-06-28 00:00:00,52.720005
2024-06-28 01:00:00,51.08
2024-06-28 02:00:00,44.320004
2024-06-28 03:00:00,40.199997
2024-06-28 04:00:00,39.71
2024-06-28 05:00:00,42.25
2024-06-28 06:00:00,55.55
2024-06-28 07:00:00,58.33
2024-06-28 08:00:00,59.38
2024-06-28 09:00:00,21.010002
2024-06-28 10:00:00,-3.5799942
2024-06-28 11:00:00,-9.929993
2024-06-28 12:00:00,-10.0
2024-06-28 13:00:00,-7.9799957
2024-06-28 14:00:00,-10.519997
2024-06-28 15:00:00,-7.080002
2024-06-28 16:00:00,-2.899994
2024-06-28 17:00:00,5.989998
2024-06-28 18:00:00,46.02
2024-06-28 19:00:00,87.32
2024-06-28 20:00:00,101.29
2024-06-28 21:00:00,120.51
2024-06-28 22:00:00,119.31
2024-06-28 23:00:00,106.83
2024-06-29 00:00:00,86.68
2024-06-29 01:00:00,71.85
2024-06-29 02:00:00,67.86
2024-06-29 03:00:00,69.93
2024-06-29 04:00:00,62.89
2024-06-29 05:00:00,62.53
2024-06-29 06:00:00,57.86
2024-06-29 07:00:00,50.0
2024-06-29 08:00:00,47.36
2024-06-29 09:00:00,29.580002
2024-06-29 10:00:00,5.040001
2024-06-29 11:00:00,0.040000916
2024-06-29 12:00:00,-0.009994507
2024-06-29 13:00:00,-0.21999359
2024-06-29 14:00:00,-0.069999695
2024-06-29 15:00:00,1.4000015
2024-06-29 16:00:00,12.260002
2024-06-29 17:00:00,50.310005
2024-06-29 18:00:00,68.8
2024-06-29 19:00:00,85.91
2024-06-29 20:00:00,93.05
2024-06-29 21:00:00,75.17
2024-06-29 22:00:00,79.8
2024-06-29 23:00:00,73.56
2024-06-30 00:00:00,56.57
2024-06-30 01:00:00,44.96
2024-06-30 02:00:00,37.0
2024-06-30 03:00:00,33.68
2024-06-30 04:00:00,30.669998
2024-06-30 05:00:00,26.989998
2024-06-30 06:00:00,26.57
2024-06-30 07:00:00,14.010002
2024-06-30 08:00:00,6.830002
2024-06-30 09:00:00,0.8200073
2024-06-30 10:00:00,0.0
2024-06-30 11:00:00,0.0
2024-06-30 12:00:00,-0.019989014
2024-06-30 13:00:00,-1.5099945
2024-06-30 14:00:00,-1.0899963
2024-06-30 15:00:00,0.0
2024-06-30 16:00:00,0.91999817
2024-06-30 17:00:00,26.82
2024-06-30 18:00:00,65.13
2024-06-30 19:00:00,67.78
2024-06-30 20:00:00,76.64
2024-06-30 21:00:00,92.0
2024-06-30 22:00:00,103.93
2024-06-30 23:00:00,93.25
2024-07-01 00:00:00,83.01
2024-07-01 01:00:00,79.1
2024-07-01 02:00:00,65.19
2024-07-01 03:00:00,64.46
2024-07-01 04:00:00,70.01
2024-07-01 05:00:00,64.76
2024-07-01 06:00:00,87.7
2024-07-01 07:00:00,108.8
2024-07-01 08:00:00,99.25
2024-07-01 09:00:00,75.81
2024-07-01 10:00:00,69.19
2024-07-01 11:00:00,60.45
2024-07-01 12:00:00,54.390003
2024-07-01 13:00:00,48.440002
2024-07-01 14:00:00,27.510002
2024-07-01 15:00:00,20.489998
2024-07-01 16:00:00,18.129997
2024-07-01 17:00:00,34.940002
2024-07-01 18:00:00,52.14
2024-07-01 19:00:00,70.21
2024-07-01 20:00:00,107.95
2024-07-01 21:00:00,99.96
2024-07-01 22:00:00,102.56
2024-07-01 23:00:00,87.18
2024-07-02 00:00:00,80.0
2024-07-02 01:00:00,61.6
2024-07-02 02:00:00,53.16
2024-07-02 03:00:00,54.480003
2024-07-02 04:00:00,53.44
2024-07-02 05:00:00,57.05
2024-07-02 06:00:00,70.0
2024-07-02 07:00:00,89.03
2024-07-02 08:00:00,101.56
2024-07-02 09:00:00,78.92
2024-07-02 10:00:00,82.7
2024-07-02 11:00:00,69.55
2024-07-02 12:00:00,58.860004
2024-07-02 13:00:00,55.58
2024-07-02 14:00:00,47.69
2024-07-02 15:00:00,44.34
2024-07-02 16:00:00,56.49
2024-07-02 17:00:00,58.46
2024-07-02 18:00:00,74.29
2024-07-02 19:00:00,81.78
2024-07-02 20:00:00,90.75
2024-07-02 21:00:00,110.25
2024-07-02 22:00:00,109.15
2024-07-02 23:00:00,91.6
2024-07-03 00:00:00,94.61
2024-07-03 01:00:00,77.72
2024-07-03 02:00:00,69.32
2024-07-03 03:00:00,58.6
2024-07-03 04:00:00,50.92
2024-07-03 05:00:00,48.350002
2024-07-03 06:00:00,67.83
2024-07-03 07:00:00,100.0
2024-07-03 08:00:00,102.79
2024-07-03 09:00:00,101.23
2024-07-03 10:00:00,92.78
2024-07-03 11:00:00,96.62
2024-07-03 12:00:00,68.68
2024-07-03 13:00:00,61.67
2024-07-03 14:00:00,54.61
2024-07-03 15:00:00,52.05
2024-07-03 16:00:00,51.69
2024-07-03 17:00:00,40.0
2024-07-03 18:00:00,58.29
2024-07-03 19:00:00,61.91
2024-07-03 20:00:00,72.07
2024-07-03 21:00:00,45.17
2024-07-03 22:00:00,46.48
2024-07-03 23:00:00,31.099998
2024-07-04 00:00:00,26.779999
2024-07-04 01:00:00,7.2699966
2024-07-04 02:00:00,2.300003
2024-07-04 03:00:00,0.1800003
2024-07-04 04:00:00,1.7200089
2024-07-04 05:00:00,2.1699982
2024-07-04 06:00:00,12.130005
2024-07-04 07:00:00,19.720001
2024-07-04 08:00:00,31.230003
2024-07-04 09:00:00,23.21
2024-07-04 10:00:00,0.890007
2024-07-04 11:00:00,-7.8199997
2024-07-04 12:00:00,-11.169991
2024-07-04 13:00:00,-25.789978
2024-07-04 14:00:00,-38.839996
2024-07-04 15:00:00,-42.22
2024-07-04 16:00:00,-49.999985
2024-07-04 17:00:00,-27.880005
2024-07-04 18:00:00,-2.3799896
2024-07-04 19:00:00,38.04
2024-07-04 20:00:00,61.07
2024-07-04 21:00:00,73.19
2024-07-04 22:00:00,65.15
2024-07-04 23:00:00,49.730003
2024-07-05 00:00:00,1.800003
2024-07-05 01:00:00,0.0
2024-07-05 02:00:00,-0.87999725
2024-07-05 03:00:00,-1.1100006
2024-07-05 04:00:00,2.6500015
2024-07-05 05:00:00,4.3000107
2024-07-05 06:00:00,9.080002
2024-07-05 07:00:00,27.960007
2024-07-05 08:00:00,40.0
2024-07-05 09:00:00,18.57
2024-07-05 10:00:00,2.9899979
2024-07-05 11:00:00,0.51000214
2024-07-05 12:00:00,0.4300003
2024-07-05 13:00:00,-0.25
2024-07-05 14:00:00,-0.3999939
2024-07-05 15:00:00,0.51999664
2024-07-05 16:00:00,2.540001
2024-07-05 17:00:00,17.140007
2024-07-05 18:00:00,53.140003
2024-07-05 19:00:00,78.58
2024-07-05 20:00:00,106.4
2024-07-05 21:00:00,115.75
2024-07-05 22:00:00,105.83
2024-07-05 23:00:00,85.29
2024-07-06 00:00:00,62.2
2024-07-06 01:00:00,36.35
2024-07-06 02:00:00,30.61
2024-07-06 03:00:00,23.099998
2024-07-06 04:00:00,17.440002
2024-07-06 05:00:00,8.37001
2024-07-06 06:00:00,6.1200027
2024-07-06 07:00:00,5.3700027
2024-07-06 08:00:00,3.3899994
2024-07-06 09:00:00,0.0
2024-07-06 10:00:00,-9.800003
2024-07-06 11:00:00,-28.61
2024-07-06 12:00:00,-35.0
2024-07-06 13:00:00,-57.930008
2024-07-06 14:00:00,-76.8
2024-07-06 15:00:00,-139.99998
2024-07-06 16:00:00,-109.19
2024-07-06 17:00:00,-60.0
2024-07-06 18:00:00,-10.289993
2024-07-06 19:00:00,-1.3399887
2024-07-06 20:00:00,7.4000015
2024-07-06 21:00:00,9.68
2024-07-06 22:00:00,19.129997
2024-07-06 23:00:00,15.300003
2024-07-07 00:00:00,1.2699966
2024-07-07 01:00:00,1.1000061
2024-07-07 02:00:00,0.40000916
2024-07-07 03:00:00,0.66000366
2024-07-07 04:00:00,0.91999817
2024-07-07 05:00:00,0.68000793
2024-07-07 06:00:00,0.58000183
2024-07-07 07:00:00,0.120010376
2024-07-07 08:00:00,-0.56999207
2024-07-07 09:00:00,-6.3899994
2024-07-07 10:00:00,-9.760002
2024-07-07 11:00:00,-12.599998
2024-07-07 12:00:00,-13.12999
2024-07-07 13:00:00,-21.879997
2024-07-07 14:00:00,-20.43
2024-07-07 15:00:00,-11.479996
2024-07-07 16:00:00,-5.2099915
2024-07-07 17:00:00,-1.5099945
2024-07-07 18:00:00,26.910011
2024-07-07 19:00:00,56.53
2024-07-07 20:00:00,78.22
2024-07-07 21:00:00,88.77
2024-07-07 22:00:00,108.69
2024-07-07 23:00:00,94.37
2024-07-08 00:00:00,81.65
2024-07-08 01:00:00,76.42
2024-07-08 02:00:00,67.67
2024-07-08 03:00:00,69.39
2024-07-08 04:00:00,70.41
2024-07-08 05:00:00,71.06
2024-07-08 06:00:00,90.35
2024-07-08 07:00:00,110.97
2024-07-08 08:00:00,100.61
2024-07-08 09:00:00,77.98
2024-07-08 10:00:00,54.340004
2024-07-08 11:00:00,39.67
2024-07-08 12:00:00,33.089996
2024-07-08 13:00:00,30.849998
2024-07-08 14:00:00,30.419998
2024-07-08 15:00:00,38.04
2024-07-08 16:00:00,50.8
2024-07-08 17:00:00,82.08
2024-07-08 18:00:00,89.95
2024-07-08 19:00:00,110.68
2024-07-08 20:00:00,166.84
2024-07-08 21:00:00,137.54
2024-07-08 22:00:00,110.61
2024-07-08 23:00:00,89.1
2024-07-09 00:00:00,76.3
2024-07-09 01:00:00,63.58
2024-07-09 02:00:00,53.140003
2024-07-09 03:00:00,41.26
2024-07-09 04:00:00,38.699997
2024-07-09 05:00:00,49.9
2024-07-09 06:00:00,58.21
2024-07-09 07:00:00,75.38
2024-07-09 08:00:00,75.58
2024-07-09 09:00:00,59.81
2024-07-09 10:00:00,46.630005
2024-07-09 11:00:00,33.71
2024-07-09 12:00:00,21.949997
2024-07-09 13:00:00,7.3199997
2024-07-09 14:00:00,5.310005
2024-07-09 15:00:00,12.120003
2024-07-09 16:00:00,46.429996
2024-07-09 17:00:00,77.36
2024-07-09 18:00:00,102.11
2024-07-09 19:00:00,110.09
2024-07-09 20:00:00,121.81
2024-07-09 21:00:00,108.05
2024-07-09 22:00:00,87.85
2024-07-09 23:00:00,82.93
2024-07-10 00:00:00,73.97
2024-07-10 01:00:00,64.4
2024-07-10 02:00:00,67.25
2024-07-10 03:00:00,61.020004
2024-07-10 04:00:00,54.3
2024-07-10 05:00:00,58.64
2024-07-10 06:00:00,74.4
2024-07-10 07:00:00,89.54
2024-07-10 08:00:00,101.95
2024-07-10 09:00:00,84.93
2024-07-10 10:00:00,65.0
2024-07-10 11:00:00,55.800003
2024-07-10 12:00:00,47.71
2024-07-10 13:00:00,35.309998
2024-07-10 14:00:00,16.419998
2024-07-10 15:00:00,-18.569992
2024-07-10 16:00:00,-10.0
2024-07-10 17:00:00,19.279999
2024-07-10 18:00:00,75.66
2024-07-10 19:00:00,97.57
2024-07-10 20:00:00,96.46
2024-07-10 21:00:00,115.32
2024-07-10 22:00:00,106.8
2024-07-10 23:00:00,92.75
2024-07-11 00:00:00,93.07
2024-07-11 01:00:00,77.23
2024-07-11 02:00:00,75.83
2024-07-11 03:00:00,67.5
2024-07-11 04:00:00,65.0
2024-07-11 05:00:00,80.78
2024-07-11 06:00:00,79.4
2024-07-11 07:00:00,93.75
2024-07-11 08:00:00,101.85
2024-07-11 09:00:00,89.47
2024-07-11 10:00:00,80.86
2024-07-11 11:00:00,67.63
2024-07-11 12:00:00,58.51
2024-07-11 13:00:00,49.07
2024-07-11 14:00:00,45.0
2024-07-11 15:00:00,50.650005
2024-07-11 16:00:00,61.280003
2024-07-11 17:00:00,72.77
2024-07-11 18:00:00,87.11
2024-07-11 19:00:00,107.79
2024-07-11 20:00:00,138.22
2024-07-11 21:00:00,131.86
2024-07-11 22:00:00,115.41
2024-07-11 23:00:00,97.55
2024-07-12 00:00:00,91.13
2024-07-12 01:00:00,69.7
2024-07-12 02:00:00,69.0
2024-07-12 03:00:00,63.97
2024-07-12 04:00:00,47.06
2024-07-12 05:00:00,56.7
2024-07-12 06:00:00,63.32
2024-07-12 07:00:00,75.4
2024-07-12 08:00:00,86.74
2024-07-12 09:00:00,68.48001
2024-07-12 10:00:00,65.07
2024-07-12 11:00:00,64.51
2024-07-12 12:00:00,64.17
2024-07-12 13:00:00,55.6
2024-07-12 14:00:00,55.01
2024-07-12 15:00:00,52.36
2024-07-12 16:00:00,66.04
2024-07-12 17:00:00,70.16
2024-07-12 18:00:00,62.760002
2024-07-12 19:00:00,69.55
2024-07-12 20:00:00,80.83
2024-07-12 21:00:00,91.57
2024-07-12 22:00:00,86.22
2024-07-12 23:00:00,79.48
2024-07-13 00:00:00,68.25
2024-07-13 01:00:00,60.87
2024-07-13 02:00:00,48.74
2024-07-13 03:00:00,38.260002
2024-07-13 04:00:00,32.83
2024-07-13 05:00:00,31.160004
2024-07-13 06:00:00,31.090004
2024-07-13 07:00:00,27.989998
2024-07-13 08:00:00,26.600006
2024-07-13 09:00:00,20.970001
2024-07-13 10:00:00,5.1600037
2024-07-13 11:00:00,0.040000916
2024-07-13 12:00:00,-0.009994507
2024-07-13 13:00:00,-4.98999
2024-07-13 14:00:00,-14.839989
2024-07-13 15:00:00,-11.359993
2024-07-13 16:00:00,-3.0399933
2024-07-13 17:00:00,0.22000122
2024-07-13 18:00:00,29.490005
2024-07-13 19:00:00,48.970005
2024-07-13 20:00:00,74.86
2024-07-13 21:00:00,75.81
2024-07-13 22:00:00,79.1
2024-07-13 23:00:00,65.04
2024-07-14 00:00:00,89.02
2024-07-14 01:00:00,63.28
2024-07-14 02:00:00,55.51
2024-07-14 03:00:00,44.370003
2024-07-14 04:00:00,37.190002
2024-07-14 05:00:00,36.740005
2024-07-14 06:00:00,30.529999
2024-07-14 07:00:00,14.279999
2024-07-14 08:00:00,0.29000092
2024-07-14 09:00:00,-3.300003
2024-07-14 10:00:00,-21.029991
2024-07-14 11:00:00,-40.199997
2024-07-14 12:00:00,-59.47
2024-07-14 13:00:00,-73.75
2024-07-14 14:00:00,-74.020004
2024-07-14 15:00:00,-51.65999
2024-07-14 16:00:00,-19.61
2024-07-14 17:00:00,-0.4699936
2024-07-14 18:00:00,37.270004
2024-07-14 19:00:00,59.73
2024-07-14 20:00:00,87.55
2024-07-14 21:00:00,99.47
2024-07-14 22:00:00,106.25
2024-07-14 23:00:00,87.26
2024-07-15 00:00:00,79.68
2024-07-15 01:00:00,67.01
2024-07-15 02:00:00,61.22
2024-07-15 03:00:00,56.97
2024-07-15 04:00:00,61.01
2024-07-15 05:00:00,64.82
2024-07-15 06:00:00,77.8
2024-07-15 07:00:00,91.3
2024-07-15 08:00:00,84.66
2024-07-15 09:00:00,60.77
2024-07-15 10:00:00,37.270004
2024-07-15 11:00:00,13.140007
2024-07-15 12:00:00,1.9800034
2024-07-15 13:00:00,-0.45999908
2024-07-15 14:00:00,-0.3199997
2024-07-15 15:00:00,5.170006
2024-07-15 16:00:00,31.150002
2024-07-15 17:00:00,46.890003
2024-07-15 18:00:00,66.54
2024-07-15 19:00:00,104.55
2024-07-15 20:00:00,125.76
2024-07-15 21:00:00,104.24
2024-07-15 22:00:00,92.94
2024-07-15 23:00:00,80.17
2024-07-16 00:00:00,54.37
2024-07-16 01:00:00,32.67
2024-07-16 02:00:00,37.42
2024-07-16 03:00:00,32.339996
2024-07-16 04:00:00,28.30001
2024-07-16 05:00:00,33.5
2024-07-16 06:00:00,47.770004
2024-07-16 07:00:00,46.470005
2024-07-16 08:00:00,54.340004
2024-07-16 09:00:00,36.83001
2024-07-16 10:00:00,16.020012
2024-07-16 11:00:00,-0.3199997
2024-07-16 12:00:00,-4.3099976
2024-07-16 13:00:00,-5.540001
2024-07-16 14:00:00,-5.659996
2024-07-16 15:00:00,-6.1100006
2024-07-16 16:00:00,-3.2600021
2024-07-16 17:00:00,28.82
2024-07-16 18:00:00,64.68
2024-07-16 19:00:00,88.3
2024-07-16 20:00:00,111.89
2024-07-16 21:00:00,114.64
2024-07-16 22:00:00,106.9
2024-07-16 23:00:00,86.8
2024-07-17 00:00:00,87.9
2024-07-17 01:00:00,73.22
2024-07-17 02:00:00,72.94
2024-07-17 03:00:00,70.58
2024-07-17 04:00:00,71.1
2024-07-17 05:00:00,77.6
2024-07-17 06:00:00,90.47
2024-07-17 07:00:00,100.39
2024-07-17 08:00:00,105.7
2024-07-17 09:00:00,78.33
2024-07-17 10:00:00,59.51
2024-07-17 11:00:00,43.170002
2024-07-17 12:00:00,34.35
2024-07-17 13:00:00,23.800003
2024-07-17 14:00:00,13.459999
2024-07-17 15:00:00,15.850006
2024-07-17 16:00:00,41.620003
2024-07-17 17:00:00,63.81
2024-07-17 18:00:00,85.57
2024-07-17 19:00:00,104.62
2024-07-17 20:00:00,138.92
2024-07-17 21:00:00,129.55
2024-07-17 22:00:00,113.64
2024-07-17 23:00:00,89.14
2024-07-18 00:00:00,90.32
2024-07-18 01:00:00,80.37
2024-07-18 02:00:00,71.14
2024-07-18 03:00:00,75.3
2024-07-18 04:00:00,70.18
2024-07-18 05:00:00,76.91
2024-07-18 06:00:00,92.29
2024-07-18 07:00:00,101.69
2024-07-18 08:00:00,97.25
2024-07-18 09:00:00,80.15
2024-07-18 10:00:00,65.22
2024-07-18 11:00:00,48.72
2024-07-18 12:00:00,36.61
2024-07-18 13:00:00,35.65
2024-07-18 14:00:00,38.82
2024-07-18 15:00:00,50.63
2024-07-18 16:00:00,69.38
2024-07-18 17:00:00,87.1
2024-07-18 18:00:00,97.56
2024-07-18 19:00:00,122.76
2024-07-18 20:00:00,157.61
2024-07-18 21:00:00,150.57
2024-07-18 22:00:00,120.08
2024-07-18 23:00:00,102.02
2024-07-19 00:00:00,90.62
2024-07-19 01:00:00,80.6
2024-07-19 02:00:00,80.07
2024-07-19 03:00:00,73.16
2024-07-19 04:00:00,71.83
2024-07-19 05:00:00,80.48
2024-07-19 06:00:00,90.0
2024-07-19 07:00:00,101.6
2024-07-19 08:00:00,98.4
2024-07-19 09:00:00,81.43
2024-07-19 10:00:00,70.41
2024-07-19 11:00:00,59.86
2024-07-19 12:00:00,45.74
2024-07-19 13:00:00,37.86
2024-07-19 14:00:00,37.61
2024-07-19 15:00:00,43.990005
2024-07-19 16:00:00,65.26
2024-07-19 17:00:00,77.67
2024-07-19 18:00:00,86.9
2024-07-19 19:00:00,104.69
2024-07-19 20:00:00,136.98
2024-07-19 21:00:00,120.14
2024-07-19 22:00:00,107.11
2024-07-19 23:00:00,91.7
2024-07-20 00:00:00,94.99
2024-07-20 01:00:00,89.52
2024-07-20 02:00:00,86.73
2024-07-20 03:00:00,82.39
2024-07-20 04:00:00,84.37
2024-07-20 05:00:00,86.36
2024-07-20 06:00:00,81.17
2024-07-20 07:00:00,72.16
2024-07-20 08:00:00,67.88
2024-07-20 09:00:00,49.9
2024-07-20 10:00:00,6.1200027
2024-07-20 11:00:00,-0.34999847
2024-07-20 12:00:00,-3.9300003
2024-07-20 13:00:00,-3.9000015
2024-07-20 14:00:00,-3.0999985
2024-07-20 15:00:00,-2.199997
2024-07-20 16:00:00,1.480011
2024-07-20 17:00:00,48.75
2024-07-20 18:00:00,76.37
2024-07-20 19:00:00,91.94
2024-07-20 20:00:00,115.58
2024-07-20 21:00:00,110.46
2024-07-20 22:00:00,97.48
2024-07-20 23:00:00,83.26
2024-07-21 00:00:00,73.72
2024-07-21 01:00:00,62.84
2024-07-21 02:00:00,55.81
2024-07-21 03:00:00,59.210003
2024-07-21 04:00:00,54.19
2024-07-21 05:00:00,56.45
2024-07-21 06:00:00,49.660004
2024-07-21 07:00:00,43.75
2024-07-21 08:00:00,25.599998
2024-07-21 09:00:00,-0.3999939
2024-07-21 10:00:00,0.060005188
2024-07-21 11:00:00,0.010002136
2024-07-21 12:00:00,0.0
2024-07-21 13:00:00,-0.0799942
2024-07-21 14:00:00,-0.21999359
2024-07-21 15:00:00,0.02999878
2024-07-21 16:00:00,-0.11999512
2024-07-21 17:00:00,21.370003
2024-07-21 18:00:00,33.729996
2024-07-21 19:00:00,55.12
2024-07-21 20:00:00,79.01
2024-07-21 21:00:00,85.51
2024-07-21 22:00:00,77.78
2024-07-21 23:00:00,75.34
2024-07-22 00:00:00,79.59
2024-07-22 01:00:00,67.94
2024-07-22 02:00:00,68.99
2024-07-22 03:00:00,68.3
2024-07-22 04:00:00,61.95
2024-07-22 05:00:00,66.68
2024-07-22 06:00:00,76.79
2024-07-22 07:00:00,81.33
2024-07-22 08:00:00,86.32
2024-07-22 09:00:00,67.0
2024-07-22 10:00:00,46.960003
2024-07-22 11:00:00,14.020004
2024-07-22 12:00:00,25.479996
2024-07-22 13:00:00,21.410004
2024-07-22 14:00:00,19.510002
2024-07-22 15:00:00,19.720001
2024-07-22 16:00:00,25.46
2024-07-22 17:00:00,57.52
2024-07-22 18:00:00,67.36
2024-07-22 19:00:00,86.3
2024-07-22 20:00:00,95.73
2024-07-22 21:00:00,95.51
2024-07-22 22:00:00,104.14
2024-07-22 23:00:00,84.19
2024-07-23 00:00:00,78.98
2024-07-23 01:00:00,61.750004
2024-07-23 02:00:00,55.37
2024-07-23 03:00:00,53.240005
2024-07-23 04:00:00,50.27
2024-07-23 05:00:00,55.330006
2024-07-23 06:00:00,70.09
2024-07-23 07:00:00,74.42
2024-07-23 08:00:00,86.07
2024-07-23 09:00:00,70.7
2024-07-23 10:00:00,54.42
2024-07-23 11:00:00,44.530003
2024-07-23 12:00:00,32.300003
2024-07-23 13:00:00,29.270004
2024-07-23 14:00:00,25.94001
2024-07-23 15:00:00,27.86
2024-07-23 16:00:00,24.29
2024-07-23 17:00:00,61.1
2024-07-23 18:00:00,82.52
2024-07-23 19:00:00,93.77
2024-07-23 20:00:00,111.86
2024-07-23 21:00:00,100.2
2024-07-23 22:00:00,100.96
2024-07-23 23:00:00,91.67
2024-07-24 00:00:00,83.32
2024-07-24 01:00:00,78.23
2024-07-24 02:00:00,73.28
2024-07-24 03:00:00,70.69
2024-07-24 04:00:00,73.37
2024-07-24 05:00:00,72.59
2024-07-24 06:00:00,86.1
2024-07-24 07:00:00,99.45
2024-07-24 08:00:00,99.36
2024-07-24 09:00:00,73.82
2024-07-24 10:00:00,55.58
2024-07-24 11:00:00,21.470001
2024-07-24 12:00:00,2.1699982
2024-07-24 13:00:00,-0.099998474
2024-07-24 14:00:00,-5.1699905
2024-07-24 15:00:00,-0.08998871
2024-07-24 16:00:00,6.2500076
2024-07-24 17:00:00,42.0
2024-07-24 18:00:00,71.11
2024-07-24 19:00:00,98.16
2024-07-24 20:00:00,108.19
2024-07-24 21:00:00,115.46
2024-07-24 22:00:00,102.68
2024-07-24 23:00:00,81.96
2024-07-25 00:00:00,89.4
2024-07-25 01:00:00,84.52
2024-07-25 02:00:00,83.13
2024-07-25 03:00:00,79.92
2024-07-25 04:00:00,76.4
2024-07-25 05:00:00,80.0
2024-07-25 06:00:00,70.0
2024-07-25 07:00:00,86.8
2024-07-25 08:00:00,90.98
2024-07-25 09:00:00,71.98
2024-07-25 10:00:00,55.08
2024-07-25 11:00:00,36.949997
2024-07-25 12:00:00,24.309998
2024-07-25 13:00:00,17.36
2024-07-25 14:00:00,13.270012
2024-07-25 15:00:00,26.199997
2024-07-25 16:00:00,51.58
2024-07-25 17:00:00,80.0
2024-07-25 18:00:00,97.0
2024-07-25 19:00:00,99.2
2024-07-25 20:00:00,106.44
2024-07-25 21:00:00,99.5
2024-07-25 22:00:00,100.0
2024-07-25 23:00:00,84.86
2024-07-26 00:00:00,66.3
2024-07-26 01:00:00,71.65
2024-07-26 02:00:00,59.95
2024-07-26 03:00:00,62.24
2024-07-26 04:00:00,61.17
2024-07-26 05:00:00,63.74
2024-07-26 06:00:00,69.46
2024-07-26 07:00:00,76.57
2024-07-26 08:00:00,86.61
2024-07-26 09:00:00,88.67
2024-07-26 10:00:00,80.61
2024-07-26 11:00:00,68.89
2024-07-26 12:00:00,66.21
2024-07-26 13:00:00,51.41
2024-07-26 14:00:00,47.54
2024-07-26 15:00:00,53.08
2024-07-26 16:00:00,62.28
2024-07-26 17:00:00,78.79
2024-07-26 18:00:00,83.24
2024-07-26 19:00:00,92.9
2024-07-26 20:00:00,97.72
2024-07-26 21:00:00,92.93
2024-07-26 22:00:00,90.61
2024-07-26 23:00:00,93.65
2024-07-27 00:00:00,86.64
2024-07-27 01:00:00,72.99
2024-07-27 02:00:00,64.66
2024-07-27 03:00:00,62.880005
2024-07-27 04:00:00,60.64
2024-07-27 05:00:00,62.45
2024-07-27 06:00:00,57.400005
2024-07-27 07:00:00,50.14
2024-07-27 08:00:00,60.18
2024-07-27 09:00:00,51.37
2024-07-27 10:00:00,53.64
2024-07-27 11:00:00,39.9
2024-07-27 12:00:00,28.0
2024-07-27 13:00:00,17.800003
2024-07-27 14:00:00,17.919998
2024-07-27 15:00:00,30.290009
2024-07-27 16:00:00,52.43
2024-07-27 17:00:00,76.73
2024-07-27 18:00:00,74.62
2024-07-27 19:00:00,80.01
2024-07-27 20:00:00,79.69
2024-07-27 21:00:00,80.36
2024-07-27 22:00:00,79.32
2024-07-27 23:00:00,73.02
2024-07-28 00:00:00,60.82
2024-07-28 01:00:00,61.17
2024-07-28 02:00:00,57.540005
2024-07-28 03:00:00,46.840004
2024-07-28 04:00:00,39.809998
2024-07-28 05:00:00,48.7
2024-07-28 06:00:00,40.35
2024-07-28 07:00:00,34.35
2024-07-28 08:00:00,25.490005
2024-07-28 09:00:00,4.8200073
2024-07-28 10:00:00,0.0
2024-07-28 11:00:00,-1.9899979
2024-07-28 12:00:00,-13.569992
2024-07-28 13:00:00,-35.210007
2024-07-28 14:00:00,-46.430008
2024-07-28 15:00:00,-31.829987
2024-07-28 16:00:00,-11.690002
2024-07-28 17:00:00,-1.3499985
2024-07-28 18:00:00,40.33
2024-07-28 19:00:00,64.15001
2024-07-28 20:00:00,71.54
2024-07-28 21:00:00,71.12
2024-07-28 22:00:00,71.89
2024-07-28 23:00:00,61.74
2024-07-29 00:00:00,41.500004
2024-07-29 01:00:00,38.740013
2024-07-29 02:00:00,35.92
2024-07-29 03:00:00,34.410004
2024-07-29 04:00:00,35.559998
2024-07-29 05:00:00,44.17
2024-07-29 06:00:00,59.79
2024-07-29 07:00:00,53.56
2024-07-29 08:00:00,51.5
2024-07-29 09:00:00,39.229996
2024-07-29 10:00:00,12.949997
2024-07-29 11:00:00,0.120010376
2024-07-29 12:00:00,-0.16000366
2024-07-29 13:00:00,-1.4599991
2024-07-29 14:00:00,-0.5999985
2024-07-29 15:00:00,0.15000153
2024-07-29 16:00:00,14.0
2024-07-29 17:00:00,61.25
2024-07-29 18:00:00,80.32
2024-07-29 19:00:00,110.78
2024-07-29 20:00:00,120.2
2024-07-29 21:00:00,100.54
2024-07-29 22:00:00,96.85
2024-07-29 23:00:00,90.2
2024-07-30 00:00:00,65.14
2024-07-30 01:00:00,60.810005
2024-07-30 02:00:00,55.990005
2024-07-30 03:00:00,56.17
2024-07-30 04:00:00,56.04
2024-07-30 05:00:00,70.48001
2024-07-30 06:00:00,72.39
2024-07-30 07:00:00,79.18
2024-07-30 08:00:00,76.09
2024-07-30 09:00:00,57.98
2024-07-30 10:00:00,37.52001
2024-07-30 11:00:00,7.8399963
2024-07-30 12:00:00,1.050003
2024-07-30 13:00:00,-0.02999878
2024-07-30 14:00:00,0.16999817
2024-07-30 15:00:00,13.270012
2024-07-30 16:00:00,40.990005
2024-07-30 17:00:00,71.64
2024-07-30 18:00:00,90.81
2024-07-30 19:00:00,120.67
2024-07-30 20:00:00,143.6
2024-07-30 21:00:00,123.39
2024-07-30 22:00:00,109.05
2024-07-30 23:00:00,99.04
2024-07-31 00:00:00,95.79
2024-07-31 01:00:00,75.85
2024-07-31 02:00:00,70.81
2024-07-31 03:00:00,67.96001
2024-07-31 04:00:00,66.58
2024-07-31 05:00:00,78.36
2024-07-31 06:00:00,89.57
2024-07-31 07:00:00,80.18
2024-07-31 08:00:00,93.0
2024-07-31 09:00:00,74.62
2024-07-31 10:00:00,55.890003
2024-07-31 11:00:00,33.46
2024-07-31 12:00:00,24.0
2024-07-31 13:00:00,13.510002
2024-07-31 14:00:00,19.550003
2024-07-31 15:00:00,31.739998
2024-07-31 16:00:00,43.000004
2024-07-31 17:00:00,75.96
2024-07-31 18:00:00,95.38
2024-07-31 19:00:00,113.67
2024-07-31 20:00:00,125.72
2024-07-31 21:00:00,108.18
2024-07-31 22:00:00,104.18
2024-07-31 23:00:00,96.61
2024-08-01 00:00:00,96.75
2024-08-01 01:00:00,87.5
2024-08-01 02:00:00,86.85
2024-08-01 03:00:00,78.04
2024-08-01 04:00:00,80.5
2024-08-01 05:00:00,88.39
2024-08-01 06:00:00,97.25
2024-08-01 07:00:00,86.76
2024-08-01 08:00:00,105.95
2024-08-01 09:00:00,90.1
2024-08-01 10:00:00,76.95
2024-08-01 11:00:00,67.64
2024-08-01 12:00:00,64.03
2024-08-01 13:00:00,60.11
2024-08-01 14:00:00,60.75
2024-08-01 15:00:00,67.02
2024-08-01 16:00:00,58.270004
2024-08-01 17:00:00,78.08
2024-08-01 18:00:00,98.23
2024-08-01 19:00:00,111.09
2024-08-01 20:00:00,117.18
2024-08-01 21:00:00,111.61
2024-08-01 22:00:00,110.87
2024-08-01 23:00:00,97.77
2024-08-02 00:00:00,93.93
2024-08-02 01:00:00,83.41
2024-08-02 02:00:00,84.63
2024-08-02 03:00:00,74.78
2024-08-02 04:00:00,71.7
2024-08-02 05:00:00,74.0
2024-08-02 06:00:00,89.27
2024-08-02 07:00:00,111.5
2024-08-02 08:00:00,110.77
2024-08-02 09:00:00,104.42
2024-08-02 10:00:00,72.23
2024-08-02 11:00:00,66.97
2024-08-02 12:00:00,67.76
2024-08-02 13:00:00,55.86
2024-08-02 14:00:00,51.69
2024-08-02 15:00:00,50.21
2024-08-02 16:00:00,55.74
2024-08-02 17:00:00,65.8
2024-08-02 18:00:00,80.0
2024-08-02 19:00:00,104.27
2024-08-02 20:00:00,117.59
2024-08-02 21:00:00,112.77
2024-08-02 22:00:00,107.9
2024-08-02 23:00:00,98.94
2024-08-03 00:00:00,78.01
2024-08-03 01:00:00,66.44
2024-08-03 02:00:00,62.84
2024-08-03 03:00:00,54.98
2024-08-03 04:00:00,52.12
2024-08-03 05:00:00,58.82
2024-08-03 06:00:00,60.38
2024-08-03 07:00:00,57.69
2024-08-03 08:00:00,53.400005
2024-08-03 09:00:00,41.690002
2024-08-03 10:00:00,32.440002
2024-08-03 11:00:00,20.36
2024-08-03 12:00:00,14.660004
2024-08-03 13:00:00,6.4100037
2024-08-03 14:00:00,4.1200104
2024-08-03 15:00:00,11.920006
2024-08-03 16:00:00,26.79
2024-08-03 17:00:00,40.58
2024-08-03 18:00:00,63.32
2024-08-03 19:00:00,74.76
2024-08-03 20:00:00,80.66
2024-08-03 21:00:00,85.03
2024-08-03 22:00:00,85.18
2024-08-03 23:00:00,74.76
2024-08-04 00:00:00,70.56
2024-08-04 01:00:00,64.64
2024-08-04 02:00:00,60.78
2024-08-04 03:00:00,47.100002
2024-08-04 04:00:00,43.790005
2024-08-04 05:00:00,44.260002
2024-08-04 06:00:00,43.16
2024-08-04 07:00:00,43.41
2024-08-04 08:00:00,51.62
2024-08-04 09:00:00,26.089996
2024-08-04 10:00:00,8.050011
2024-08-04 11:00:00,2.050003
2024-08-04 12:00:00,0.060005188
2024-08-04 13:00:00,-0.040000916
2024-08-04 14:00:00,-2.1500015
2024-08-04 15:00:00,-0.009994507
2024-08-04 16:00:00,1.0599976
2024-08-04 17:00:00,22.810005
2024-08-04 18:00:00,61.79
2024-08-04 19:00:00,83.72
2024-08-04 20:00:00,99.9
2024-08-04 21:00:00,101.38
2024-08-04 22:00:00,102.36
2024-08-04 23:00:00,87.63
2024-08-05 00:00:00,59.7
2024-08-05 01:00:00,50.42
2024-08-05 02:00:00,51.06
2024-08-05 03:00:00,46.450005
2024-08-05 04:00:00,48.45
2024-08-05 05:00:00,54.7
2024-08-05 06:00:00,69.99
2024-08-05 07:00:00,80.11
2024-08-05 08:00:00,78.56
2024-08-05 09:00:00,70.12
2024-08-05 10:00:00,45.780003
2024-08-05 11:00:00,27.18
2024-08-05 12:00:00,30.400002
2024-08-05 13:00:00,8.26001
2024-08-05 14:00:00,3.3099976
2024-08-05 15:00:00,9.970009
2024-08-05 16:00:00,27.18
2024-08-05 17:00:00,60.36
2024-08-05 18:00:00,94.75
2024-08-05 19:00:00,127.87
2024-08-05 20:00:00,171.91
2024-08-05 21:00:00,136.76
2024-08-05 22:00:00,111.88
2024-08-05 23:00:00,99.04
2024-08-06 00:00:00,78.78
2024-08-06 01:00:00,65.9
2024-08-06 02:00:00,60.46
2024-08-06 03:00:00,54.17
2024-08-06 04:00:00,53.71
2024-08-06 05:00:00,63.470005
2024-08-06 06:00:00,74.53
2024-08-06 07:00:00,90.84
2024-08-06 08:00:00,76.27
2024-08-06 09:00:00,65.25
2024-08-06 10:00:00,36.059998
2024-08-06 11:00:00,21.220001
2024-08-06 12:00:00,15.879997
2024-08-06 13:00:00,3.0
2024-08-06 14:00:00,4.8399963
2024-08-06 15:00:00,19.300003
2024-08-06 16:00:00,27.800003
2024-08-06 17:00:00,65.38
2024-08-06 18:00:00,84.83
2024-08-06 19:00:00,127.2
2024-08-06 20:00:00,166.76
2024-08-06 21:00:00,133.11
2024-08-06 22:00:00,105.72
2024-08-06 23:00:00,90.02
2024-08-07 00:00:00,74.02
2024-08-07 01:00:00,64.11
2024-08-07 02:00:00,60.01
2024-08-07 03:00:00,56.56
2024-08-07 04:00:00,58.98
2024-08-07 05:00:00,69.5
2024-08-07 06:00:00,85.0
2024-08-07 07:00:00,89.35
2024-08-07 08:00:00,83.16
2024-08-07 09:00:00,69.06
2024-08-07 10:00:00,58.170002
2024-08-07 11:00:00,43.41
2024-08-07 12:00:00,26.839996
2024-08-07 13:00:00,12.32
2024-08-07 14:00:00,8.25
2024-08-07 15:00:00,9.889999
2024-08-07 16:00:00,-6.199997
2024-08-07 17:00:00,25.029999
2024-08-07 18:00:00,78.65
2024-08-07 19:00:00,90.72
2024-08-07 20:00:00,108.33
2024-08-07 21:00:00,104.43
2024-08-07 22:00:00,94.86
2024-08-07 23:00:00,87.66
2024-08-08 00:00:00,75.41
2024-08-08 01:00:00,67.35
2024-08-08 02:00:00,62.5
2024-08-08 03:00:00,59.070004
2024-08-08 04:00:00,59.7
2024-08-08 05:00:00,67.69
2024-08-08 06:00:00,77.43
2024-08-08 07:00:00,92.95
2024-08-08 08:00:00,91.17
2024-08-08 09:00:00,82.39
2024-08-08 10:00:00,61.12
2024-08-08 11:00:00,49.690002
2024-08-08 12:00:00,37.560005
2024-08-08 13:00:00,24.30001
2024-08-08 14:00:00,17.420006
2024-08-08 15:00:00,22.129997
2024-08-08 16:00:00,40.59
2024-08-08 17:00:00,58.52
2024-08-08 18:00:00,81.95
2024-08-08 19:00:00,91.91
2024-08-08 20:00:00,119.25
2024-08-08 21:00:00,97.43
2024-08-08 22:00:00,80.94
2024-08-08 23:00:00,74.78
2024-08-09 00:00:00,63.27
2024-08-09 01:00:00,42.6
2024-08-09 02:00:00,22.620003
2024-08-09 03:00:00,26.400002
2024-08-09 04:00:00,30.979996
2024-08-09 05:00:00,25.339996
2024-08-09 06:00:00,48.040005
2024-08-09 07:00:00,51.000004
2024-08-09 08:00:00,45.89
2024-08-09 09:00:00,29.169998
2024-08-09 10:00:00,6.9800034
2024-08-09 11:00:00,0.099998474
2024-08-09 12:00:00,-0.35999298
2024-08-09 13:00:00,-0.69000244
2024-08-09 14:00:00,-1.859993
2024-08-09 15:00:00,-3.319992
2024-08-09 16:00:00,-4.7899933
2024-08-09 17:00:00,1.7900085
2024-08-09 18:00:00,41.07
2024-08-09 19:00:00,79.93
2024-08-09 20:00:00,107.86
2024-08-09 21:00:00,110.32
2024-08-09 22:00:00,105.21
2024-08-09 23:00:00,89.07
2024-08-10 00:00:00,73.67
2024-08-10 01:00:00,69.75
2024-08-10 02:00:00,63.19
2024-08-10 03:00:00,60.65
2024-08-10 04:00:00,58.18
2024-08-10 05:00:00,61.280003
2024-08-10 06:00:00,65.5
2024-08-10 07:00:00,56.92
2024-08-10 08:00:00,30.580002
2024-08-10 09:00:00,0.20999908
2024-08-10 10:00:00,-2.9899979
2024-08-10 11:00:00,-12.179993
2024-08-10 12:00:00,-22.470001
2024-08-10 13:00:00,-51.509995
2024-08-10 14:00:00,-58.009995
2024-08-10 15:00:00,-29.699997
2024-08-10 16:00:00,-9.660004
2024-08-10 17:00:00,-0.84999084
2024-08-10 18:00:00,48.95
2024-08-10 19:00:00,97.88
2024-08-10 20:00:00,106.73
2024-08-10 21:00:00,108.64
2024-08-10 22:00:00,107.64
2024-08-10 23:00:00,98.5
2024-08-11 00:00:00,85.31
2024-08-11 01:00:00,82.11
2024-08-11 02:00:00,83.67
2024-08-11 03:00:00,78.91
2024-08-11 04:00:00,80.49
2024-08-11 05:00:00,79.55
2024-08-11 06:00:00,85.39
2024-08-11 07:00:00,72.78
2024-08-11 08:00:00,22.510002
2024-08-11 09:00:00,0.0
2024-08-11 10:00:00,-5.0
2024-08-11 11:00:00,-14.969994
2024-08-11 12:00:00,-32.009995
2024-08-11 13:00:00,-59.880005
2024-08-11 14:00:00,-50.069977
2024-08-11 15:00:00,-31.289993
2024-08-11 16:00:00,-5.1900024
2024-08-11 17:00:00,1.0199966
2024-08-11 18:00:00,69.89
2024-08-11 19:00:00,101.0
2024-08-11 20:00:00,109.53
2024-08-11 21:00:00,100.4
2024-08-11 22:00:00,87.4
2024-08-11 23:00:00,78.62
2024-08-12 00:00:00,74.64
2024-08-12 01:00:00,62.97
2024-08-12 02:00:00,51.92
2024-08-12 03:00:00,52.81
2024-08-12 04:00:00,53.86
2024-08-12 05:00:00,42.44
2024-08-12 06:00:00,57.680004
2024-08-12 07:00:00,66.45
2024-08-12 08:00:00,71.44
2024-08-12 09:00:00,53.22
2024-08-12 10:00:00,40.119995
2024-08-12 11:00:00,16.04
2024-08-12 12:00:00,7.720001
2024-08-12 13:00:00,4.6500015
2024-08-12 14:00:00,11.32
2024-08-12 15:00:00,23.349998
2024-08-12 16:00:00,48.040005
2024-08-12 17:00:00,85.42
2024-08-12 18:00:00,107.22
2024-08-12 19:00:00,162.56
2024-08-12 20:00:00,175.94
2024-08-12 21:00:00,129.37
2024-08-12 22:00:00,107.23
2024-08-12 23:00:00,100.05
2024-08-13 00:00:00,99.64
2024-08-13 01:00:00,87.92
2024-08-13 02:00:00,76.6
2024-08-13 03:00:00,75.84
2024-08-13 04:00:00,75.59
2024-08-13 05:00:00,85.9
2024-08-13 06:00:00,111.53
2024-08-13 07:00:00,124.04
2024-08-13 08:00:00,117.89
2024-08-13 09:00:00,94.77
2024-08-13 10:00:00,70.74
2024-08-13 11:00:00,56.880005
2024-08-13 12:00:00,44.600002
2024-08-13 13:00:00,41.690002
2024-08-13 14:00:00,49.060005
2024-08-13 15:00:00,65.07
2024-08-13 16:00:00,82.38
2024-08-13 17:00:00,93.94
2024-08-13 18:00:00,107.17
2024-08-13 19:00:00,149.78
2024-08-13 20:00:00,154.6
2024-08-13 21:00:00,114.88
2024-08-13 22:00:00,112.42
2024-08-13 23:00:00,103.9
2024-08-14 00:00:00,88.03
2024-08-14 01:00:00,84.85
2024-08-14 02:00:00,82.34
2024-08-14 03:00:00,78.8
2024-08-14 04:00:00,82.26
2024-08-14 05:00:00,88.23
2024-08-14 06:00:00,104.38
2024-08-14 07:00:00,118.21
2024-08-14 08:00:00,117.71
2024-08-14 09:00:00,105.51
2024-08-14 10:00:00,85.85
2024-08-14 11:00:00,82.3
2024-08-14 12:00:00,77.45
2024-08-14 13:00:00,76.33
2024-08-14 14:00:00,75.02
2024-08-14 15:00:00,73.01
2024-08-14 16:00:00,81.22
2024-08-14 17:00:00,86.74
2024-08-14 18:00:00,110.43
2024-08-14 19:00:00,132.54
2024-08-14 20:00:00,149.28
2024-08-14 21:00:00,126.79
2024-08-14 22:00:00,112.91
2024-08-14 23:00:00,100.08
2024-08-15 00:00:00,85.0
2024-08-15 01:00:00,78.41
2024-08-15 02:00:00,74.21
2024-08-15 03:00:00,70.71001
2024-08-15 04:00:00,64.39
2024-08-15 05:00:00,72.13
2024-08-15 06:00:00,78.43
2024-08-15 07:00:00,82.77
2024-08-15 08:00:00,73.05
2024-08-15 09:00:00,48.670002
2024-08-15 10:00:00,33.059998
2024-08-15 11:00:00,12.960007
2024-08-15 12:00:00,10.020004
2024-08-15 13:00:00,0.30000305
2024-08-15 14:00:00,0.11000061
2024-08-15 15:00:00,0.34000397
2024-08-15 16:00:00,2.050003
2024-08-15 17:00:00,16.809998
2024-08-15 18:00:00,51.88
2024-08-15 19:00:00,82.65
2024-08-15 20:00:00,102.89
2024-08-15 21:00:00,100.0
2024-08-15 22:00:00,102.78
2024-08-15 23:00:00,88.62
2024-08-16 00:00:00,78.92
2024-08-16 01:00:00,71.06
2024-08-16 02:00:00,74.09
2024-08-16 03:00:00,71.46
2024-08-16 04:00:00,68.94
2024-08-16 05:00:00,75.62
2024-08-16 06:00:00,85.55
2024-08-16 07:00:00,96.91
2024-08-16 08:00:00,102.43
2024-08-16 09:00:00,86.1
2024-08-16 10:00:00,83.83
2024-08-16 11:00:00,69.71
2024-08-16 12:00:00,61.29
2024-08-16 13:00:00,52.650005
2024-08-16 14:00:00,48.73
2024-08-16 15:00:00,54.57
2024-08-16 16:00:00,67.51
2024-08-16 17:00:00,75.97
2024-08-16 18:00:00,88.66
2024-08-16 19:00:00,146.29
2024-08-16 20:00:00,153.56
2024-08-16 21:00:00,133.17
2024-08-16 22:00:00,124.67
2024-08-16 23:00:00,116.14
2024-08-17 00:00:00,106.99
2024-08-17 01:00:00,97.02
2024-08-17 02:00:00,94.8
2024-08-17 03:00:00,88.56
2024-08-17 04:00:00,84.29
2024-08-17 05:00:00,84.61
2024-08-17 06:00:00,85.9
2024-08-17 07:00:00,83.73
2024-08-17 08:00:00,90.47
2024-08-17 09:00:00,75.86
2024-08-17 10:00:00,68.47
2024-08-17 11:00:00,51.43
2024-08-17 12:00:00,41.21
2024-08-17 13:00:00,35.089996
2024-08-17 14:00:00,30.830002
2024-08-17 15:00:00,35.270004
2024-08-17 16:00:00,50.450005
2024-08-17 17:00:00,75.09
2024-08-17 18:00:00,87.5
2024-08-17 19:00:00,105.37
2024-08-17 20:00:00,119.07
2024-08-17 21:00:00,118.16
2024-08-17 22:00:00,114.32
2024-08-17 23:00:00,105.25
2024-08-18 00:00:00,94.93
2024-08-18 01:00:00,88.64
2024-08-18 02:00:00,83.28
2024-08-18 03:00:00,77.94
2024-08-18 04:00:00,74.85
2024-08-18 05:00:00,72.35
2024-08-18 06:00:00,73.0
2024-08-18 07:00:00,69.05
2024-08-18 08:00:00,69.87
2024-08-18 09:00:00,53.16
2024-08-18 10:00:00,32.0
2024-08-18 11:00:00,20.379997
2024-08-18 12:00:00,18.199997
2024-08-18 13:00:00,8.779999
2024-08-18 14:00:00,0.37999725
2024-08-18 15:00:00,-5.4799957
2024-08-18 16:00:00,-0.37999725
2024-08-18 17:00:00,32.190002
2024-08-18 18:00:00,57.95
2024-08-18 19:00:00,85.77
2024-08-18 20:00:00,96.82
2024-08-18 21:00:00,110.0
2024-08-18 22:00:00,111.44
2024-08-18 23:00:00,99.5
2024-08-19 00:00:00,93.69
2024-08-19 01:00:00,81.4
2024-08-19 02:00:00,77.44
2024-08-19 03:00:00,79.1
2024-08-19 04:00:00,78.67
2024-08-19 05:00:00,82.41
2024-08-19 06:00:00,97.94
2024-08-19 07:00:00,125.85
2024-08-19 08:00:00,122.52
2024-08-19 09:00:00,112.58
2024-08-19 10:00:00,88.79
2024-08-19 11:00:00,82.02
2024-08-19 12:00:00,76.91
2024-08-19 13:00:00,73.82
2024-08-19 14:00:00,72.97
2024-08-19 15:00:00,72.72
2024-08-19 16:00:00,75.65
2024-08-19 17:00:00,89.37
2024-08-19 18:00:00,105.27
2024-08-19 19:00:00,146.65
2024-08-19 20:00:00,165.0
2024-08-19 21:00:00,128.19
2024-08-19 22:00:00,100.8
2024-08-19 23:00:00,86.18
2024-08-20 00:00:00,85.22
2024-08-20 01:00:00,75.69
2024-08-20 02:00:00,69.6
2024-08-20 03:00:00,60.07
2024-08-20 04:00:00,58.37
2024-08-20 05:00:00,64.85
2024-08-20 06:00:00,88.76
2024-08-20 07:00:00,101.36
2024-08-20 08:00:00,106.29
2024-08-20 09:00:00,95.06
2024-08-20 10:00:00,67.0
2024-08-20 11:00:00,49.21
2024-08-20 12:00:00,35.979996
2024-08-20 13:00:00,18.270004
2024-08-20 14:00:00,12.209999
2024-08-20 15:00:00,31.349998
2024-08-20 16:00:00,41.480003
2024-08-20 17:00:00,69.87
2024-08-20 18:00:00,87.47
2024-08-20 19:00:00,110.18
2024-08-20 20:00:00,108.1
2024-08-20 21:00:00,96.8
2024-08-20 22:00:00,91.72
2024-08-20 23:00:00,80.35
2024-08-21 00:00:00,59.51
2024-08-21 01:00:00,48.350002
2024-08-21 02:00:00,44.78
2024-08-21 03:00:00,30.260002
2024-08-21 04:00:00,36.72
2024-08-21 05:00:00,41.96
2024-08-21 06:00:00,75.38
2024-08-21 07:00:00,87.44
2024-08-21 08:00:00,87.42
2024-08-21 09:00:00,53.330006
2024-08-21 10:00:00,0.099998474
2024-08-21 11:00:00,-4.7699966
2024-08-21 12:00:00,-12.020004
2024-08-21 13:00:00,-19.370003
2024-08-21 14:00:00,-19.999992
2024-08-21 15:00:00,-15.559998
2024-08-21 16:00:00,-10.109993
2024-08-21 17:00:00,4.3799973
2024-08-21 18:00:00,69.0
2024-08-21 19:00:00,98.81
2024-08-21 20:00:00,109.19
2024-08-21 21:00:00,109.81
2024-08-21 22:00:00,96.83
2024-08-21 23:00:00,84.11
2024-08-22 00:00:00,62.620003
2024-08-22 01:00:00,51.2
2024-08-22 02:00:00,46.720005
2024-08-22 03:00:00,30.770012
2024-08-22 04:00:00,27.21
2024-08-22 05:00:00,33.85
2024-08-22 06:00:00,61.55
2024-08-22 07:00:00,24.599998
2024-08-22 08:00:00,24.18
2024-08-22 09:00:00,-2.30999
2024-08-22 10:00:00,-13.610001
2024-08-22 11:00:00,-24.490005
2024-08-22 12:00:00,-24.819992
2024-08-22 13:00:00,-35.0
2024-08-22 14:00:00,-31.800003
2024-08-22 15:00:00,-15.549995
2024-08-22 16:00:00,-11.729988
2024-08-22 17:00:00,-3.300003
2024-08-22 18:00:00,88.29
2024-08-22 19:00:00,113.88
2024-08-22 20:00:00,115.59
2024-08-22 21:00:00,111.58
2024-08-22 22:00:00,96.35
2024-08-22 23:00:00,79.78
2024-08-23 00:00:00,52.56
2024-08-23 01:00:00,41.060005
2024-08-23 02:00:00,34.300003
2024-08-23 03:00:00,19.86
2024-08-23 04:00:00,9.639999
2024-08-23 05:00:00,8.340004
2024-08-23 06:00:00,12.729996
2024-08-23 07:00:00,23.589996
2024-08-23 08:00:00,22.79
2024-08-23 09:00:00,0.060005188
2024-08-23 10:00:00,-0.7900009
2024-08-23 11:00:00,-3.0199966
2024-08-23 12:00:00,-3.75
2024-08-23 13:00:00,-7.9000015
2024-08-23 14:00:00,-12.089996
2024-08-23 15:00:00,-8.30999
2024-08-23 16:00:00,-6.300003
2024-08-23 17:00:00,1.4500046
2024-08-23 18:00:00,52.74
2024-08-23 19:00:00,101.05
2024-08-23 20:00:00,115.0
2024-08-23 21:00:00,123.68
2024-08-23 22:00:00,119.86
2024-08-23 23:00:00,101.44
2024-08-24 00:00:00,97.42
2024-08-24 01:00:00,78.59
2024-08-24 02:00:00,74.26
2024-08-24 03:00:00,70.7
2024-08-24 04:00:00,72.17
2024-08-24 05:00:00,73.14
2024-08-24 06:00:00,78.3
2024-08-24 07:00:00,67.05
2024-08-24 08:00:00,52.74
2024-08-24 09:00:00,15.0
2024-08-24 10:00:00,-0.019989014
2024-08-24 11:00:00,-6.800003
2024-08-24 12:00:00,-18.559998
2024-08-24 13:00:00,-39.5
2024-08-24 14:00:00,-43.389984
2024-08-24 15:00:00,-26.740005
2024-08-24 16:00:00,-5.970001
2024-08-24 17:00:00,-1.0
2024-08-24 18:00:00,39.190002
2024-08-24 19:00:00,80.0
2024-08-24 20:00:00,81.61
2024-08-24 21:00:00,70.6
2024-08-24 22:00:00,65.79
2024-08-24 23:00:00,51.49
2024-08-25 00:00:00,3.2699966
2024-08-25 01:00:00,2.2500076
2024-08-25 02:00:00,0.54000854
2024-08-25 03:00:00,-0.3199997
2024-08-25 04:00:00,0.010002136
2024-08-25 05:00:00,0.62000275
2024-08-25 06:00:00,0.890007
2024-08-25 07:00:00,0.010002136
2024-08-25 08:00:00,0.11000061
2024-08-25 09:00:00,-1.3399887
2024-08-25 10:00:00,-5.8799973
2024-08-25 11:00:00,-8.539993
2024-08-25 12:00:00,-9.589996
2024-08-25 13:00:00,-12.869995
2024-08-25 14:00:00,-18.289993
2024-08-25 15:00:00,-9.82
2024-08-25 16:00:00,-3.3300018
2024-08-25 17:00:00,-1.0
2024-08-25 18:00:00,49.77
2024-08-25 19:00:00,96.97
2024-08-25 20:00:00,104.96
2024-08-25 21:00:00,108.31
2024-08-25 22:00:00,101.54
2024-08-25 23:00:00,92.9
2024-08-26 00:00:00,73.92
2024-08-26 01:00:00,66.91
2024-08-26 02:00:00,64.03
2024-08-26 03:00:00,56.200005
2024-08-26 04:00:00,54.550003
2024-08-26 05:00:00,66.51
2024-08-26 06:00:00,83.74
2024-08-26 07:00:00,88.75
2024-08-26 08:00:00,96.87
2024-08-26 09:00:00,63.610004
2024-08-26 10:00:00,14.900002
2024-08-26 11:00:00,2.6800003
2024-08-26 12:00:00,23.059998
2024-08-26 13:00:00,17.82
2024-08-26 14:00:00,37.1
2024-08-26 15:00:00,44.250004
2024-08-26 16:00:00,55.71
2024-08-26 17:00:00,91.26
2024-08-26 18:00:00,109.92
2024-08-26 19:00:00,149.34
2024-08-26 20:00:00,170.04
2024-08-26 21:00:00,126.93
2024-08-26 22:00:00,111.02
2024-08-26 23:00:00,99.77
2024-08-27 00:00:00,98.57
2024-08-27 01:00:00,86.6
2024-08-27 02:00:00,76.05
2024-08-27 03:00:00,69.39
2024-08-27 04:00:00,63.03
2024-08-27 05:00:00,69.29
2024-08-27 06:00:00,90.31
2024-08-27 07:00:00,102.76
2024-08-27 08:00:00,99.25
2024-08-27 09:00:00,82.57
2024-08-27 10:00:00,62.360004
2024-08-27 11:00:00,28.82
2024-08-27 12:00:00,4.919998
2024-08-27 13:00:00,1.3300018
2024-08-27 14:00:00,2.0599976
2024-08-27 15:00:00,24.550003
2024-08-27 16:00:00,50.27
2024-08-27 17:00:00,87.34
2024-08-27 18:00:00,113.85
2024-08-27 19:00:00,170.41
2024-08-27 20:00:00,164.73
2024-08-27 21:00:00,120.95
2024-08-27 22:00:00,105.89
2024-08-27 23:00:00,93.25
2024-08-28 00:00:00,91.18
2024-08-28 01:00:00,91.78
2024-08-28 02:00:00,87.2
2024-08-28 03:00:00,87.11
2024-08-28 04:00:00,84.85
2024-08-28 05:00:00,88.38
2024-08-28 06:00:00,105.9
2024-08-28 07:00:00,126.13
2024-08-28 08:00:00,120.76
2024-08-28 09:00:00,105.57
2024-08-28 10:00:00,88.38
2024-08-28 11:00:00,70.0
2024-08-28 12:00:00,36.730003
2024-08-28 13:00:00,12.660004
2024-08-28 14:00:00,10.110008
2024-08-28 15:00:00,55.210003
2024-08-28 16:00:00,79.53
2024-08-28 17:00:00,91.65
2024-08-28 18:00:00,105.0
2024-08-28 19:00:00,153.98
2024-08-28 20:00:00,158.47
2024-08-28 21:00:00,125.36
2024-08-28 22:00:00,112.68
2024-08-28 23:00:00,100.8
2024-08-29 00:00:00,94.26
2024-08-29 01:00:00,94.47
2024-08-29 02:00:00,89.41
2024-08-29 03:00:00,88.92
2024-08-29 04:00:00,89.64
2024-08-29 05:00:00,97.43
2024-08-29 06:00:00,110.15
2024-08-29 07:00:00,128.43
2024-08-29 08:00:00,126.24
2024-08-29 09:00:00,108.73
2024-08-29 10:00:00,92.26
2024-08-29 11:00:00,84.53
2024-08-29 12:00:00,66.11
2024-08-29 13:00:00,45.83
2024-08-29 14:00:00,52.600002
2024-08-29 15:00:00,79.86
2024-08-29 16:00:00,89.91
2024-08-29 17:00:00,104.0
2024-08-29 18:00:00,114.69
2024-08-29 19:00:00,164.09
2024-08-29 20:00:00,199.89
2024-08-29 21:00:00,148.54
2024-08-29 22:00:00,124.4
2024-08-29 23:00:00,107.4
2024-08-30 00:00:00,105.24
2024-08-30 01:00:00,95.05
2024-08-30 02:00:00,92.19
2024-08-30 03:00:00,84.78
2024-08-30 04:00:00,83.05
2024-08-30 05:00:00,89.99
2024-08-30 06:00:00,108.25
2024-08-30 07:00:00,125.31
2024-08-30 08:00:00,128.0
2024-08-30 09:00:00,113.7
2024-08-30 10:00:00,98.28
2024-08-30 11:00:00,89.98
2024-08-30 12:00:00,86.35
2024-08-30 13:00:00,80.48
2024-08-30 14:00:00,79.18
2024-08-30 15:00:00,82.33
2024-08-30 16:00:00,86.18
2024-08-30 17:00:00,100.2
2024-08-30 18:00:00,115.5
2024-08-30 19:00:00,133.46
2024-08-30 20:00:00,119.11
2024-08-30 21:00:00,107.75
2024-08-30 22:00:00,96.86
2024-08-30 23:00:00,95.5
2024-08-31 00:00:00,105.7
2024-08-31 01:00:00,92.45
2024-08-31 02:00:00,88.43
2024-08-31 03:00:00,81.98
2024-08-31 04:00:00,74.14
2024-08-31 05:00:00,76.74
2024-08-31 06:00:00,80.59
2024-08-31 07:00:00,83.64
2024-08-31 08:00:00,90.79
2024-08-31 09:00:00,84.92
2024-08-31 10:00:00,60.130005
2024-08-31 11:00:00,18.339996
2024-08-31 12:00:00,-10.0
2024-08-31 13:00:00,-14.900002
2024-08-31 14:00:00,-18.260002
2024-08-31 15:00:00,-14.689995
2024-08-31 16:00:00,19.169998
2024-08-31 17:00:00,73.99
2024-08-31 18:00:00,109.28
2024-08-31 19:00:00,126.04
2024-08-31 20:00:00,123.36
2024-08-31 21:00:00,107.71
2024-08-31 22:00:00,100.1
2024-08-31 23:00:00,89.43
2024-09-01 00:00:00,93.93
2024-09-01 01:00:00,85.99
2024-09-01 02:00:00,80.37
2024-09-01 03:00:00,74.19
2024-09-01 04:00:00,68.22
2024-09-01 05:00:00,65.72
2024-09-01 06:00:00,65.86
2024-09-01 07:00:00,64.61
2024-09-01 08:00:00,60.6
2024-09-01 09:00:00,41.270004
2024-09-01 10:00:00,12.729996
2024-09-01 11:00:00,-3.4999924
2024-09-01 12:00:00,-28.020004
2024-09-01 13:00:00,-53.609985
2024-09-01 14:00:00,-31.399994
2024-09-01 15:00:00,-10.720001
2024-09-01 16:00:00,25.379997
2024-09-01 17:00:00,78.5
2024-09-01 18:00:00,104.56
2024-09-01 19:00:00,127.02
2024-09-01 20:00:00,124.75
2024-09-01 21:00:00,108.71
2024-09-01 22:00:00,103.49
2024-09-01 23:00:00,91.11
2024-09-02 00:00:00,91.78
2024-09-02 01:00:00,94.9
2024-09-02 02:00:00,92.42
2024-09-02 03:00:00,92.53
2024-09-02 04:00:00,89.51
2024-09-02 05:00:00,97.32
2024-09-02 06:00:00,107.79
2024-09-02 07:00:00,127.63
2024-09-02 08:00:00,131.52
2024-09-02 09:00:00,122.64
2024-09-02 10:00:00,102.83
2024-09-02 11:00:00,90.87
2024-09-02 12:00:00,85.25
2024-09-02 13:00:00,81.4
2024-09-02 14:00:00,83.93
2024-09-02 15:00:00,89.18
2024-09-02 16:00:00,94.07
2024-09-02 17:00:00,106.19
2024-09-02 18:00:00,127.76
2024-09-02 19:00:00,186.47998
2024-09-02 20:00:00,171.81
2024-09-02 21:00:00,132.98
2024-09-02 22:00:00,115.24
2024-09-02 23:00:00,104.21
2024-09-03 00:00:00,99.56
2024-09-03 01:00:00,92.3
2024-09-03 02:00:00,91.07
2024-09-03 03:00:00,90.08
2024-09-03 04:00:00,91.34
2024-09-03 05:00:00,97.78
2024-09-03 06:00:00,116.2
2024-09-03 07:00:00,135.8
2024-09-03 08:00:00,133.95
2024-09-03 09:00:00,115.98
2024-09-03 10:00:00,98.88
2024-09-03 11:00:00,90.02
2024-09-03 12:00:00,84.87
2024-09-03 13:00:00,82.83
2024-09-03 14:00:00,84.32
2024-09-03 15:00:00,86.79
2024-09-03 16:00:00,91.9
2024-09-03 17:00:00,106.78
2024-09-03 18:00:00,156.4
2024-09-03 19:00:00,268.94
2024-09-03 20:00:00,249.42
2024-09-03 21:00:00,165.77
2024-09-03 22:00:00,129.21
2024-09-03 23:00:00,116.08
2024-09-04 00:00:00,108.26
2024-09-04 01:00:00,97.91
2024-09-04 02:00:00,94.39
2024-09-04 03:00:00,90.87
2024-09-04 04:00:00,86.92
2024-09-04 05:00:00,96.02
2024-09-04 06:00:00,121.15
2024-09-04 07:00:00,146.79
2024-09-04 08:00:00,139.29
2024-09-04 09:00:00,123.04
2024-09-04 10:00:00,107.21
2024-09-04 11:00:00,95.96
2024-09-04 12:00:00,92.09
2024-09-04 13:00:00,90.53
2024-09-04 14:00:00,89.47
2024-09-04 15:00:00,92.61
2024-09-04 16:00:00,96.97
2024-09-04 17:00:00,111.3
2024-09-04 18:00:00,140.96
2024-09-04 19:00:00,209.58
2024-09-04 20:00:00,149.86
2024-09-04 21:00:00,126.77
2024-09-04 22:00:00,109.68
2024-09-04 23:00:00,100.64
2024-09-05 00:00:00,101.27
2024-09-05 01:00:00,94.6
2024-09-05 02:00:00,90.0
2024-09-05 03:00:00,87.11
2024-09-05 04:00:00,79.37
2024-09-05 05:00:00,82.41
2024-09-05 06:00:00,96.2
2024-09-05 07:00:00,113.0
2024-09-05 08:00:00,119.04
2024-09-05 09:00:00,97.68
2024-09-05 10:00:00,90.0
2024-09-05 11:00:00,68.67
2024-09-05 12:00:00,63.95
2024-09-05 13:00:00,45.81
2024-09-05 14:00:00,59.64
2024-09-05 15:00:00,45.83
2024-09-05 16:00:00,55.000004
2024-09-05 17:00:00,85.37
2024-09-05 18:00:00,87.66
2024-09-05 19:00:00,106.33
2024-09-05 20:00:00,105.81
2024-09-05 21:00:00,95.0
2024-09-05 22:00:00,85.04
2024-09-05 23:00:00,79.54
2024-09-06 00:00:00,69.04
2024-09-06 01:00:00,60.98
2024-09-06 02:00:00,50.980003
2024-09-06 03:00:00,49.14
2024-09-06 04:00:00,58.28
2024-09-06 05:00:00,70.0
2024-09-06 06:00:00,91.23
2024-09-06 07:00:00,117.34
2024-09-06 08:00:00,119.43
2024-09-06 09:00:00,105.03
2024-09-06 10:00:00,100.6
2024-09-06 11:00:00,98.1
2024-09-06 12:00:00,75.53
2024-09-06 13:00:00,72.89
2024-09-06 14:00:00,32.0
2024-09-06 15:00:00,50.550003
2024-09-06 16:00:00,76.07
2024-09-06 17:00:00,89.9
2024-09-06 18:00:00,96.68
2024-09-06 19:00:00,113.87
2024-09-06 20:00:00,123.17
2024-09-06 21:00:00,100.61
2024-09-06 22:00:00,95.72
2024-09-06 23:00:00,92.98
2024-09-07 00:00:00,99.63
2024-09-07 01:00:00,93.92
2024-09-07 02:00:00,83.11
2024-09-07 03:00:00,73.11
2024-09-07 04:00:00,70.44
2024-09-07 05:00:00,73.49
2024-09-07 06:00:00,79.7
2024-09-07 07:00:00,84.98
2024-09-07 08:00:00,92.89
2024-09-07 09:00:00,83.41
2024-09-07 10:00:00,51.520004
2024-09-07 11:00:00,14.360001
2024-09-07 12:00:00,5.480011
2024-09-07 13:00:00,1.0199966
2024-09-07 14:00:00,0.44000244
2024-09-07 15:00:00,8.550003
2024-09-07 16:00:00,41.26
2024-09-07 17:00:00,71.74
2024-09-07 18:00:00,100.92
2024-09-07 19:00:00,137.4
2024-09-07 20:00:00,115.26
2024-09-07 21:00:00,93.91
2024-09-07 22:00:00,86.99
2024-09-07 23:00:00,89.34
2024-09-08 00:00:00,92.2
2024-09-08 01:00:00,81.24
2024-09-08 02:00:00,71.93
2024-09-08 03:00:00,59.15
2024-09-08 04:00:00,48.81
2024-09-08 05:00:00,44.75
2024-09-08 06:00:00,48.78
2024-09-08 07:00:00,42.81
2024-09-08 08:00:00,46.520004
2024-09-08 09:00:00,26.419998
2024-09-08 10:00:00,8.290001
2024-09-08 11:00:00,0.44000244
2024-09-08 12:00:00,0.040000916
2024-09-08 13:00:00,0.0
2024-09-08 14:00:00,-0.55000305
2024-09-08 15:00:00,1.6699982
2024-09-08 16:00:00,33.17
2024-09-08 17:00:00,45.460003
2024-09-08 18:00:00,68.36
2024-09-08 19:00:00,94.4
2024-09-08 20:00:00,111.16
2024-09-08 21:00:00,94.83
2024-09-08 22:00:00,90.44
2024-09-08 23:00:00,87.67
2024-09-09 00:00:00,70.07
2024-09-09 01:00:00,69.87
2024-09-09 02:00:00,58.18
2024-09-09 03:00:00,68.8
2024-09-09 04:00:00,59.45
2024-09-09 05:00:00,72.7
2024-09-09 06:00:00,90.73
2024-09-09 07:00:00,130.0
2024-09-09 08:00:00,148.4
2024-09-09 09:00:00,104.93
2024-09-09 10:00:00,85.18
2024-09-09 11:00:00,63.960003
2024-09-09 12:00:00,55.11
2024-09-09 13:00:00,48.110004
2024-09-09 14:00:00,34.92
2024-09-09 15:00:00,38.940002
2024-09-09 16:00:00,37.630005
2024-09-09 17:00:00,44.15
2024-09-09 18:00:00,89.45
2024-09-09 19:00:00,115.35
2024-09-09 20:00:00,112.29
2024-09-09 21:00:00,96.13
2024-09-09 22:00:00,88.05
2024-09-09 23:00:00,79.87
2024-09-10 00:00:00,67.92
2024-09-10 01:00:00,62.87
2024-09-10 02:00:00,60.64
2024-09-10 03:00:00,54.3
2024-09-10 04:00:00,39.72
2024-09-10 05:00:00,46.07
2024-09-10 06:00:00,68.22
2024-09-10 07:00:00,96.31
2024-09-10 08:00:00,97.73
2024-09-10 09:00:00,77.14
2024-09-10 10:00:00,52.600002
2024-09-10 11:00:00,10.520012
2024-09-10 12:00:00,1.9199982
2024-09-10 13:00:00,1.0599976
2024-09-10 14:00:00,1.8199997
2024-09-10 15:00:00,-0.009994507
2024-09-10 16:00:00,0.94999695
2024-09-10 17:00:00,24.860008
2024-09-10 18:00:00,66.09
2024-09-10 19:00:00,90.5
2024-09-10 20:00:00,93.3
2024-09-10 21:00:00,81.02
2024-09-10 22:00:00,82.93
2024-09-10 23:00:00,67.78
2024-09-11 00:00:00,30.620003
2024-09-11 01:00:00,19.39
2024-09-11 02:00:00,29.410004
2024-09-11 03:00:00,19.800003
2024-09-11 04:00:00,27.440002
2024-09-11 05:00:00,26.880005
2024-09-11 06:00:00,79.45
2024-09-11 07:00:00,95.89
2024-09-11 08:00:00,104.98
2024-09-11 09:00:00,95.92
2024-09-11 10:00:00,73.4
2024-09-11 11:00:00,42.840004
2024-09-11 12:00:00,30.970001
2024-09-11 13:00:00,17.5
2024-09-11 14:00:00,-0.21999359
2024-09-11 15:00:00,41.17
2024-09-11 16:00:00,55.19
2024-09-11 17:00:00,76.06
2024-09-11 18:00:00,97.77
2024-09-11 19:00:00,120.76
2024-09-11 20:00:00,124.19
2024-09-11 21:00:00,106.96
2024-09-11 22:00:00,100.3
2024-09-11 23:00:00,96.81
2024-09-12 00:00:00,74.66
2024-09-12 01:00:00,70.43001
2024-09-12 02:00:00,77.16
2024-09-12 03:00:00,66.13
2024-09-12 04:00:00,56.85
2024-09-12 05:00:00,73.02
2024-09-12 06:00:00,95.27
2024-09-12 07:00:00,123.55
2024-09-12 08:00:00,127.77
2024-09-12 09:00:00,103.45
2024-09-12 10:00:00,84.76
2024-09-12 11:00:00,66.19
2024-09-12 12:00:00,68.12
2024-09-12 13:00:00,62.05
2024-09-12 14:00:00,55.17
2024-09-12 15:00:00,46.03
2024-09-12 16:00:00,47.070004
2024-09-12 17:00:00,62.28
2024-09-12 18:00:00,92.03
2024-09-12 19:00:00,163.42
2024-09-12 20:00:00,155.95
2024-09-12 21:00:00,109.15
2024-09-12 22:00:00,96.24
2024-09-12 23:00:00,89.5
2024-09-13 00:00:00,87.73
2024-09-13 01:00:00,75.64
2024-09-13 02:00:00,64.17
2024-09-13 03:00:00,43.54
2024-09-13 04:00:00,39.449997
2024-09-13 05:00:00,62.5
2024-09-13 06:00:00,87.49
2024-09-13 07:00:00,112.87
2024-09-13 08:00:00,124.81
2024-09-13 09:00:00,113.49
2024-09-13 10:00:00,76.67
2024-09-13 11:00:00,73.6
2024-09-13 12:00:00,26.270004
2024-09-13 13:00:00,20.5
2024-09-13 14:00:00,7.2699966
2024-09-13 15:00:00,32.050003
2024-09-13 16:00:00,61.88
2024-09-13 17:00:00,67.97
2024-09-13 18:00:00,89.57
2024-09-13 19:00:00,100.04
2024-09-13 20:00:00,99.3
2024-09-13 21:00:00,90.77
2024-09-13 22:00:00,84.3
2024-09-13 23:00:00,77.5
2024-09-14 00:00:00,79.25
2024-09-14 01:00:00,73.02
2024-09-14 02:00:00,66.51
2024-09-14 03:00:00,62.94
2024-09-14 04:00:00,62.99
2024-09-14 05:00:00,57.26
2024-09-14 06:00:00,65.45
2024-09-14 07:00:00,81.02
2024-09-14 08:00:00,87.46
2024-09-14 09:00:00,73.94
2024-09-14 10:00:00,42.820004
2024-09-14 11:00:00,8.230003
2024-09-14 12:00:00,1.4000015
2024-09-14 13:00:00,0.44000244
2024-09-14 14:00:00,0.069999695
2024-09-14 15:00:00,1.0199966
2024-09-14 16:00:00,11.160004
2024-09-14 17:00:00,56.84
2024-09-14 18:00:00,91.26
2024-09-14 19:00:00,107.09
2024-09-14 20:00:00,116.16
2024-09-14 21:00:00,90.48
2024-09-14 22:00:00,91.05
2024-09-14 23:00:00,85.68
2024-09-15 00:00:00,76.21
2024-09-15 01:00:00,69.26
2024-09-15 02:00:00,63.11
2024-09-15 03:00:00,62.65
2024-09-15 04:00:00,59.27
2024-09-15 05:00:00,61.6
2024-09-15 06:00:00,65.19
2024-09-15 07:00:00,81.43
2024-09-15 08:00:00,75.53
2024-09-15 09:00:00,34.770004
2024-09-15 10:00:00,10.919998
2024-09-15 11:00:00,0.069999695
2024-09-15 12:00:00,0.0
2024-09-15 13:00:00,-0.009994507
2024-09-15 14:00:00,-0.3899994
2024-09-15 15:00:00,-0.12999725
2024-09-15 16:00:00,10.400002
2024-09-15 17:00:00,44.34
2024-09-15 18:00:00,83.99
2024-09-15 19:00:00,101.99
2024-09-15 20:00:00,101.99
2024-09-15 21:00:00,93.45
2024-09-15 22:00:00,86.82
2024-09-15 23:00:00,78.08
2024-09-16 00:00:00,68.18
2024-09-16 01:00:00,50.39
2024-09-16 02:00:00,47.15
2024-09-16 03:00:00,51.940002
2024-09-16 04:00:00,48.49
2024-09-16 05:00:00,45.72
2024-09-16 06:00:00,78.93
2024-09-16 07:00:00,118.0
2024-09-16 08:00:00,138.53
2024-09-16 09:00:00,115.19
2024-09-16 10:00:00,90.34
2024-09-16 11:00:00,79.0
2024-09-16 12:00:00,69.7
2024-09-16 13:00:00,67.39
2024-09-16 14:00:00,54.88
2024-09-16 15:00:00,50.670002
2024-09-16 16:00:00,51.9
2024-09-16 17:00:00,39.36
2024-09-16 18:00:00,65.05
2024-09-16 19:00:00,84.36
2024-09-16 20:00:00,98.27
2024-09-16 21:00:00,73.74
2024-09-16 22:00:00,71.5
2024-09-16 23:00:00,69.64
2024-09-17 00:00:00,73.63
2024-09-17 01:00:00,66.36
2024-09-17 02:00:00,63.27
2024-09-17 03:00:00,66.14
2024-09-17 04:00:00,64.49
2024-09-17 05:00:00,66.78
2024-09-17 06:00:00,85.15
2024-09-17 07:00:00,86.36
2024-09-17 08:00:00,90.19
2024-09-17 09:00:00,90.2
2024-09-17 10:00:00,67.52
2024-09-17 11:00:00,57.420002
2024-09-17 12:00:00,41.800003
2024-09-17 13:00:00,25.64
2024-09-17 14:00:00,7.449997
2024-09-17 15:00:00,26.800003
2024-09-17 16:00:00,52.340004
2024-09-17 17:00:00,68.68
2024-09-17 18:00:00,71.23
2024-09-17 19:00:00,89.47
2024-09-17 20:00:00,78.19
2024-09-17 21:00:00,69.79
2024-09-17 22:00:00,75.9
2024-09-17 23:00:00,68.5
2024-09-18 00:00:00,74.24
2024-09-18 01:00:00,75.38
2024-09-18 02:00:00,75.0
2024-09-18 03:00:00,70.7
2024-09-18 04:00:00,68.59
2024-09-18 05:00:00,78.87
2024-09-18 06:00:00,84.2
2024-09-18 07:00:00,111.55
2024-09-18 08:00:00,114.68
2024-09-18 09:00:00,96.05
2024-09-18 10:00:00,77.02
2024-09-18 11:00:00,43.89
2024-09-18 12:00:00,5.489998
2024-09-18 13:00:00,0.0
2024-09-18 14:00:00,-0.040000916
2024-09-18 15:00:00,0.69000244
2024-09-18 16:00:00,32.949997
2024-09-18 17:00:00,74.26
2024-09-18 18:00:00,106.7
2024-09-18 19:00:00,124.36
2024-09-18 20:00:00,108.24
2024-09-18 21:00:00,85.41
2024-09-18 22:00:00,77.53
2024-09-18 23:00:00,69.85
2024-09-19 00:00:00,68.0
2024-09-19 01:00:00,59.420002
2024-09-19 02:00:00,74.24
2024-09-19 03:00:00,72.03
2024-09-19 04:00:00,52.8
2024-09-19 05:00:00,68.65
2024-09-19 06:00:00,88.18
2024-09-19 07:00:00,112.9
2024-09-19 08:00:00,108.81
2024-09-19 09:00:00,91.79
2024-09-19 10:00:00,74.81
2024-09-19 11:00:00,43.18
2024-09-19 12:00:00,4.970001
2024-09-19 13:00:00,-0.049995422
2024-09-19 14:00:00,-0.08998871
2024-09-19 15:00:00,3.800003
2024-09-19 16:00:00,47.66
2024-09-19 17:00:00,78.14
2024-09-19 18:00:00,98.15
2024-09-19 19:00:00,123.19
2024-09-19 20:00:00,113.06
2024-09-19 21:00:00,89.99
2024-09-19 22:00:00,88.97
2024-09-19 23:00:00,78.87
2024-09-20 00:00:00,55.49
2024-09-20 01:00:00,53.86
2024-09-20 02:00:00,63.22
2024-09-20 03:00:00,67.34
2024-09-20 04:00:00,67.6
2024-09-20 05:00:00,72.64
2024-09-20 06:00:00,83.82
2024-09-20 07:00:00,113.32
2024-09-20 08:00:00,101.69
2024-09-20 09:00:00,88.92
2024-09-20 10:00:00,62.05
2024-09-20 11:00:00,24.690002
2024-09-20 12:00:00,8.879997
2024-09-20 13:00:00,0.020004272
2024-09-20 14:00:00,0.069999695
2024-09-20 15:00:00,9.120003
2024-09-20 16:00:00,44.61
2024-09-20 17:00:00,80.78
2024-09-20 18:00:00,104.75
2024-09-20 19:00:00,127.21
2024-09-20 20:00:00,108.84
2024-09-20 21:00:00,90.99
2024-09-20 22:00:00,87.76
2024-09-20 23:00:00,79.56
2024-09-21 00:00:00,79.01
2024-09-21 01:00:00,75.46
2024-09-21 02:00:00,71.55
2024-09-21 03:00:00,65.38
2024-09-21 04:00:00,56.4
2024-09-21 05:00:00,57.45
2024-09-21 06:00:00,74.49
2024-09-21 07:00:00,72.11
2024-09-21 08:00:00,58.5
2024-09-21 09:00:00,59.11
2024-09-21 10:00:00,22.0
2024-09-21 11:00:00,3.1500092
2024-09-21 12:00:00,0.0
2024-09-21 13:00:00,-3.3600006
2024-09-21 14:00:00,-3.949997
2024-09-21 15:00:00,1.0899963
2024-09-21 16:00:00,39.890007
2024-09-21 17:00:00,79.83
2024-09-21 18:00:00,94.12
2024-09-21 19:00:00,109.19
2024-09-21 20:00:00,97.39
2024-09-21 21:00:00,59.420002
2024-09-21 22:00:00,74.66
2024-09-21 23:00:00,78.01
2024-09-22 00:00:00,86.73
2024-09-22 01:00:00,85.13
2024-09-22 02:00:00,72.26
2024-09-22 03:00:00,59.3
2024-09-22 04:00:00,56.15
2024-09-22 05:00:00,58.010002
2024-09-22 06:00:00,64.33
2024-09-22 07:00:00,61.49
2024-09-22 08:00:00,80.5
2024-09-22 09:00:00,62.79
2024-09-22 10:00:00,26.270004
2024-09-22 11:00:00,12.25
2024-09-22 12:00:00,14.989998
2024-09-22 13:00:00,0.26000977
2024-09-22 14:00:00,0.010002136
2024-09-22 15:00:00,9.660004
2024-09-22 16:00:00,55.18
2024-09-22 17:00:00,64.03
2024-09-22 18:00:00,98.14
2024-09-22 19:00:00,135.3
2024-09-22 20:00:00,120.52
2024-09-22 21:00:00,101.15
2024-09-22 22:00:00,96.3
2024-09-22 23:00:00,92.0
2024-09-23 00:00:00,63.78
2024-09-23 01:00:00,59.11
2024-09-23 02:00:00,58.28
2024-09-23 03:00:00,55.5
2024-09-23 04:00:00,51.65
2024-09-23 05:00:00,70.53
2024-09-23 06:00:00,88.85
2024-09-23 07:00:00,161.63
2024-09-23 08:00:00,134.7
2024-09-23 09:00:00,103.84
2024-09-23 10:00:00,93.36
2024-09-23 11:00:00,75.62
2024-09-23 12:00:00,69.88
2024-09-23 13:00:00,60.98
2024-09-23 14:00:00,49.97
2024-09-23 15:00:00,42.17
2024-09-23 16:00:00,54.33
2024-09-23 17:00:00,77.42
2024-09-23 18:00:00,139.21
2024-09-23 19:00:00,200.44
2024-09-23 20:00:00,134.71
2024-09-23 21:00:00,79.07
2024-09-23 22:00:00,63.7
2024-09-23 23:00:00,63.22
2024-09-24 00:00:00,70.71001
2024-09-24 01:00:00,61.400005
2024-09-24 02:00:00,54.4
2024-09-24 03:00:00,50.49
2024-09-24 04:00:00,42.11
2024-09-24 05:00:00,56.060005
2024-09-24 06:00:00,74.75
2024-09-24 07:00:00,118.84
2024-09-24 08:00:00,115.63
2024-09-24 09:00:00,77.61
2024-09-24 10:00:00,61.230003
2024-09-24 11:00:00,59.26
2024-09-24 12:00:00,64.96
2024-09-24 13:00:00,55.93
2024-09-24 14:00:00,51.09
2024-09-24 15:00:00,44.68
2024-09-24 16:00:00,50.94
2024-09-24 17:00:00,48.900005
2024-09-24 18:00:00,96.78
2024-09-24 19:00:00,124.6
2024-09-24 20:00:00,102.63
2024-09-24 21:00:00,80.44
2024-09-24 22:00:00,75.7
2024-09-24 23:00:00,62.96
2024-09-25 00:00:00,55.15
2024-09-25 01:00:00,56.29
2024-09-25 02:00:00,47.700005
2024-09-25 03:00:00,41.370003
2024-09-25 04:00:00,52.340004
2024-09-25 05:00:00,56.68
2024-09-25 06:00:00,67.33
2024-09-25 07:00:00,87.68
2024-09-25 08:00:00,91.87
2024-09-25 09:00:00,77.5
2024-09-25 10:00:00,63.46
2024-09-25 11:00:00,54.480003
2024-09-25 12:00:00,51.610004
2024-09-25 13:00:00,48.040005
2024-09-25 14:00:00,61.280003
2024-09-25 15:00:00,76.29
2024-09-25 16:00:00,81.3
2024-09-25 17:00:00,97.13
2024-09-25 18:00:00,139.91
2024-09-25 19:00:00,149.43
2024-09-25 20:00:00,98.13
2024-09-25 21:00:00,87.78
2024-09-25 22:00:00,84.29
2024-09-25 23:00:00,76.2
2024-09-26 00:00:00,53.81
2024-09-26 01:00:00,44.87
2024-09-26 02:00:00,41.020004
2024-09-26 03:00:00,38.0
2024-09-26 04:00:00,34.46
2024-09-26 05:00:00,38.759995
2024-09-26 06:00:00,61.88
2024-09-26 07:00:00,80.3
2024-09-26 08:00:00,80.29
2024-09-26 09:00:00,63.5
2024-09-26 10:00:00,43.66
2024-09-26 11:00:00,31.620003
2024-09-26 12:00:00,17.000008
2024-09-26 13:00:00,11.82
2024-09-26 14:00:00,11.479996
2024-09-26 15:00:00,27.26001
2024-09-26 16:00:00,42.39
2024-09-26 17:00:00,56.950005
2024-09-26 18:00:00,74.52
2024-09-26 19:00:00,84.11
2024-09-26 20:00:00,76.07
2024-09-26 21:00:00,59.29
2024-09-26 22:00:00,51.280003
2024-09-26 23:00:00,36.300003
2024-09-27 00:00:00,0.1800003
2024-09-27 01:00:00,-0.08998871
2024-09-27 02:00:00,-1.0899963
2024-09-27 03:00:00,-0.37000275
2024-09-27 04:00:00,-5.9799957
2024-09-27 05:00:00,-1.0999985
2024-09-27 06:00:00,1.699997
2024-09-27 07:00:00,27.520004
2024-09-27 08:00:00,40.62
2024-09-27 09:00:00,7.7800064
2024-09-27 10:00:00,-0.5999985
2024-09-27 11:00:00,-1.6200027
2024-09-27 12:00:00,-2.3199997
2024-09-27 13:00:00,-3.0599976
2024-09-27 14:00:00,-0.040000916
2024-09-27 15:00:00,0.27999878
2024-09-27 16:00:00,4.4800034
2024-09-27 17:00:00,38.65
2024-09-27 18:00:00,60.85
2024-09-27 19:00:00,69.74
2024-09-27 20:00:00,65.69
2024-09-27 21:00:00,38.53
2024-09-27 22:00:00,32.839996
2024-09-27 23:00:00,25.700005
2024-09-28 00:00:00,1.7699966
2024-09-28 01:00:00,3.0299988
2024-09-28 02:00:00,3.2900085
2024-09-28 03:00:00,3.1600037
2024-09-28 04:00:00,3.2699966
2024-09-28 05:00:00,4.1500015
2024-09-28 06:00:00,11.959999
2024-09-28 07:00:00,27.919998
2024-09-28 08:00:00,31.020004
2024-09-28 09:00:00,25.96
2024-09-28 10:00:00,10.0
2024-09-28 11:00:00,3.9200058
2024-09-28 12:00:00,0.66999817
2024-09-28 13:00:00,0.0
2024-09-28 14:00:00,0.0
2024-09-28 15:00:00,0.060005188
2024-09-28 16:00:00,9.839996
2024-09-28 17:00:00,55.350002
2024-09-28 18:00:00,81.53
2024-09-28 19:00:00,115.25
2024-09-28 20:00:00,109.86
2024-09-28 21:00:00,88.52
2024-09-28 22:00:00,84.51
2024-09-28 23:00:00,79.84
2024-09-29 00:00:00,74.94
2024-09-29 01:00:00,65.14
2024-09-29 02:00:00,52.45
2024-09-29 03:00:00,54.390003
2024-09-29 04:00:00,46.750004
2024-09-29 05:00:00,42.770004
2024-09-29 06:00:00,48.1
2024-09-29 07:00:00,62.0
2024-09-29 08:00:00,61.66
2024-09-29 09:00:00,37.72
2024-09-29 10:00:00,1.3300018
2024-09-29 11:00:00,0.0
2024-09-29 12:00:00,-0.009994507
2024-09-29 13:00:00,-0.49999237
2024-09-29 14:00:00,-0.44999695
2024-09-29 15:00:00,0.0
2024-09-29 16:00:00,20.629997
2024-09-29 17:00:00,52.36
2024-09-29 18:00:00,74.6
2024-09-29 19:00:00,103.02
2024-09-29 20:00:00,69.47
2024-09-29 21:00:00,65.08
2024-09-29 22:00:00,64.09
2024-09-29 23:00:00,37.32
2024-09-30 00:00:00,12.930008
2024-09-30 01:00:00,5.419998
2024-09-30 02:00:00,4.0
2024-09-30 03:00:00,2.5999985
2024-09-30 04:00:00,2.7700043
2024-09-30 05:00:00,8.349998
2024-09-30 06:00:00,34.699997
2024-09-30 07:00:00,50.21
2024-09-30 08:00:00,69.5
2024-09-30 09:00:00,43.04
2024-09-30 10:00:00,18.379997
2024-09-30 11:00:00,8.639999
2024-09-30 12:00:00,4.130005
2024-09-30 13:00:00,0.91000366
2024-09-30 14:00:00,5.4100113
2024-09-30 15:00:00,10.900002
2024-09-30 16:00:00,22.089996
2024-09-30 17:00:00,34.07
2024-09-30 18:00:00,34.009995
2024-09-30 19:00:00,63.05
2024-09-30 20:00:00,44.08
2024-09-30 21:00:00,23.900002
2024-09-30 22:00:00,20.279999
2024-09-30 23:00:00,9.839996
