date,loc,scale
2023-10-01 00:00:00,83.18728,15.630677
2023-10-01 01:00:00,71.21138,16.338985
2023-10-01 02:00:00,63.944447,18.497553
2023-10-01 03:00:00,56.51102,19.64592
2023-10-01 04:00:00,52.644962,19.962812
2023-10-01 05:00:00,53.80502,22.533026
2023-10-01 06:00:00,56.144054,20.444332
2023-10-01 07:00:00,59.963768,24.121853
2023-10-01 08:00:00,59.70743,22.403603
2023-10-01 09:00:00,52.5856,23.882664
2023-10-01 10:00:00,38.08098,28.037634
2023-10-01 11:00:00,28.139381,26.76933
2023-10-01 12:00:00,19.915588,39.242676
2023-10-01 13:00:00,8.586708,34.697853
2023-10-01 14:00:00,6.4909744,35.798668
2023-10-01 15:00:00,18.592758,31.493698
2023-10-01 16:00:00,35.935486,26.635239
2023-10-01 17:00:00,68.48512,25.70369
2023-10-01 18:00:00,101.319786,23.719255
2023-10-01 19:00:00,124.44922,27.874249
2023-10-01 20:00:00,121.566635,25.372349
2023-10-01 21:00:00,105.187225,22.66223
2023-10-01 22:00:00,98.0069,20.797186
2023-10-01 23:00:00,90.3255,23.185356
2023-10-02 00:00:00,73.815,16.092182
2023-10-02 01:00:00,67.93376,14.809026
2023-10-02 02:00:00,67.532364,16.73677
2023-10-02 03:00:00,64.9588,14.835603
2023-10-02 04:00:00,66.88199,14.842397
2023-10-02 05:00:00,83.944275,13.308348
2023-10-02 06:00:00,127.9292,17.945019
2023-10-02 07:00:00,168.12614,24.542896
2023-10-02 08:00:00,168.7313,31.81875
2023-10-02 09:00:00,143.53833,26.490196
2023-10-02 10:00:00,115.486,28.692617
2023-10-02 11:00:00,98.25067,30.128338
2023-10-02 12:00:00,85.23192,31.122662
2023-10-02 13:00:00,82.17423,26.752302
2023-10-02 14:00:00,84.793274,24.443516
2023-10-02 15:00:00,99.89515,21.671837
2023-10-02 16:00:00,110.626564,24.190931
2023-10-02 17:00:00,145.92688,25.857454
2023-10-02 18:00:00,178.86899,39.278915
2023-10-02 19:00:00,196.21118,53.100056
2023-10-02 20:00:00,166.43188,39.69633
2023-10-02 21:00:00,131.84775,28.646425
2023-10-02 22:00:00,118.51905,20.377546
2023-10-02 23:00:00,98.22522,20.233477
2023-10-03 00:00:00,81.78985,21.483965
2023-10-03 01:00:00,75.81119,17.515446
2023-10-03 02:00:00,70.92536,19.04372
2023-10-03 03:00:00,65.28099,20.363588
2023-10-03 04:00:00,62.969376,22.066875
2023-10-03 05:00:00,76.40938,18.067862
2023-10-03 06:00:00,101.60923,21.092258
2023-10-03 07:00:00,127.70784,20.323708
2023-10-03 08:00:00,133.9602,22.581121
2023-10-03 09:00:00,124.343155,23.071644
2023-10-03 10:00:00,102.03975,22.953636
2023-10-03 11:00:00,89.91974,22.923836
2023-10-03 12:00:00,79.97104,28.383034
2023-10-03 13:00:00,77.37331,25.730942
2023-10-03 14:00:00,76.69252,22.572723
2023-10-03 15:00:00,79.932396,21.63154
2023-10-03 16:00:00,81.38156,22.016119
2023-10-03 17:00:00,105.55902,21.730915
2023-10-03 18:00:00,126.77585,22.088055
2023-10-03 19:00:00,142.67221,28.994707
2023-10-03 20:00:00,139.24832,25.058884
2023-10-03 21:00:00,120.03511,20.943848
2023-10-03 22:00:00,110.124466,21.05209
2023-10-03 23:00:00,98.78599,28.571474
2023-10-04 00:00:00,25.916893,25.81551
2023-10-04 01:00:00,22.850838,26.161879
2023-10-04 02:00:00,20.121216,27.821005
2023-10-04 03:00:00,14.830788,27.944092
2023-10-04 04:00:00,15.016098,26.925014
2023-10-04 05:00:00,29.248642,23.604977
2023-10-04 06:00:00,62.4769,22.86622
2023-10-04 07:00:00,91.50674,24.733038
2023-10-04 08:00:00,102.69628,24.316355
2023-10-04 09:00:00,92.04997,25.304855
2023-10-04 10:00:00,70.63646,27.111967
2023-10-04 11:00:00,63.8969,29.702868
2023-10-04 12:00:00,53.949036,26.911654
2023-10-04 13:00:00,54.875,26.306498
2023-10-04 14:00:00,51.218517,27.123198
2023-10-04 15:00:00,61.871372,25.915836
2023-10-04 16:00:00,67.03107,25.104107
2023-10-04 17:00:00,86.85297,24.811003
2023-10-04 18:00:00,106.446785,26.238478
2023-10-04 19:00:00,119.15304,33.920593
2023-10-04 20:00:00,100.356544,29.336464
2023-10-04 21:00:00,75.6213,26.412508
2023-10-04 22:00:00,72.134415,26.798489
2023-10-04 23:00:00,62.20717,31.510498
2023-10-05 00:00:00,64.31952,13.1664095
2023-10-05 01:00:00,56.86424,11.0307665
2023-10-05 02:00:00,55.858845,11.776263
2023-10-05 03:00:00,48.624954,11.741617
2023-10-05 04:00:00,47.83933,11.6313305
2023-10-05 05:00:00,63.168823,10.680783
2023-10-05 06:00:00,96.76574,13.7016325
2023-10-05 07:00:00,124.34314,16.46339
2023-10-05 08:00:00,134.37897,18.161264
2023-10-05 09:00:00,124.18669,17.619902
2023-10-05 10:00:00,110.13394,18.811241
2023-10-05 11:00:00,102.2419,17.417458
2023-10-05 12:00:00,91.11127,17.7567
2023-10-05 13:00:00,84.09147,16.010622
2023-10-05 14:00:00,84.09842,17.654913
2023-10-05 15:00:00,82.852905,17.655638
2023-10-05 16:00:00,87.23376,19.139523
2023-10-05 17:00:00,107.85511,19.053288
2023-10-05 18:00:00,126.39597,21.453794
2023-10-05 19:00:00,135.18079,21.696348
2023-10-05 20:00:00,119.609665,20.030415
2023-10-05 21:00:00,101.32299,16.930426
2023-10-05 22:00:00,93.94246,16.424274
2023-10-05 23:00:00,82.98559,17.0279
2023-10-06 00:00:00,79.79256,17.051567
2023-10-06 01:00:00,71.798386,14.643275
2023-10-06 02:00:00,67.85974,15.185289
2023-10-06 03:00:00,61.57974,14.414534
2023-10-06 04:00:00,59.922443,16.276398
2023-10-06 05:00:00,70.13071,16.134706
2023-10-06 06:00:00,95.54475,18.413883
2023-10-06 07:00:00,117.90925,23.276249
2023-10-06 08:00:00,126.07576,24.135754
2023-10-06 09:00:00,110.31713,24.82724
2023-10-06 10:00:00,89.397,25.637152
2023-10-06 11:00:00,79.422806,22.802122
2023-10-06 12:00:00,65.17459,27.520363
2023-10-06 13:00:00,59.721176,24.460398
2023-10-06 14:00:00,60.05862,22.220768
2023-10-06 15:00:00,62.48115,22.122892
2023-10-06 16:00:00,71.790726,21.865137
2023-10-06 17:00:00,94.803215,23.530237
2023-10-06 18:00:00,115.1599,26.35541
2023-10-06 19:00:00,130.26112,34.45171
2023-10-06 20:00:00,117.029625,29.857819
2023-10-06 21:00:00,96.15627,24.027838
2023-10-06 22:00:00,86.465225,22.609407
2023-10-06 23:00:00,77.49908,23.386202
2023-10-07 00:00:00,66.65498,19.093224
2023-10-07 01:00:00,60.104485,20.029427
2023-10-07 02:00:00,54.239037,21.435291
2023-10-07 03:00:00,48.70697,21.182861
2023-10-07 04:00:00,46.32573,21.585192
2023-10-07 05:00:00,48.48202,22.109932
2023-10-07 06:00:00,57.372078,22.265974
2023-10-07 07:00:00,64.19132,26.617672
2023-10-07 08:00:00,64.952286,26.109762
2023-10-07 09:00:00,54.7172,29.432232
2023-10-07 10:00:00,39.652412,34.272274
2023-10-07 11:00:00,26.93837,34.106453
2023-10-07 12:00:00,15.991913,44.021023
2023-10-07 13:00:00,6.5843277,41.18003
2023-10-07 14:00:00,0.91028595,41.28422
2023-10-07 15:00:00,11.127945,38.57373
2023-10-07 16:00:00,24.331009,33.907734
2023-10-07 17:00:00,45.898907,33.665718
2023-10-07 18:00:00,72.462,27.560036
2023-10-07 19:00:00,91.16761,28.6144
2023-10-07 20:00:00,85.78788,25.83976
2023-10-07 21:00:00,74.51683,23.084553
2023-10-07 22:00:00,68.95479,26.306467
2023-10-07 23:00:00,63.128735,30.202839
2023-10-08 00:00:00,65.61211,15.561336
2023-10-08 01:00:00,58.40636,15.157675
2023-10-08 02:00:00,56.25011,16.776428
2023-10-08 03:00:00,50.17126,16.784977
2023-10-08 04:00:00,53.191807,14.9921465
2023-10-08 05:00:00,55.24597,16.57097
2023-10-08 06:00:00,65.06624,16.984413
2023-10-08 07:00:00,67.17468,20.636194
2023-10-08 08:00:00,69.07182,20.00089
2023-10-08 09:00:00,61.189686,21.34601
2023-10-08 10:00:00,47.11071,22.093636
2023-10-08 11:00:00,41.21619,21.766857
2023-10-08 12:00:00,31.782196,25.69911
2023-10-08 13:00:00,23.429008,24.953266
2023-10-08 14:00:00,19.389168,26.284956
2023-10-08 15:00:00,31.360657,23.312235
2023-10-08 16:00:00,47.520252,21.691484
2023-10-08 17:00:00,71.56395,20.945852
2023-10-08 18:00:00,96.57666,21.713243
2023-10-08 19:00:00,110.703445,26.21968
2023-10-08 20:00:00,102.0116,24.62308
2023-10-08 21:00:00,88.22554,21.613073
2023-10-08 22:00:00,77.531784,18.098936
2023-10-08 23:00:00,69.30052,21.336954
2023-10-09 00:00:00,77.662155,13.010196
2023-10-09 01:00:00,70.67667,10.633319
2023-10-09 02:00:00,68.9863,11.162565
2023-10-09 03:00:00,65.60976,10.779277
2023-10-09 04:00:00,64.43828,11.153515
2023-10-09 05:00:00,76.08498,10.882094
2023-10-09 06:00:00,104.19751,13.634054
2023-10-09 07:00:00,129.94576,17.04197
2023-10-09 08:00:00,139.03671,19.94926
2023-10-09 09:00:00,121.18613,19.62628
2023-10-09 10:00:00,105.51625,18.587454
2023-10-09 11:00:00,94.25224,18.52232
2023-10-09 12:00:00,83.638535,18.566904
2023-10-09 13:00:00,79.763,16.37441
2023-10-09 14:00:00,79.90335,14.825243
2023-10-09 15:00:00,89.560005,14.172017
2023-10-09 16:00:00,100.25803,14.446732
2023-10-09 17:00:00,122.23288,17.892324
2023-10-09 18:00:00,147.97856,23.936388
2023-10-09 19:00:00,161.80142,32.556904
2023-10-09 20:00:00,142.00467,23.819277
2023-10-09 21:00:00,116.06897,18.21527
2023-10-09 22:00:00,104.12159,15.521293
2023-10-09 23:00:00,88.16421,16.384443
2023-10-10 00:00:00,95.38911,16.530342
2023-10-10 01:00:00,84.728485,13.270619
2023-10-10 02:00:00,83.085365,13.602365
2023-10-10 03:00:00,76.45891,12.777021
2023-10-10 04:00:00,79.732376,13.968246
2023-10-10 05:00:00,88.69142,15.174519
2023-10-10 06:00:00,115.23483,17.926987
2023-10-10 07:00:00,140.62099,23.119562
2023-10-10 08:00:00,154.13142,29.087048
2023-10-10 09:00:00,130.9038,22.971725
2023-10-10 10:00:00,111.55011,21.667967
2023-10-10 11:00:00,100.47028,20.619505
2023-10-10 12:00:00,88.87767,25.513557
2023-10-10 13:00:00,82.47676,22.147188
2023-10-10 14:00:00,83.832886,20.442215
2023-10-10 15:00:00,89.63334,18.741554
2023-10-10 16:00:00,96.38704,21.500896
2023-10-10 17:00:00,116.1131,20.603392
2023-10-10 18:00:00,135.28102,26.972788
2023-10-10 19:00:00,141.49916,35.069084
2023-10-10 20:00:00,121.746925,28.237566
2023-10-10 21:00:00,98.66843,24.362629
2023-10-10 22:00:00,85.54224,20.947233
2023-10-10 23:00:00,74.18748,22.103884
2023-10-11 00:00:00,66.189926,25.583832
2023-10-11 01:00:00,60.866875,22.60085
2023-10-11 02:00:00,57.802235,25.983835
2023-10-11 03:00:00,54.07097,23.317307
2023-10-11 04:00:00,53.181953,25.265486
2023-10-11 05:00:00,66.7294,23.022121
2023-10-11 06:00:00,96.406,25.19823
2023-10-11 07:00:00,127.29174,28.676807
2023-10-11 08:00:00,136.36902,34.125145
2023-10-11 09:00:00,120.050705,32.87851
2023-10-11 10:00:00,97.39093,33.61555
2023-10-11 11:00:00,85.02086,35.135433
2023-10-11 12:00:00,73.63963,37.920525
2023-10-11 13:00:00,66.33995,33.39945
2023-10-11 14:00:00,68.99115,31.476257
2023-10-11 15:00:00,78.03825,30.89968
2023-10-11 16:00:00,81.76635,31.809793
2023-10-11 17:00:00,103.74681,32.094128
2023-10-11 18:00:00,124.07141,32.132423
2023-10-11 19:00:00,133.4125,36.30595
2023-10-11 20:00:00,118.81906,35.89649
2023-10-11 21:00:00,99.981346,29.649569
2023-10-11 22:00:00,93.87677,28.037924
2023-10-11 23:00:00,82.65085,33.98107
2023-10-12 00:00:00,78.30394,18.005724
2023-10-12 01:00:00,70.737686,14.826379
2023-10-12 02:00:00,65.610504,14.700381
2023-10-12 03:00:00,57.85575,15.618714
2023-10-12 04:00:00,60.986435,15.5807
2023-10-12 05:00:00,76.17746,14.568861
2023-10-12 06:00:00,109.234245,15.479733
2023-10-12 07:00:00,135.3007,17.973682
2023-10-12 08:00:00,145.15591,22.340532
2023-10-12 09:00:00,131.21968,21.132437
2023-10-12 10:00:00,118.74471,20.12115
2023-10-12 11:00:00,111.328896,21.380577
2023-10-12 12:00:00,99.757675,20.826626
2023-10-12 13:00:00,93.54637,17.622734
2023-10-12 14:00:00,91.43935,18.896582
2023-10-12 15:00:00,94.23561,16.40146
2023-10-12 16:00:00,97.99005,17.876122
2023-10-12 17:00:00,114.57172,19.619724
2023-10-12 18:00:00,133.46436,24.7579
2023-10-12 19:00:00,145.87802,28.315321
2023-10-12 20:00:00,134.7092,25.192068
2023-10-12 21:00:00,116.68276,20.020378
2023-10-12 22:00:00,107.285355,19.781773
2023-10-12 23:00:00,93.80333,19.98229
2023-10-13 00:00:00,96.019356,18.662645
2023-10-13 01:00:00,80.75356,14.445815
2023-10-13 02:00:00,73.29835,16.346846
2023-10-13 03:00:00,61.674698,18.235653
2023-10-13 04:00:00,58.94205,21.849495
2023-10-13 05:00:00,62.46375,21.655666
2023-10-13 06:00:00,89.61204,23.51178
2023-10-13 07:00:00,114.23047,24.331957
2023-10-13 08:00:00,126.29549,26.54563
2023-10-13 09:00:00,115.7354,26.459185
2023-10-13 10:00:00,95.02731,27.25951
2023-10-13 11:00:00,80.127686,25.254478
2023-10-13 12:00:00,69.549866,35.461903
2023-10-13 13:00:00,52.4748,33.99922
2023-10-13 14:00:00,47.872906,36.915855
2023-10-13 15:00:00,48.413708,31.23445
2023-10-13 16:00:00,54.400333,39.17806
2023-10-13 17:00:00,73.862175,38.707085
2023-10-13 18:00:00,94.90791,29.710253
2023-10-13 19:00:00,106.126686,28.690277
2023-10-13 20:00:00,91.47917,30.065634
2023-10-13 21:00:00,76.25901,24.058006
2023-10-13 22:00:00,69.67436,26.48853
2023-10-13 23:00:00,61.948093,35.40987
2023-10-14 00:00:00,-1.7553711,40.13273
2023-10-14 01:00:00,-5.9586716,42.600063
2023-10-14 02:00:00,-9.257187,47.508163
2023-10-14 03:00:00,-13.579483,42.43125
2023-10-14 04:00:00,-12.754822,36.79523
2023-10-14 05:00:00,-9.312904,33.023117
2023-10-14 06:00:00,16.137085,30.296783
2023-10-14 07:00:00,36.424126,37.594273
2023-10-14 08:00:00,41.690884,34.79929
2023-10-14 09:00:00,39.351006,39.79346
2023-10-14 10:00:00,13.633728,44.703
2023-10-14 11:00:00,10.000015,45.111816
2023-10-14 12:00:00,-1.6309357,53.43821
2023-10-14 13:00:00,-5.381592,43.47256
2023-10-14 14:00:00,-3.2698975,49.340317
2023-10-14 15:00:00,12.718903,45.118496
2023-10-14 16:00:00,23.896454,41.1253
2023-10-14 17:00:00,58.307545,31.723282
2023-10-14 18:00:00,80.9843,25.717844
2023-10-14 19:00:00,93.05763,28.944197
2023-10-14 20:00:00,78.39556,29.893877
2023-10-14 21:00:00,57.257572,33.15056
2023-10-14 22:00:00,56.5239,34.59077
2023-10-14 23:00:00,49.674324,39.14785
2023-10-15 00:00:00,86.67834,19.403713
2023-10-15 01:00:00,78.06774,19.098513
2023-10-15 02:00:00,71.87662,19.67846
2023-10-15 03:00:00,61.06356,23.615095
2023-10-15 04:00:00,62.351818,22.116352
2023-10-15 05:00:00,70.08729,23.738268
2023-10-15 06:00:00,84.85045,23.277382
2023-10-15 07:00:00,94.886925,26.744728
2023-10-15 08:00:00,101.33698,26.642742
2023-10-15 09:00:00,94.910645,25.97633
2023-10-15 10:00:00,81.35798,27.951178
2023-10-15 11:00:00,79.25895,28.591927
2023-10-15 12:00:00,67.70541,28.468805
2023-10-15 13:00:00,58.75938,30.758541
2023-10-15 14:00:00,50.172066,29.600164
2023-10-15 15:00:00,59.974556,29.206429
2023-10-15 16:00:00,70.26813,26.044386
2023-10-15 17:00:00,97.45061,30.582788
2023-10-15 18:00:00,122.812386,28.890244
2023-10-15 19:00:00,140.45953,36.053932
2023-10-15 20:00:00,132.13983,29.592325
2023-10-15 21:00:00,113.96157,27.278435
2023-10-15 22:00:00,106.25877,23.823467
2023-10-15 23:00:00,97.328316,26.285612
2023-10-16 00:00:00,88.325485,22.634022
2023-10-16 01:00:00,78.17179,19.929232
2023-10-16 02:00:00,74.293335,21.772676
2023-10-16 03:00:00,68.43062,20.681688
2023-10-16 04:00:00,68.894,19.98365
2023-10-16 05:00:00,80.536194,20.830189
2023-10-16 06:00:00,120.1053,27.415648
2023-10-16 07:00:00,154.63626,32.226948
2023-10-16 08:00:00,163.83734,37.488533
2023-10-16 09:00:00,145.32614,36.50819
2023-10-16 10:00:00,127.05418,33.618736
2023-10-16 11:00:00,115.379074,36.200493
2023-10-16 12:00:00,105.54353,34.68627
2023-10-16 13:00:00,100.19841,33.60517
2023-10-16 14:00:00,96.42385,28.769043
2023-10-16 15:00:00,103.965454,28.213907
2023-10-16 16:00:00,116.40932,29.222883
2023-10-16 17:00:00,142.87326,33.64351
2023-10-16 18:00:00,167.4512,48.96173
2023-10-16 19:00:00,175.49968,60.078354
2023-10-16 20:00:00,149.3656,44.705708
2023-10-16 21:00:00,121.09158,36.40618
2023-10-16 22:00:00,108.11598,28.53097
2023-10-16 23:00:00,89.48952,26.488365
2023-10-17 00:00:00,105.649864,27.56474
2023-10-17 01:00:00,95.92944,22.39155
2023-10-17 02:00:00,88.395096,23.281801
2023-10-17 03:00:00,81.97011,23.429115
2023-10-17 04:00:00,84.079994,24.04234
2023-10-17 05:00:00,98.85091,23.302477
2023-10-17 06:00:00,134.63676,29.511463
2023-10-17 07:00:00,168.46121,34.681824
2023-10-17 08:00:00,187.19363,39.1707
2023-10-17 09:00:00,159.04056,39.231052
2023-10-17 10:00:00,131.29065,37.31091
2023-10-17 11:00:00,115.74914,35.69679
2023-10-17 12:00:00,97.27864,39.714798
2023-10-17 13:00:00,94.64966,33.241444
2023-10-17 14:00:00,95.366005,27.035616
2023-10-17 15:00:00,101.07336,27.393618
2023-10-17 16:00:00,113.29932,29.78387
2023-10-17 17:00:00,144.03464,32.000366
2023-10-17 18:00:00,171.56659,45.345135
2023-10-17 19:00:00,184.63919,62.843563
2023-10-17 20:00:00,163.79071,47.242523
2023-10-17 21:00:00,131.01163,39.027004
2023-10-17 22:00:00,115.38828,35.07709
2023-10-17 23:00:00,99.65282,34.528934
2023-10-18 00:00:00,73.74319,31.696045
2023-10-18 01:00:00,66.57242,26.618546
2023-10-18 02:00:00,62.38411,28.494492
2023-10-18 03:00:00,57.990177,27.937294
2023-10-18 04:00:00,57.51031,29.624254
2023-10-18 05:00:00,71.85452,27.556221
2023-10-18 06:00:00,106.65895,29.200792
2023-10-18 07:00:00,141.208,35.005474
2023-10-18 08:00:00,152.16615,38.929665
2023-10-18 09:00:00,139.12897,37.268894
2023-10-18 10:00:00,117.14902,37.527157
2023-10-18 11:00:00,105.75858,38.657482
2023-10-18 12:00:00,95.2861,39.35012
2023-10-18 13:00:00,87.815384,36.530582
2023-10-18 14:00:00,89.44963,35.607933
2023-10-18 15:00:00,92.69343,32.632572
2023-10-18 16:00:00,97.47044,34.111423
2023-10-18 17:00:00,117.45532,36.859886
2023-10-18 18:00:00,133.3375,38.88455
2023-10-18 19:00:00,137.04303,45.43595
2023-10-18 20:00:00,120.00654,42.98735
2023-10-18 21:00:00,93.92122,36.876602
2023-10-18 22:00:00,89.76809,35.846138
2023-10-18 23:00:00,79.351654,40.534058
2023-10-19 00:00:00,35.874,25.446608
2023-10-19 01:00:00,28.624817,24.618416
2023-10-19 02:00:00,26.654251,25.366493
2023-10-19 03:00:00,16.81089,28.140926
2023-10-19 04:00:00,15.915604,25.785433
2023-10-19 05:00:00,33.645813,24.545813
2023-10-19 06:00:00,63.461597,21.990032
2023-10-19 07:00:00,91.57939,22.587482
2023-10-19 08:00:00,109.024635,21.525019
2023-10-19 09:00:00,102.509636,22.436985
2023-10-19 10:00:00,93.024605,22.658016
2023-10-19 11:00:00,91.25083,24.782078
2023-10-19 12:00:00,79.11954,22.153595
2023-10-19 13:00:00,76.85819,18.711859
2023-10-19 14:00:00,73.308586,22.095129
2023-10-19 15:00:00,72.86923,21.124647
2023-10-19 16:00:00,79.49475,19.968367
2023-10-19 17:00:00,95.591324,21.5122
2023-10-19 18:00:00,112.762985,23.452381
2023-10-19 19:00:00,123.48749,28.306225
2023-10-19 20:00:00,106.47709,28.454784
2023-10-19 21:00:00,87.82553,24.304577
2023-10-19 22:00:00,84.24577,25.713255
2023-10-19 23:00:00,74.803314,28.224508
2023-10-20 00:00:00,69.11977,19.753525
2023-10-20 01:00:00,58.6504,16.422678
2023-10-20 02:00:00,50.884773,16.75869
2023-10-20 03:00:00,38.52684,17.815332
2023-10-20 04:00:00,39.877647,17.807465
2023-10-20 05:00:00,55.75344,17.93367
2023-10-20 06:00:00,94.32742,18.288387
2023-10-20 07:00:00,132.88895,22.817028
2023-10-20 08:00:00,153.52426,28.723078
2023-10-20 09:00:00,149.68701,24.988342
2023-10-20 10:00:00,140.03088,26.313068
2023-10-20 11:00:00,132.24184,22.83748
2023-10-20 12:00:00,116.11804,24.076859
2023-10-20 13:00:00,106.39988,21.94768
2023-10-20 14:00:00,105.42587,23.116995
2023-10-20 15:00:00,101.94425,21.188942
2023-10-20 16:00:00,105.92683,24.847967
2023-10-20 17:00:00,128.82243,26.788467
2023-10-20 18:00:00,139.4002,30.971832
2023-10-20 19:00:00,136.87625,31.105022
2023-10-20 20:00:00,110.967606,26.73875
2023-10-20 21:00:00,87.48822,24.045965
2023-10-20 22:00:00,82.3849,23.022652
2023-10-20 23:00:00,68.5873,27.117182
2023-10-21 00:00:00,59.535267,28.159077
2023-10-21 01:00:00,34.157867,26.80033
2023-10-21 02:00:00,25.879753,26.286314
2023-10-21 03:00:00,10.087517,27.641209
2023-10-21 04:00:00,-4.3468704,33.53155
2023-10-21 05:00:00,-0.21556854,33.411404
2023-10-21 06:00:00,-1.490654,33.92898
2023-10-21 07:00:00,11.218727,34.590298
2023-10-21 08:00:00,33.952927,30.011204
2023-10-21 09:00:00,45.242107,29.186079
2023-10-21 10:00:00,45.594666,29.5395
2023-10-21 11:00:00,43.428658,28.637169
2023-10-21 12:00:00,41.32718,39.26997
2023-10-21 13:00:00,23.047798,35.835663
2023-10-21 14:00:00,2.6844025,31.585297
2023-10-21 15:00:00,8.053459,34.687233
2023-10-21 16:00:00,12.45462,34.725883
2023-10-21 17:00:00,41.204376,37.791122
2023-10-21 18:00:00,58.461502,35.192856
2023-10-21 19:00:00,56.830555,32.444572
2023-10-21 20:00:00,38.13537,37.094402
2023-10-21 21:00:00,23.509918,36.480755
2023-10-21 22:00:00,28.648705,34.230286
2023-10-21 23:00:00,17.65258,34.32028
2023-10-22 00:00:00,15.832863,39.943424
2023-10-22 01:00:00,2.9309464,42.49048
2023-10-22 02:00:00,-5.3339386,44.660233
2023-10-22 03:00:00,-14.729279,45.033047
2023-10-22 04:00:00,-12.678932,43.642895
2023-10-22 05:00:00,-11.275002,40.14739
2023-10-22 06:00:00,3.4866714,39.518684
2023-10-22 07:00:00,17.565285,42.75045
2023-10-22 08:00:00,29.585777,37.362133
2023-10-22 09:00:00,41.078114,38.561382
2023-10-22 10:00:00,35.45462,39.10401
2023-10-22 11:00:00,37.100334,34.058926
2023-10-22 12:00:00,36.087357,39.09171
2023-10-22 13:00:00,29.317093,33.336292
2023-10-22 14:00:00,25.534874,36.907352
2023-10-22 15:00:00,33.262,32.827507
2023-10-22 16:00:00,45.90966,32.65439
2023-10-22 17:00:00,76.0474,32.573452
2023-10-22 18:00:00,95.25498,31.032906
2023-10-22 19:00:00,110.08806,38.463573
2023-10-22 20:00:00,96.2581,33.116123
2023-10-22 21:00:00,74.71499,35.527195
2023-10-22 22:00:00,71.275085,32.76718
2023-10-22 23:00:00,60.65706,33.706364
2023-10-23 00:00:00,83.61809,18.992563
2023-10-23 01:00:00,79.74695,16.233925
2023-10-23 02:00:00,79.46857,16.365593
2023-10-23 03:00:00,75.04724,16.576218
2023-10-23 04:00:00,76.08613,15.774575
2023-10-23 05:00:00,84.34491,16.56027
2023-10-23 06:00:00,118.097946,20.216722
2023-10-23 07:00:00,146.24704,27.234991
2023-10-23 08:00:00,152.53783,30.075094
2023-10-23 09:00:00,136.4626,29.276188
2023-10-23 10:00:00,124.2699,26.43803
2023-10-23 11:00:00,116.36444,28.328894
2023-10-23 12:00:00,105.9393,25.77367
2023-10-23 13:00:00,100.900826,26.450914
2023-10-23 14:00:00,97.729935,24.378805
2023-10-23 15:00:00,105.829254,25.293043
2023-10-23 16:00:00,111.36872,24.43738
2023-10-23 17:00:00,132.19882,28.149797
2023-10-23 18:00:00,147.48474,37.12043
2023-10-23 19:00:00,146.23636,39.893635
2023-10-23 20:00:00,122.75011,31.58669
2023-10-23 21:00:00,99.44842,27.459852
2023-10-23 22:00:00,94.022865,23.827944
2023-10-23 23:00:00,80.73182,23.186749
2023-10-24 00:00:00,100.31775,16.980688
2023-10-24 01:00:00,89.52106,14.3095665
2023-10-24 02:00:00,86.50395,13.842136
2023-10-24 03:00:00,81.50462,13.938851
2023-10-24 04:00:00,79.808334,15.437662
2023-10-24 05:00:00,92.479774,13.047003
2023-10-24 06:00:00,118.94647,15.825215
2023-10-24 07:00:00,146.08685,18.756332
2023-10-24 08:00:00,162.96022,21.54271
2023-10-24 09:00:00,147.1742,22.732946
2023-10-24 10:00:00,130.39491,20.618746
2023-10-24 11:00:00,121.1479,19.099615
2023-10-24 12:00:00,105.188065,21.621246
2023-10-24 13:00:00,102.71124,17.809261
2023-10-24 14:00:00,100.02615,15.984986
2023-10-24 15:00:00,106.10449,16.329515
2023-10-24 16:00:00,109.10047,16.603966
2023-10-24 17:00:00,129.17723,17.72228
2023-10-24 18:00:00,146.82814,23.086603
2023-10-24 19:00:00,158.59528,29.926558
2023-10-24 20:00:00,144.57089,23.762873
2023-10-24 21:00:00,122.83091,19.602846
2023-10-24 22:00:00,114.1187,19.375832
2023-10-24 23:00:00,103.06408,20.627409
2023-10-25 00:00:00,92.68591,23.354128
2023-10-25 01:00:00,83.77672,17.943888
2023-10-25 02:00:00,79.7156,17.864496
2023-10-25 03:00:00,74.69667,19.69014
2023-10-25 04:00:00,75.95479,19.727587
2023-10-25 05:00:00,85.73558,18.86908
2023-10-25 06:00:00,112.14156,19.867067
2023-10-25 07:00:00,138.13892,24.786533
2023-10-25 08:00:00,153.89351,29.458233
2023-10-25 09:00:00,142.7418,27.71419
2023-10-25 10:00:00,130.69499,25.818964
2023-10-25 11:00:00,126.26728,27.603199
2023-10-25 12:00:00,114.554634,28.111525
2023-10-25 13:00:00,107.7886,24.203203
2023-10-25 14:00:00,104.635826,25.371025
2023-10-25 15:00:00,108.051155,23.916357
2023-10-25 16:00:00,107.58801,23.898205
2023-10-25 17:00:00,121.55462,26.662968
2023-10-25 18:00:00,131.96503,27.43702
2023-10-25 19:00:00,137.96402,31.131374
2023-10-25 20:00:00,128.2491,28.102097
2023-10-25 21:00:00,110.8291,23.362047
2023-10-25 22:00:00,108.43918,24.145084
2023-10-25 23:00:00,97.6804,25.650772
2023-10-26 00:00:00,103.05067,16.410587
2023-10-26 01:00:00,91.94747,14.633766
2023-10-26 02:00:00,88.8337,12.298039
2023-10-26 03:00:00,86.43737,13.258198
2023-10-26 04:00:00,84.46919,13.228009
2023-10-26 05:00:00,91.98337,12.394349
2023-10-26 06:00:00,120.89665,15.921398
2023-10-26 07:00:00,151.31407,19.420853
2023-10-26 08:00:00,166.58717,23.240894
2023-10-26 09:00:00,156.41898,22.446962
2023-10-26 10:00:00,148.05779,19.440905
2023-10-26 11:00:00,143.1885,20.830173
2023-10-26 12:00:00,133.05383,21.622515
2023-10-26 13:00:00,127.79636,18.533043
2023-10-26 14:00:00,124.42824,18.777601
2023-10-26 15:00:00,124.63465,18.204628
2023-10-26 16:00:00,126.1086,18.044125
2023-10-26 17:00:00,141.91681,19.225367
2023-10-26 18:00:00,151.4147,21.804516
2023-10-26 19:00:00,149.75743,21.344595
2023-10-26 20:00:00,135.64676,19.709984
2023-10-26 21:00:00,119.63704,18.314629
2023-10-26 22:00:00,117.918564,15.827986
2023-10-26 23:00:00,104.32416,15.24776
2023-10-27 00:00:00,94.98753,16.481676
2023-10-27 01:00:00,85.09259,14.23036
2023-10-27 02:00:00,80.657646,12.499727
2023-10-27 03:00:00,76.42351,13.171543
2023-10-27 04:00:00,75.49652,14.475278
2023-10-27 05:00:00,85.26587,13.390706
2023-10-27 06:00:00,110.84909,15.354956
2023-10-27 07:00:00,137.55424,19.043718
2023-10-27 08:00:00,153.18129,23.379276
2023-10-27 09:00:00,142.70732,21.2728
2023-10-27 10:00:00,129.97472,19.542833
2023-10-27 11:00:00,124.14379,20.186646
2023-10-27 12:00:00,112.56451,21.787178
2023-10-27 13:00:00,105.6308,19.238935
2023-10-27 14:00:00,99.14546,19.188446
2023-10-27 15:00:00,98.35983,18.931295
2023-10-27 16:00:00,98.55977,18.899279
2023-10-27 17:00:00,114.2099,19.408136
2023-10-27 18:00:00,126.64859,20.015127
2023-10-27 19:00:00,127.63646,23.512411
2023-10-27 20:00:00,117.10326,22.47319
2023-10-27 21:00:00,99.605255,18.752985
2023-10-27 22:00:00,99.8986,18.399246
2023-10-27 23:00:00,88.492805,19.173037
2023-10-28 00:00:00,97.25857,15.479334
2023-10-28 01:00:00,87.356445,15.61389
2023-10-28 02:00:00,82.696396,13.717762
2023-10-28 03:00:00,75.39344,15.520519
2023-10-28 04:00:00,72.007675,16.417198
2023-10-28 05:00:00,74.38554,16.573357
2023-10-28 06:00:00,83.00841,18.245516
2023-10-28 07:00:00,90.932755,20.132835
2023-10-28 08:00:00,99.275696,20.49465
2023-10-28 09:00:00,95.99801,19.727566
2023-10-28 10:00:00,83.44083,20.630676
2023-10-28 11:00:00,75.981255,19.724318
2023-10-28 12:00:00,69.201416,25.043167
2023-10-28 13:00:00,56.981464,23.113514
2023-10-28 14:00:00,48.338226,23.99685
2023-10-28 15:00:00,58.424866,22.337353
2023-10-28 16:00:00,67.234116,23.69691
2023-10-28 17:00:00,84.081,23.215475
2023-10-28 18:00:00,105.7753,18.575127
2023-10-28 19:00:00,116.862686,19.147623
2023-10-28 20:00:00,104.42968,18.816236
2023-10-28 21:00:00,90.80224,19.608288
2023-10-28 22:00:00,87.85468,20.1187
2023-10-28 23:00:00,81.56743,24.279188
2023-10-29 00:00:00,6.769043,42.474293
2023-10-29 01:00:00,-2.5974197,46.2054
2023-10-29 02:00:00,-12.037956,52.9293
2023-10-29 03:00:00,-21.20948,44.251053
2023-10-29 04:00:00,-26.973984,41.767754
2023-10-29 05:00:00,-23.364738,40.817394
2023-10-29 06:00:00,-8.921097,41.813557
2023-10-29 07:00:00,10.75518,47.046474
2023-10-29 08:00:00,17.38253,40.884674
2023-10-29 09:00:00,19.213966,43.412586
2023-10-29 10:00:00,5.316223,50.723454
2023-10-29 11:00:00,0.9830017,51.826416
2023-10-29 12:00:00,-3.2218704,73.40835
2023-10-29 13:00:00,-13.578934,56.936317
2023-10-29 14:00:00,-10.67263,60.316154
2023-10-29 15:00:00,-1.3822327,54.303547
2023-10-29 16:00:00,12.367775,45.52159
2023-10-29 17:00:00,54.162903,33.01443
2023-10-29 18:00:00,76.053925,27.774874
2023-10-29 19:00:00,88.55378,29.04841
2023-10-29 20:00:00,73.59321,24.905905
2023-10-29 21:00:00,50.993782,37.880886
2023-10-29 22:00:00,54.78741,34.31121
2023-10-29 23:00:00,50.786068,37.450893
2023-10-30 00:00:00,34.831146,20.179485
2023-10-30 01:00:00,39.629288,20.459719
2023-10-30 02:00:00,37.16555,20.51516
2023-10-30 03:00:00,30.494812,20.356129
2023-10-30 04:00:00,35.14801,19.726963
2023-10-30 05:00:00,51.024525,18.342628
2023-10-30 06:00:00,86.72719,19.239277
2023-10-30 07:00:00,121.872826,24.329126
2023-10-30 08:00:00,131.22618,23.251883
2023-10-30 09:00:00,127.21335,22.625544
2023-10-30 10:00:00,111.66295,24.530764
2023-10-30 11:00:00,106.3282,24.163641
2023-10-30 12:00:00,95.997635,20.264433
2023-10-30 13:00:00,100.798256,20.738094
2023-10-30 14:00:00,103.17584,21.027096
2023-10-30 15:00:00,110.002594,19.838966
2023-10-30 16:00:00,116.360596,22.176893
2023-10-30 17:00:00,136.62296,23.669449
2023-10-30 18:00:00,151.57187,30.497606
2023-10-30 19:00:00,144.4291,36.261826
2023-10-30 20:00:00,116.85788,26.009602
2023-10-30 21:00:00,87.37103,23.051859
2023-10-30 22:00:00,80.65715,22.210455
2023-10-30 23:00:00,71.27314,25.648905
2023-10-31 00:00:00,92.63432,18.484543
2023-10-31 01:00:00,87.27866,14.978893
2023-10-31 02:00:00,83.4847,16.347776
2023-10-31 03:00:00,80.20393,15.924706
2023-10-31 04:00:00,81.662575,16.02476
2023-10-31 05:00:00,90.14751,16.220242
2023-10-31 06:00:00,109.95929,19.85807
2023-10-31 07:00:00,137.70859,25.66249
2023-10-31 08:00:00,145.07343,30.264572
2023-10-31 09:00:00,140.36342,29.207115
2023-10-31 10:00:00,126.40139,29.499016
2023-10-31 11:00:00,120.62352,27.07034
2023-10-31 12:00:00,114.55827,26.30804
2023-10-31 13:00:00,111.897865,30.603018
2023-10-31 14:00:00,116.22694,26.864794
2023-10-31 15:00:00,122.9397,25.473787
2023-10-31 16:00:00,132.26096,26.799528
2023-10-31 17:00:00,152.08574,28.00342
2023-10-31 18:00:00,160.0447,41.002422
2023-10-31 19:00:00,148.87263,35.20341
2023-10-31 20:00:00,128.52164,32.25941
2023-10-31 21:00:00,111.85939,26.490307
2023-10-31 22:00:00,100.843346,22.917873
2023-10-31 23:00:00,88.379135,22.805311
2023-11-01 00:00:00,79.348145,32.47476
2023-11-01 01:00:00,70.74751,31.258747
2023-11-01 02:00:00,63.719772,30.55233
2023-11-01 03:00:00,54.325447,32.275486
2023-11-01 04:00:00,51.22998,36.107616
2023-11-01 05:00:00,54.744125,31.688595
2023-11-01 06:00:00,65.37033,31.46347
2023-11-01 07:00:00,73.11175,33.18933
2023-11-01 08:00:00,82.73724,30.117271
2023-11-01 09:00:00,93.23876,34.229237
2023-11-01 10:00:00,91.22261,34.08185
2023-11-01 11:00:00,87.92501,31.377628
2023-11-01 12:00:00,86.34785,34.1991
2023-11-01 13:00:00,82.9355,32.35582
2023-11-01 14:00:00,79.210594,28.570494
2023-11-01 15:00:00,84.272446,28.63251
2023-11-01 16:00:00,89.440025,27.464344
2023-11-01 17:00:00,106.43196,36.488834
2023-11-01 18:00:00,111.71868,39.411083
2023-11-01 19:00:00,116.34986,43.08391
2023-11-01 20:00:00,100.820335,37.252808
2023-11-01 21:00:00,86.39014,36.37051
2023-11-01 22:00:00,87.120186,33.43261
2023-11-01 23:00:00,82.283455,32.456944
2023-11-02 00:00:00,5.2267914,39.086525
2023-11-02 01:00:00,4.406288,42.494846
2023-11-02 02:00:00,-3.7939224,45.189327
2023-11-02 03:00:00,-9.759552,44.563103
2023-11-02 04:00:00,-14.253807,40.884342
2023-11-02 05:00:00,1.9738235,35.6021
2023-11-02 06:00:00,24.419678,30.298746
2023-11-02 07:00:00,49.806145,28.782187
2023-11-02 08:00:00,56.874477,26.335466
2023-11-02 09:00:00,52.523945,33.19918
2023-11-02 10:00:00,33.95867,34.459194
2023-11-02 11:00:00,26.663498,41.058212
2023-11-02 12:00:00,20.789825,41.10228
2023-11-02 13:00:00,28.917809,38.50757
2023-11-02 14:00:00,32.28898,35.37477
2023-11-02 15:00:00,45.198616,31.70461
2023-11-02 16:00:00,48.66056,30.70068
2023-11-02 17:00:00,75.71518,29.983046
2023-11-02 18:00:00,82.676636,31.039906
2023-11-02 19:00:00,89.20479,38.00178
2023-11-02 20:00:00,68.17951,33.16987
2023-11-02 21:00:00,53.43006,33.892155
2023-11-02 22:00:00,53.981533,35.060307
2023-11-02 23:00:00,50.743465,39.829613
2023-11-03 00:00:00,45.64666,23.453585
2023-11-03 01:00:00,39.80175,20.475895
2023-11-03 02:00:00,34.342644,21.355871
2023-11-03 03:00:00,26.217903,24.330124
2023-11-03 04:00:00,22.728691,24.848255
2023-11-03 05:00:00,37.444572,23.521997
2023-11-03 06:00:00,55.88992,20.630102
2023-11-03 07:00:00,72.51834,21.358839
2023-11-03 08:00:00,84.86097,19.789822
2023-11-03 09:00:00,82.450386,23.072527
2023-11-03 10:00:00,76.053406,24.239813
2023-11-03 11:00:00,70.88527,23.72462
2023-11-03 12:00:00,62.70022,23.62936
2023-11-03 13:00:00,60.28908,21.873407
2023-11-03 14:00:00,56.27547,20.60772
2023-11-03 15:00:00,60.81871,20.791937
2023-11-03 16:00:00,65.96547,19.916216
2023-11-03 17:00:00,79.2435,22.858465
2023-11-03 18:00:00,90.164375,26.140526
2023-11-03 19:00:00,89.90126,29.271618
2023-11-03 20:00:00,76.217064,28.771284
2023-11-03 21:00:00,61.770466,23.990875
2023-11-03 22:00:00,63.276478,25.237764
2023-11-03 23:00:00,54.75022,27.834555
2023-11-04 00:00:00,30.895775,20.68008
2023-11-04 01:00:00,20.064522,19.44074
2023-11-04 02:00:00,15.080215,20.952951
2023-11-04 03:00:00,4.245575,19.878452
2023-11-04 04:00:00,2.3599014,22.961725
2023-11-04 05:00:00,8.183113,21.803589
2023-11-04 06:00:00,17.064865,19.999239
2023-11-04 07:00:00,33.48005,22.628452
2023-11-04 08:00:00,46.212425,21.28057
2023-11-04 09:00:00,56.48508,21.015974
2023-11-04 10:00:00,56.027588,22.465796
2023-11-04 11:00:00,53.003803,20.21329
2023-11-04 12:00:00,50.318256,22.287176
2023-11-04 13:00:00,44.313656,21.606512
2023-11-04 14:00:00,35.474686,19.397963
2023-11-04 15:00:00,38.880783,19.429214
2023-11-04 16:00:00,41.50716,19.827887
2023-11-04 17:00:00,60.98322,23.078398
2023-11-04 18:00:00,71.672455,24.374416
2023-11-04 19:00:00,66.92072,26.060064
2023-11-04 20:00:00,47.453934,25.941689
2023-11-04 21:00:00,27.150558,24.902018
2023-11-04 22:00:00,31.2359,25.730614
2023-11-04 23:00:00,23.79364,27.140272
2023-11-05 00:00:00,19.59645,33.007088
2023-11-05 01:00:00,11.867989,31.957441
2023-11-05 02:00:00,8.442413,31.775473
2023-11-05 03:00:00,0.6719513,33.820103
2023-11-05 04:00:00,-1.1570663,33.157146
2023-11-05 05:00:00,0.8372421,32.266308
2023-11-05 06:00:00,5.0876465,33.18302
2023-11-05 07:00:00,14.546463,35.63253
2023-11-05 08:00:00,24.807251,31.606756
2023-11-05 09:00:00,36.178932,31.875185
2023-11-05 10:00:00,32.119026,34.533463
2023-11-05 11:00:00,33.86795,32.128365
2023-11-05 12:00:00,33.093056,33.2852
2023-11-05 13:00:00,28.903427,32.441875
2023-11-05 14:00:00,23.120224,32.528316
2023-11-05 15:00:00,27.758926,30.654245
2023-11-05 16:00:00,34.145935,29.925909
2023-11-05 17:00:00,55.089046,32.65837
2023-11-05 18:00:00,66.560265,29.981255
2023-11-05 19:00:00,66.14377,30.812609
2023-11-05 20:00:00,53.300537,29.786066
2023-11-05 21:00:00,34.57193,33.836163
2023-11-05 22:00:00,37.22088,32.488724
2023-11-05 23:00:00,29.396645,33.781322
2023-11-06 00:00:00,16.138306,20.678366
2023-11-06 01:00:00,14.856049,19.647326
2023-11-06 02:00:00,10.901474,19.428106
2023-11-06 03:00:00,6.0640106,21.33076
2023-11-06 04:00:00,4.962242,20.176254
2023-11-06 05:00:00,19.3237,18.497046
2023-11-06 06:00:00,52.39025,20.630177
2023-11-06 07:00:00,82.83867,23.620497
2023-11-06 08:00:00,90.997734,27.007118
2023-11-06 09:00:00,82.89889,27.307081
2023-11-06 10:00:00,70.52228,27.282097
2023-11-06 11:00:00,60.80241,28.184502
2023-11-06 12:00:00,52.378143,24.543203
2023-11-06 13:00:00,54.217945,25.609539
2023-11-06 14:00:00,54.31169,23.593693
2023-11-06 15:00:00,64.06421,23.680878
2023-11-06 16:00:00,72.24269,23.731844
2023-11-06 17:00:00,92.1588,24.887793
2023-11-06 18:00:00,105.61706,32.204483
2023-11-06 19:00:00,100.26725,35.138763
2023-11-06 20:00:00,78.08698,27.242426
2023-11-06 21:00:00,56.2175,23.642946
2023-11-06 22:00:00,52.631874,22.629017
2023-11-06 23:00:00,39.364746,24.169914
2023-11-07 00:00:00,76.655464,16.826199
2023-11-07 01:00:00,70.02721,13.240493
2023-11-07 02:00:00,69.87368,14.328494
2023-11-07 03:00:00,62.518276,13.5046215
2023-11-07 04:00:00,65.245605,12.974373
2023-11-07 05:00:00,71.53244,13.398508
2023-11-07 06:00:00,93.43649,16.636398
2023-11-07 07:00:00,116.9019,21.20232
2023-11-07 08:00:00,128.90762,24.214865
2023-11-07 09:00:00,114.04684,27.310944
2023-11-07 10:00:00,102.05303,22.398813
2023-11-07 11:00:00,95.51718,22.993738
2023-11-07 12:00:00,86.12312,23.953602
2023-11-07 13:00:00,83.44482,22.245737
2023-11-07 14:00:00,84.426834,19.582346
2023-11-07 15:00:00,93.319855,20.190325
2023-11-07 16:00:00,103.97904,19.07518
2023-11-07 17:00:00,122.22456,22.419004
2023-11-07 18:00:00,131.72174,33.72181
2023-11-07 19:00:00,128.00906,31.931484
2023-11-07 20:00:00,105.423454,23.34715
2023-11-07 21:00:00,85.922264,21.52538
2023-11-07 22:00:00,77.07494,20.24769
2023-11-07 23:00:00,64.95805,18.466267
2023-11-08 00:00:00,78.76021,16.800982
2023-11-08 01:00:00,69.55365,12.736108
2023-11-08 02:00:00,66.64122,13.319121
2023-11-08 03:00:00,63.56622,12.072529
2023-11-08 04:00:00,64.39293,12.92556
2023-11-08 05:00:00,70.44917,14.228625
2023-11-08 06:00:00,90.32958,15.775064
2023-11-08 07:00:00,112.78553,22.011059
2023-11-08 08:00:00,127.05318,24.674114
2023-11-08 09:00:00,111.63809,23.032026
2023-11-08 10:00:00,98.52861,22.37168
2023-11-08 11:00:00,93.0976,21.580683
2023-11-08 12:00:00,83.710815,23.16457
2023-11-08 13:00:00,79.181915,22.575275
2023-11-08 14:00:00,81.17734,19.0615
2023-11-08 15:00:00,84.712326,20.26963
2023-11-08 16:00:00,88.344925,20.421839
2023-11-08 17:00:00,104.11136,23.751352
2023-11-08 18:00:00,112.773384,27.415966
2023-11-08 19:00:00,110.265335,28.063322
2023-11-08 20:00:00,94.3853,23.784344
2023-11-08 21:00:00,77.34325,19.928617
2023-11-08 22:00:00,71.109024,20.282213
2023-11-08 23:00:00,59.596825,19.767845
2023-11-09 00:00:00,83.91669,11.358861
2023-11-09 01:00:00,74.763016,9.6140375
2023-11-09 02:00:00,77.4363,8.472832
2023-11-09 03:00:00,74.261604,8.46393
2023-11-09 04:00:00,76.84079,7.779144
2023-11-09 05:00:00,81.09223,8.50595
2023-11-09 06:00:00,107.80272,10.0141535
2023-11-09 07:00:00,138.22546,13.16289
2023-11-09 08:00:00,148.30634,17.267214
2023-11-09 09:00:00,136.71353,14.608088
2023-11-09 10:00:00,129.85881,12.943769
2023-11-09 11:00:00,125.7778,13.892245
2023-11-09 12:00:00,115.57309,13.582552
2023-11-09 13:00:00,112.35115,12.949126
2023-11-09 14:00:00,111.894714,12.570056
2023-11-09 15:00:00,113.92177,12.340393
2023-11-09 16:00:00,118.64679,12.515923
2023-11-09 17:00:00,129.08966,13.874961
2023-11-09 18:00:00,139.79843,15.182629
2023-11-09 19:00:00,129.09718,13.430642
2023-11-09 20:00:00,112.21113,11.848406
2023-11-09 21:00:00,99.0226,12.006749
2023-11-09 22:00:00,94.11058,10.520059
2023-11-09 23:00:00,77.85996,10.510171
2023-11-10 00:00:00,65.487854,20.020235
2023-11-10 01:00:00,60.081253,15.904675
2023-11-10 02:00:00,57.06675,15.771815
2023-11-10 03:00:00,47.22842,16.363577
2023-11-10 04:00:00,51.743275,15.641924
2023-11-10 05:00:00,60.845436,14.607522
2023-11-10 06:00:00,84.03878,14.081945
2023-11-10 07:00:00,110.52949,18.107769
2023-11-10 08:00:00,129.20474,19.83021
2023-11-10 09:00:00,126.507614,25.231907
2023-11-10 10:00:00,124.63153,22.385273
2023-11-10 11:00:00,117.617065,21.353079
2023-11-10 12:00:00,112.176315,19.336922
2023-11-10 13:00:00,111.36442,17.279972
2023-11-10 14:00:00,115.561325,17.585182
2023-11-10 15:00:00,125.70947,15.926146
2023-11-10 16:00:00,130.37866,17.421421
2023-11-10 17:00:00,152.3369,24.161253
2023-11-10 18:00:00,158.67233,27.34186
2023-11-10 19:00:00,151.81816,26.14462
2023-11-10 20:00:00,132.5172,20.58784
2023-11-10 21:00:00,114.31015,14.910092
2023-11-10 22:00:00,104.68609,16.660952
2023-11-10 23:00:00,95.27463,17.69822
2023-11-11 00:00:00,92.85933,16.510447
2023-11-11 01:00:00,90.90925,17.666023
2023-11-11 02:00:00,91.93249,16.230268
2023-11-11 03:00:00,88.65579,15.643961
2023-11-11 04:00:00,90.21618,13.857786
2023-11-11 05:00:00,89.86633,15.201709
2023-11-11 06:00:00,93.07159,15.50091
2023-11-11 07:00:00,100.51064,17.510084
2023-11-11 08:00:00,102.094086,20.120966
2023-11-11 09:00:00,107.11863,21.319834
2023-11-11 10:00:00,100.36389,18.586447
2023-11-11 11:00:00,95.25786,19.112907
2023-11-11 12:00:00,101.12372,17.95053
2023-11-11 13:00:00,98.76598,19.383741
2023-11-11 14:00:00,102.00908,19.129421
2023-11-11 15:00:00,115.04922,17.563158
2023-11-11 16:00:00,126.98106,17.54476
2023-11-11 17:00:00,143.53807,21.699125
2023-11-11 18:00:00,154.50099,21.921375
2023-11-11 19:00:00,144.38376,20.10193
2023-11-11 20:00:00,128.81895,17.587162
2023-11-11 21:00:00,113.04835,17.266333
2023-11-11 22:00:00,103.80159,15.806785
2023-11-11 23:00:00,97.913605,13.970996
2023-11-12 00:00:00,96.288216,10.822246
2023-11-12 01:00:00,92.674545,11.179732
2023-11-12 02:00:00,95.51928,10.754967
2023-11-12 03:00:00,91.85284,9.381729
2023-11-12 04:00:00,93.66815,8.457838
2023-11-12 05:00:00,93.186035,9.178948
2023-11-12 06:00:00,98.024734,11.506565
2023-11-12 07:00:00,105.61105,13.371444
2023-11-12 08:00:00,107.31813,16.071255
2023-11-12 09:00:00,112.77443,13.667113
2023-11-12 10:00:00,113.13769,11.930137
2023-11-12 11:00:00,108.85603,11.865507
2023-11-12 12:00:00,114.39693,11.757751
2023-11-12 13:00:00,106.84058,14.701813
2023-11-12 14:00:00,108.409386,13.226633
2023-11-12 15:00:00,116.32762,12.509084
2023-11-12 16:00:00,126.22789,13.576988
2023-11-12 17:00:00,135.46729,15.480271
2023-11-12 18:00:00,145.45387,14.576032
2023-11-12 19:00:00,131.28299,11.576685
2023-11-12 20:00:00,116.3923,11.74988
2023-11-12 21:00:00,103.54263,12.464796
2023-11-12 22:00:00,98.69782,11.112444
2023-11-12 23:00:00,92.66032,11.220431
2023-11-13 00:00:00,90.38229,11.12362
2023-11-13 01:00:00,86.04021,9.804003
2023-11-13 02:00:00,83.362335,9.042342
2023-11-13 03:00:00,81.875336,8.721768
2023-11-13 04:00:00,81.936264,8.129421
2023-11-13 05:00:00,87.22403,9.134275
2023-11-13 06:00:00,105.82743,10.767074
2023-11-13 07:00:00,128.1519,14.031112
2023-11-13 08:00:00,135.60193,19.77713
2023-11-13 09:00:00,131.5487,16.498213
2023-11-13 10:00:00,123.96109,15.145498
2023-11-13 11:00:00,118.12235,15.677597
2023-11-13 12:00:00,113.529625,14.481429
2023-11-13 13:00:00,110.63397,16.34444
2023-11-13 14:00:00,112.664825,13.579171
2023-11-13 15:00:00,116.556046,13.347655
2023-11-13 16:00:00,117.262985,14.642426
2023-11-13 17:00:00,131.27542,17.65342
2023-11-13 18:00:00,133.03917,20.890533
2023-11-13 19:00:00,120.31652,19.9387
2023-11-13 20:00:00,100.54843,16.125748
2023-11-13 21:00:00,88.75125,13.360133
2023-11-13 22:00:00,86.71778,11.723755
2023-11-13 23:00:00,77.86447,15.0045395
2023-11-14 00:00:00,50.880474,14.5909395
2023-11-14 01:00:00,51.562843,15.970441
2023-11-14 02:00:00,47.41071,16.993578
2023-11-14 03:00:00,44.717827,16.067997
2023-11-14 04:00:00,45.559505,15.33115
2023-11-14 05:00:00,52.862907,13.614544
2023-11-14 06:00:00,71.30615,13.989101
2023-11-14 07:00:00,90.28771,14.940604
2023-11-14 08:00:00,94.63127,14.253633
2023-11-14 09:00:00,95.36925,15.661982
2023-11-14 10:00:00,83.8516,15.590726
2023-11-14 11:00:00,80.51504,17.135235
2023-11-14 12:00:00,74.11214,16.552837
2023-11-14 13:00:00,77.133064,14.506162
2023-11-14 14:00:00,79.05793,13.863048
2023-11-14 15:00:00,84.611694,13.565712
2023-11-14 16:00:00,87.284645,12.606766
2023-11-14 17:00:00,100.32906,12.751241
2023-11-14 18:00:00,108.8937,14.174868
2023-11-14 19:00:00,106.95284,18.686094
2023-11-14 20:00:00,92.57553,13.434976
2023-11-14 21:00:00,76.449455,14.13735
2023-11-14 22:00:00,74.7965,16.072744
2023-11-14 23:00:00,71.38603,19.442081
2023-11-15 00:00:00,76.08325,10.16347
2023-11-15 01:00:00,73.58276,8.887972
2023-11-15 02:00:00,70.55202,8.868476
2023-11-15 03:00:00,66.76038,9.231887
2023-11-15 04:00:00,66.6935,9.933153
2023-11-15 05:00:00,77.45459,9.3529415
2023-11-15 06:00:00,101.3739,10.272758
2023-11-15 07:00:00,122.711494,12.927551
2023-11-15 08:00:00,130.10904,16.30467
2023-11-15 09:00:00,124.587036,15.456474
2023-11-15 10:00:00,113.37309,16.409004
2023-11-15 11:00:00,107.71948,16.64371
2023-11-15 12:00:00,99.0086,14.015759
2023-11-15 13:00:00,95.52548,13.713444
2023-11-15 14:00:00,99.905685,14.723369
2023-11-15 15:00:00,102.93517,15.169482
2023-11-15 16:00:00,107.6303,13.814863
2023-11-15 17:00:00,123.490295,17.544714
2023-11-15 18:00:00,133.78271,18.631062
2023-11-15 19:00:00,130.43471,18.96989
2023-11-15 20:00:00,116.123604,13.748799
2023-11-15 21:00:00,103.082695,12.427958
2023-11-15 22:00:00,97.95413,11.861385
2023-11-15 23:00:00,87.4271,11.675938
2023-11-16 00:00:00,89.52476,11.97938
2023-11-16 01:00:00,85.440605,10.044647
2023-11-16 02:00:00,82.13101,11.31304
2023-11-16 03:00:00,79.95088,9.40827
2023-11-16 04:00:00,79.83602,10.519847
2023-11-16 05:00:00,85.11228,9.811626
2023-11-16 06:00:00,102.974014,12.255861
2023-11-16 07:00:00,124.663124,15.7424135
2023-11-16 08:00:00,133.07108,20.15364
2023-11-16 09:00:00,130.25436,19.294243
2023-11-16 10:00:00,122.86816,19.10342
2023-11-16 11:00:00,116.84029,17.331123
2023-11-16 12:00:00,112.16793,17.591124
2023-11-16 13:00:00,108.07038,17.53638
2023-11-16 14:00:00,111.90174,16.509003
2023-11-16 15:00:00,113.121994,16.184229
2023-11-16 16:00:00,117.44366,19.802122
2023-11-16 17:00:00,132.43556,20.732304
2023-11-16 18:00:00,135.10892,24.38117
2023-11-16 19:00:00,127.57158,20.739948
2023-11-16 20:00:00,112.836334,17.136044
2023-11-16 21:00:00,101.39316,14.644213
2023-11-16 22:00:00,96.46569,13.3766165
2023-11-16 23:00:00,88.59253,12.873996
2023-11-17 00:00:00,100.90742,14.893149
2023-11-17 01:00:00,97.99306,11.433004
2023-11-17 02:00:00,95.4315,11.053673
2023-11-17 03:00:00,93.267044,10.349771
2023-11-17 04:00:00,94.75377,10.473827
2023-11-17 05:00:00,97.89623,11.361892
2023-11-17 06:00:00,110.81742,12.722826
2023-11-17 07:00:00,130.11813,17.872711
2023-11-17 08:00:00,140.36858,23.13778
2023-11-17 09:00:00,136.65704,22.720594
2023-11-17 10:00:00,129.16711,20.42204
2023-11-17 11:00:00,125.25607,19.496246
2023-11-17 12:00:00,119.19128,18.405476
2023-11-17 13:00:00,118.73551,19.557623
2023-11-17 14:00:00,121.879486,17.68533
2023-11-17 15:00:00,126.33738,17.622564
2023-11-17 16:00:00,130.35509,18.37772
2023-11-17 17:00:00,145.00323,23.168467
2023-11-17 18:00:00,147.55281,25.694792
2023-11-17 19:00:00,132.9698,21.272036
2023-11-17 20:00:00,118.83624,17.367579
2023-11-17 21:00:00,106.167534,14.228544
2023-11-17 22:00:00,100.72672,15.237729
2023-11-17 23:00:00,93.41746,14.714685
2023-11-18 00:00:00,109.16778,12.348284
2023-11-18 01:00:00,104.11838,10.601169
2023-11-18 02:00:00,99.62174,9.873306
2023-11-18 03:00:00,94.45801,9.39017
2023-11-18 04:00:00,93.76449,10.6975355
2023-11-18 05:00:00,93.03059,10.6887245
2023-11-18 06:00:00,98.43757,10.950888
2023-11-18 07:00:00,103.630646,12.654536
2023-11-18 08:00:00,110.01822,15.156411
2023-11-18 09:00:00,113.40831,13.540586
2023-11-18 10:00:00,112.80087,12.910236
2023-11-18 11:00:00,110.85433,12.741249
2023-11-18 12:00:00,108.82043,13.964151
2023-11-18 13:00:00,104.57376,13.707897
2023-11-18 14:00:00,101.14615,12.326357
2023-11-18 15:00:00,103.71848,12.255504
2023-11-18 16:00:00,106.62066,13.106034
2023-11-18 17:00:00,116.27192,16.361952
2023-11-18 18:00:00,116.94525,17.732588
2023-11-18 19:00:00,110.99148,16.798973
2023-11-18 20:00:00,101.30426,17.245724
2023-11-18 21:00:00,92.23689,15.2509365
2023-11-18 22:00:00,92.34414,15.017288
2023-11-18 23:00:00,87.42169,15.752878
2023-11-19 00:00:00,53.327003,30.73734
2023-11-19 01:00:00,53.484913,31.746822
2023-11-19 02:00:00,48.131115,32.10123
2023-11-19 03:00:00,42.9522,32.31819
2023-11-19 04:00:00,42.76436,29.39031
2023-11-19 05:00:00,44.048008,27.512707
2023-11-19 06:00:00,47.70112,24.507301
2023-11-19 07:00:00,54.18273,24.71798
2023-11-19 08:00:00,52.971012,22.234823
2023-11-19 09:00:00,64.19771,25.838926
2023-11-19 10:00:00,56.39459,26.892797
2023-11-19 11:00:00,58.415333,28.288485
2023-11-19 12:00:00,56.288548,31.599035
2023-11-19 13:00:00,57.40686,27.730057
2023-11-19 14:00:00,58.028126,28.291142
2023-11-19 15:00:00,64.32544,24.59619
2023-11-19 16:00:00,69.57439,23.292858
2023-11-19 17:00:00,86.223434,23.831142
2023-11-19 18:00:00,93.07229,21.11448
2023-11-19 19:00:00,92.51147,23.518131
2023-11-19 20:00:00,84.33981,20.858871
2023-11-19 21:00:00,72.43873,26.497488
2023-11-19 22:00:00,74.20517,27.60996
2023-11-19 23:00:00,71.27252,30.285202
2023-11-20 00:00:00,66.290436,22.271614
2023-11-20 01:00:00,61.18354,22.219017
2023-11-20 02:00:00,58.69121,22.164837
2023-11-20 03:00:00,46.958374,25.48799
2023-11-20 04:00:00,50.87202,23.13691
2023-11-20 05:00:00,64.621376,22.497498
2023-11-20 06:00:00,93.76738,19.392801
2023-11-20 07:00:00,123.41096,22.474062
2023-11-20 08:00:00,136.4718,23.423666
2023-11-20 09:00:00,133.94675,25.077805
2023-11-20 10:00:00,129.43195,25.269186
2023-11-20 11:00:00,125.76953,27.420172
2023-11-20 12:00:00,115.86036,25.654966
2023-11-20 13:00:00,118.357834,20.904099
2023-11-20 14:00:00,118.55214,22.279121
2023-11-20 15:00:00,127.051094,20.259125
2023-11-20 16:00:00,130.13905,22.020496
2023-11-20 17:00:00,149.1596,29.510118
2023-11-20 18:00:00,158.1759,31.170826
2023-11-20 19:00:00,152.08911,33.176582
2023-11-20 20:00:00,134.54482,23.360294
2023-11-20 21:00:00,115.0063,19.646927
2023-11-20 22:00:00,107.42951,20.617855
2023-11-20 23:00:00,96.86911,20.638052
2023-11-21 00:00:00,95.94102,15.222617
2023-11-21 01:00:00,91.286835,13.291173
2023-11-21 02:00:00,86.95672,13.683974
2023-11-21 03:00:00,83.95688,11.900847
2023-11-21 04:00:00,85.72208,12.336335
2023-11-21 05:00:00,91.63321,12.742624
2023-11-21 06:00:00,113.997444,16.588009
2023-11-21 07:00:00,146.17519,21.94171
2023-11-21 08:00:00,157.23895,28.103994
2023-11-21 09:00:00,152.7011,23.740688
2023-11-21 10:00:00,140.51883,25.514248
2023-11-21 11:00:00,135.59888,21.80474
2023-11-21 12:00:00,128.77403,22.150007
2023-11-21 13:00:00,124.980354,24.143839
2023-11-21 14:00:00,131.50427,23.427223
2023-11-21 15:00:00,134.24257,21.274656
2023-11-21 16:00:00,138.01968,26.068205
2023-11-21 17:00:00,160.86023,27.370548
2023-11-21 18:00:00,163.29279,33.69134
2023-11-21 19:00:00,145.15654,26.408443
2023-11-21 20:00:00,124.05246,22.47124
2023-11-21 21:00:00,110.17588,20.522366
2023-11-21 22:00:00,102.099686,18.078272
2023-11-21 23:00:00,90.651825,18.217632
2023-11-22 00:00:00,97.36209,21.782337
2023-11-22 01:00:00,96.07948,18.851154
2023-11-22 02:00:00,94.79949,18.269588
2023-11-22 03:00:00,92.618706,17.459902
2023-11-22 04:00:00,94.55959,17.095749
2023-11-22 05:00:00,100.75087,17.571573
2023-11-22 06:00:00,119.56853,18.66751
2023-11-22 07:00:00,145.14345,25.978409
2023-11-22 08:00:00,156.4357,31.389172
2023-11-22 09:00:00,150.2976,31.543367
2023-11-22 10:00:00,138.43796,29.631039
2023-11-22 11:00:00,131.24614,29.404232
2023-11-22 12:00:00,125.750854,25.938887
2023-11-22 13:00:00,128.75389,26.457087
2023-11-22 14:00:00,134.02702,24.108187
2023-11-22 15:00:00,140.48828,24.43608
2023-11-22 16:00:00,145.35397,25.500328
2023-11-22 17:00:00,164.8931,29.319862
2023-11-22 18:00:00,171.34695,35.20571
2023-11-22 19:00:00,154.3082,32.52645
2023-11-22 20:00:00,136.4246,25.577213
2023-11-22 21:00:00,118.495224,20.396809
2023-11-22 22:00:00,109.59633,21.291815
2023-11-22 23:00:00,101.222305,19.757786
2023-11-23 00:00:00,90.66046,15.730545
2023-11-23 01:00:00,86.256134,13.898546
2023-11-23 02:00:00,82.957855,13.222883
2023-11-23 03:00:00,77.52646,13.318875
2023-11-23 04:00:00,76.67348,13.928715
2023-11-23 05:00:00,81.85602,13.234001
2023-11-23 06:00:00,97.83284,13.491733
2023-11-23 07:00:00,114.7866,15.038727
2023-11-23 08:00:00,123.222015,17.233513
2023-11-23 09:00:00,122.86433,17.612076
2023-11-23 10:00:00,116.53462,16.707153
2023-11-23 11:00:00,113.723206,17.41039
2023-11-23 12:00:00,108.26765,18.075027
2023-11-23 13:00:00,105.84239,17.106247
2023-11-23 14:00:00,104.90838,17.131258
2023-11-23 15:00:00,104.141945,15.525115
2023-11-23 16:00:00,106.02168,15.716386
2023-11-23 17:00:00,117.98676,18.050428
2023-11-23 18:00:00,118.07061,21.54421
2023-11-23 19:00:00,112.37536,20.198284
2023-11-23 20:00:00,99.21523,20.904268
2023-11-23 21:00:00,88.13428,17.983625
2023-11-23 22:00:00,88.80792,17.773447
2023-11-23 23:00:00,81.110886,18.482649
2023-11-24 00:00:00,60.280373,23.28993
2023-11-24 01:00:00,57.418686,22.48064
2023-11-24 02:00:00,50.88,23.504337
2023-11-24 03:00:00,44.750256,25.728445
2023-11-24 04:00:00,43.584103,26.450048
2023-11-24 05:00:00,55.20745,23.603693
2023-11-24 06:00:00,81.14603,20.667002
2023-11-24 07:00:00,105.06655,23.645803
2023-11-24 08:00:00,115.45907,23.10243
2023-11-24 09:00:00,113.64869,25.375683
2023-11-24 10:00:00,102.82827,26.562616
2023-11-24 11:00:00,94.7618,27.902243
2023-11-24 12:00:00,85.719696,25.664074
2023-11-24 13:00:00,84.51396,23.404392
2023-11-24 14:00:00,83.42166,22.647766
2023-11-24 15:00:00,87.805756,21.365513
2023-11-24 16:00:00,90.99765,21.643784
2023-11-24 17:00:00,108.82856,24.798729
2023-11-24 18:00:00,119.42938,26.383167
2023-11-24 19:00:00,116.88554,31.836327
2023-11-24 20:00:00,99.97312,25.400442
2023-11-24 21:00:00,83.87606,23.021038
2023-11-24 22:00:00,83.061844,25.187046
2023-11-24 23:00:00,75.48851,26.7694
2023-11-25 00:00:00,63.91886,21.183401
2023-11-25 01:00:00,55.39589,19.271578
2023-11-25 02:00:00,49.4352,22.435081
2023-11-25 03:00:00,41.94991,21.689629
2023-11-25 04:00:00,40.739132,24.065163
2023-11-25 05:00:00,46.144207,23.200483
2023-11-25 06:00:00,57.911873,20.900175
2023-11-25 07:00:00,71.41902,23.877932
2023-11-25 08:00:00,80.572525,22.590555
2023-11-25 09:00:00,85.08476,24.748838
2023-11-25 10:00:00,80.72228,26.900175
2023-11-25 11:00:00,78.69222,25.501308
2023-11-25 12:00:00,73.32689,24.58936
2023-11-25 13:00:00,68.48183,23.578497
2023-11-25 14:00:00,63.92358,22.81853
2023-11-25 15:00:00,69.36299,23.585686
2023-11-25 16:00:00,79.846924,23.141459
2023-11-25 17:00:00,99.686905,28.006735
2023-11-25 18:00:00,113.232956,26.619385
2023-11-25 19:00:00,112.77145,28.031134
2023-11-25 20:00:00,98.43696,25.021894
2023-11-25 21:00:00,81.11981,24.425282
2023-11-25 22:00:00,82.93387,24.356401
2023-11-25 23:00:00,74.307816,24.107958
2023-11-26 00:00:00,101.16338,14.225848
2023-11-26 01:00:00,94.18497,14.088791
2023-11-26 02:00:00,89.66029,13.993426
2023-11-26 03:00:00,82.17972,13.0022335
2023-11-26 04:00:00,81.17763,13.336875
2023-11-26 05:00:00,83.42256,14.394609
2023-11-26 06:00:00,85.642334,17.37602
2023-11-26 07:00:00,91.69047,19.272974
2023-11-26 08:00:00,96.410126,21.694143
2023-11-26 09:00:00,103.96003,19.01198
2023-11-26 10:00:00,105.42794,18.792614
2023-11-26 11:00:00,104.10033,16.940615
2023-11-26 12:00:00,106.64431,18.810966
2023-11-26 13:00:00,95.84756,21.421259
2023-11-26 14:00:00,97.0389,18.384424
2023-11-26 15:00:00,101.47305,17.155964
2023-11-26 16:00:00,108.97413,17.978373
2023-11-26 17:00:00,123.68128,22.896414
2023-11-26 18:00:00,131.01065,22.44376
2023-11-26 19:00:00,125.727715,19.60269
2023-11-26 20:00:00,114.64354,20.655195
2023-11-26 21:00:00,103.93062,20.88766
2023-11-26 22:00:00,99.356514,18.229681
2023-11-26 23:00:00,90.84064,17.824837
2023-11-27 00:00:00,91.28458,21.127377
2023-11-27 01:00:00,88.24055,18.218613
2023-11-27 02:00:00,82.56235,19.012836
2023-11-27 03:00:00,77.72383,19.3798
2023-11-27 04:00:00,77.851776,20.163862
2023-11-27 05:00:00,86.38274,19.147387
2023-11-27 06:00:00,104.72656,19.144493
2023-11-27 07:00:00,126.48312,21.53967
2023-11-27 08:00:00,136.43669,25.545843
2023-11-27 09:00:00,133.39734,25.611826
2023-11-27 10:00:00,128.32767,26.262302
2023-11-27 11:00:00,124.19591,26.271526
2023-11-27 12:00:00,119.09127,25.241095
2023-11-27 13:00:00,119.25896,23.303417
2023-11-27 14:00:00,121.886955,20.912619
2023-11-27 15:00:00,125.90184,19.363588
2023-11-27 16:00:00,128.34694,21.35361
2023-11-27 17:00:00,141.90948,27.54012
2023-11-27 18:00:00,145.67157,31.777054
2023-11-27 19:00:00,138.95813,32.481808
2023-11-27 20:00:00,126.25337,27.426775
2023-11-27 21:00:00,111.357574,21.213396
2023-11-27 22:00:00,106.594124,22.10984
2023-11-27 23:00:00,97.84049,23.506496
2023-11-28 00:00:00,79.78875,20.749088
2023-11-28 01:00:00,80.618835,19.330143
2023-11-28 02:00:00,78.689865,19.129795
2023-11-28 03:00:00,73.07141,19.390131
2023-11-28 04:00:00,74.65343,19.329998
2023-11-28 05:00:00,83.930725,17.377699
2023-11-28 06:00:00,105.34604,15.824005
2023-11-28 07:00:00,130.39397,20.301287
2023-11-28 08:00:00,141.79373,21.467024
2023-11-28 09:00:00,140.67001,26.897135
2023-11-28 10:00:00,131.7545,26.480324
2023-11-28 11:00:00,121.987335,26.536266
2023-11-28 12:00:00,116.90836,24.139093
2023-11-28 13:00:00,122.86389,19.779194
2023-11-28 14:00:00,127.31866,18.629162
2023-11-28 15:00:00,136.2412,18.531122
2023-11-28 16:00:00,142.90942,19.422972
2023-11-28 17:00:00,164.69139,24.814707
2023-11-28 18:00:00,169.9932,30.212734
2023-11-28 19:00:00,159.5539,30.964851
2023-11-28 20:00:00,141.08781,22.375767
2023-11-28 21:00:00,121.84602,16.820328
2023-11-28 22:00:00,112.92824,16.64048
2023-11-28 23:00:00,103.77692,16.983053
2023-11-29 00:00:00,101.50678,26.925465
2023-11-29 01:00:00,97.0827,21.978695
2023-11-29 02:00:00,93.09568,22.07168
2023-11-29 03:00:00,87.615906,23.360939
2023-11-29 04:00:00,91.26744,23.208683
2023-11-29 05:00:00,99.46173,22.687065
2023-11-29 06:00:00,122.50029,19.323137
2023-11-29 07:00:00,148.94038,26.704315
2023-11-29 08:00:00,162.78067,30.698702
2023-11-29 09:00:00,163.00523,36.4088
2023-11-29 10:00:00,156.29953,34.64537
2023-11-29 11:00:00,149.7542,33.971497
2023-11-29 12:00:00,142.27612,30.458841
2023-11-29 13:00:00,146.28223,26.726345
2023-11-29 14:00:00,150.82082,25.25385
2023-11-29 15:00:00,161.80635,25.660007
2023-11-29 16:00:00,164.69794,27.576698
2023-11-29 17:00:00,185.95148,37.202103
2023-11-29 18:00:00,189.29135,43.676632
2023-11-29 19:00:00,177.8658,36.86975
2023-11-29 20:00:00,159.58984,27.190147
2023-11-29 21:00:00,142.38159,20.118534
2023-11-29 22:00:00,130.61594,21.31378
2023-11-29 23:00:00,121.48768,20.229456
2023-11-30 00:00:00,118.90696,21.87809
2023-11-30 01:00:00,112.67603,18.508017
2023-11-30 02:00:00,107.97103,17.648579
2023-11-30 03:00:00,105.46964,15.824962
2023-11-30 04:00:00,106.18363,16.33229
2023-11-30 05:00:00,115.27845,16.796646
2023-11-30 06:00:00,139.26764,19.674536
2023-11-30 07:00:00,176.66371,26.59383
2023-11-30 08:00:00,193.58232,34.186672
2023-11-30 09:00:00,189.5191,32.809643
2023-11-30 10:00:00,180.42288,30.322565
2023-11-30 11:00:00,173.43764,29.988066
2023-11-30 12:00:00,166.19775,26.923723
2023-11-30 13:00:00,165.4415,27.003775
2023-11-30 14:00:00,172.39842,24.472172
2023-11-30 15:00:00,181.84901,24.247614
2023-11-30 16:00:00,187.80081,27.614971
2023-11-30 17:00:00,211.72412,36.111458
2023-11-30 18:00:00,215.43866,40.586594
2023-11-30 19:00:00,192.3441,31.945255
2023-11-30 20:00:00,164.18976,22.966187
2023-11-30 21:00:00,143.06702,18.080845
2023-11-30 22:00:00,131.17577,18.948711
2023-11-30 23:00:00,118.22185,17.641218
2023-12-01 00:00:00,118.22833,20.048283
2023-12-01 01:00:00,110.127464,15.484802
2023-12-01 02:00:00,104.493935,13.969583
2023-12-01 03:00:00,103.106415,12.911791
2023-12-01 04:00:00,102.99756,13.318866
2023-12-01 05:00:00,112.438934,12.497699
2023-12-01 06:00:00,137.55823,14.393349
2023-12-01 07:00:00,181.38313,22.01356
2023-12-01 08:00:00,204.4082,30.316156
2023-12-01 09:00:00,204.64247,29.174498
2023-12-01 10:00:00,194.53294,26.219973
2023-12-01 11:00:00,190.12766,24.192657
2023-12-01 12:00:00,176.57825,24.091854
2023-12-01 13:00:00,175.80139,22.87769
2023-12-01 14:00:00,179.36353,22.89893
2023-12-01 15:00:00,186.97444,22.711044
2023-12-01 16:00:00,190.46088,26.854769
2023-12-01 17:00:00,218.83719,31.91276
2023-12-01 18:00:00,218.22714,32.967064
2023-12-01 19:00:00,186.1836,24.296774
2023-12-01 20:00:00,156.22035,20.989813
2023-12-01 21:00:00,134.02795,15.974039
2023-12-01 22:00:00,129.01096,16.349669
2023-12-01 23:00:00,115.73956,18.977081
2023-12-02 00:00:00,121.144,15.243756
2023-12-02 01:00:00,112.98691,12.988139
2023-12-02 02:00:00,111.10135,12.335878
2023-12-02 03:00:00,104.51628,12.063668
2023-12-02 04:00:00,100.96282,11.982702
2023-12-02 05:00:00,103.21559,11.912934
2023-12-02 06:00:00,109.25533,12.124593
2023-12-02 07:00:00,129.22778,15.760521
2023-12-02 08:00:00,139.70453,19.604504
2023-12-02 09:00:00,153.17078,18.059937
2023-12-02 10:00:00,150.45593,17.070375
2023-12-02 11:00:00,147.0641,14.846127
2023-12-02 12:00:00,147.3862,14.893244
2023-12-02 13:00:00,139.19075,14.743653
2023-12-02 14:00:00,138.76387,14.782553
2023-12-02 15:00:00,144.23947,15.301845
2023-12-02 16:00:00,149.95723,16.59213
2023-12-02 17:00:00,179.72528,20.57215
2023-12-02 18:00:00,179.64854,21.05172
2023-12-02 19:00:00,153.24655,16.717016
2023-12-02 20:00:00,129.6235,16.459951
2023-12-02 21:00:00,109.32084,14.869944
2023-12-02 22:00:00,113.20936,14.643153
2023-12-02 23:00:00,104.62513,15.982377
2023-12-03 00:00:00,106.30212,23.923124
2023-12-03 01:00:00,95.62196,21.285547
2023-12-03 02:00:00,89.73609,21.391739
2023-12-03 03:00:00,79.930534,23.752737
2023-12-03 04:00:00,76.15132,25.117968
2023-12-03 05:00:00,81.37655,24.429283
2023-12-03 06:00:00,84.46824,21.448578
2023-12-03 07:00:00,98.6488,21.25826
2023-12-03 08:00:00,109.71899,19.698143
2023-12-03 09:00:00,123.29614,19.165234
2023-12-03 10:00:00,123.93854,20.752901
2023-12-03 11:00:00,126.02824,20.709461
2023-12-03 12:00:00,123.9603,21.314823
2023-12-03 13:00:00,119.83055,20.542082
2023-12-03 14:00:00,111.316185,18.999657
2023-12-03 15:00:00,116.75695,18.733282
2023-12-03 16:00:00,116.960205,18.595684
2023-12-03 17:00:00,136.45193,24.296244
2023-12-03 18:00:00,140.00015,24.955156
2023-12-03 19:00:00,134.74597,24.339605
2023-12-03 20:00:00,115.82277,24.466057
2023-12-03 21:00:00,97.07462,25.63363
2023-12-03 22:00:00,105.831856,26.06076
2023-12-03 23:00:00,95.64525,26.084446
2023-12-04 00:00:00,85.672424,27.593859
2023-12-04 01:00:00,83.89476,27.540766
2023-12-04 02:00:00,78.42169,27.893911
2023-12-04 03:00:00,70.33828,29.996098
2023-12-04 04:00:00,72.08673,28.968292
2023-12-04 05:00:00,84.597916,28.17
2023-12-04 06:00:00,110.37816,24.46763
2023-12-04 07:00:00,143.86563,24.827524
2023-12-04 08:00:00,155.83768,26.780342
2023-12-04 09:00:00,154.96492,24.812
2023-12-04 10:00:00,146.39243,27.72625
2023-12-04 11:00:00,144.86142,28.446716
2023-12-04 12:00:00,135.738,27.802227
2023-12-04 13:00:00,140.06339,25.379066
2023-12-04 14:00:00,141.21384,26.287674
2023-12-04 15:00:00,143.95428,22.196812
2023-12-04 16:00:00,146.20166,24.713512
2023-12-04 17:00:00,162.72018,27.934223
2023-12-04 18:00:00,165.00148,30.350836
2023-12-04 19:00:00,159.23108,34.78562
2023-12-04 20:00:00,140.1138,30.484793
2023-12-04 21:00:00,121.32197,27.916555
2023-12-04 22:00:00,123.694016,27.246317
2023-12-04 23:00:00,113.44235,30.56973
2023-12-05 00:00:00,98.19706,24.714382
2023-12-05 01:00:00,99.05407,23.40262
2023-12-05 02:00:00,94.03872,22.831575
2023-12-05 03:00:00,86.603775,22.471024
2023-12-05 04:00:00,91.8642,20.434948
2023-12-05 05:00:00,100.83276,21.021727
2023-12-05 06:00:00,124.36496,22.22172
2023-12-05 07:00:00,157.48293,25.597607
2023-12-05 08:00:00,167.22325,30.127293
2023-12-05 09:00:00,169.16739,28.189621
2023-12-05 10:00:00,161.03136,30.228483
2023-12-05 11:00:00,159.14987,28.319038
2023-12-05 12:00:00,150.21771,27.589405
2023-12-05 13:00:00,152.57239,27.743134
2023-12-05 14:00:00,157.34344,29.813879
2023-12-05 15:00:00,156.0764,24.096588
2023-12-05 16:00:00,160.44653,30.422178
2023-12-05 17:00:00,177.48953,30.645267
2023-12-05 18:00:00,176.09534,37.39219
2023-12-05 19:00:00,158.79077,32.76175
2023-12-05 20:00:00,140.12225,29.934786
2023-12-05 21:00:00,123.33289,26.9306
2023-12-05 22:00:00,120.31949,25.659624
2023-12-05 23:00:00,112.53343,27.885096
2023-12-06 00:00:00,103.42105,21.552433
2023-12-06 01:00:00,106.61173,19.257288
2023-12-06 02:00:00,103.54934,20.310188
2023-12-06 03:00:00,98.90552,19.510914
2023-12-06 04:00:00,102.99362,17.370222
2023-12-06 05:00:00,108.960556,18.437284
2023-12-06 06:00:00,128.20499,18.93132
2023-12-06 07:00:00,153.85135,24.802261
2023-12-06 08:00:00,161.41283,32.01745
2023-12-06 09:00:00,164.5154,31.139006
2023-12-06 10:00:00,153.61906,30.807236
2023-12-06 11:00:00,149.11124,28.913872
2023-12-06 12:00:00,144.48953,26.549683
2023-12-06 13:00:00,146.32666,29.059225
2023-12-06 14:00:00,153.08206,29.113914
2023-12-06 15:00:00,156.86751,26.90645
2023-12-06 16:00:00,163.96494,29.063236
2023-12-06 17:00:00,183.45471,31.452696
2023-12-06 18:00:00,187.56897,35.788235
2023-12-06 19:00:00,166.84473,32.200867
2023-12-06 20:00:00,145.91162,27.219387
2023-12-06 21:00:00,128.29742,23.033466
2023-12-06 22:00:00,121.40097,23.142626
2023-12-06 23:00:00,114.139275,22.982368
2023-12-07 00:00:00,99.52814,12.174659
2023-12-07 01:00:00,95.07711,10.601366
2023-12-07 02:00:00,89.599304,10.779175
2023-12-07 03:00:00,83.0238,10.886083
2023-12-07 04:00:00,80.78791,12.373291
2023-12-07 05:00:00,87.54604,11.896857
2023-12-07 06:00:00,106.523964,11.944247
2023-12-07 07:00:00,132.15341,13.978026
2023-12-07 08:00:00,142.30986,17.091234
2023-12-07 09:00:00,142.7323,16.428774
2023-12-07 10:00:00,135.2337,17.202568
2023-12-07 11:00:00,127.50301,15.204126
2023-12-07 12:00:00,117.84453,17.070173
2023-12-07 13:00:00,116.01336,18.883263
2023-12-07 14:00:00,113.9872,16.83112
2023-12-07 15:00:00,114.8302,15.973917
2023-12-07 16:00:00,115.97131,16.890135
2023-12-07 17:00:00,135.99023,18.644094
2023-12-07 18:00:00,139.90074,21.72555
2023-12-07 19:00:00,121.08182,21.356344
2023-12-07 20:00:00,99.55465,22.28515
2023-12-07 21:00:00,84.70144,17.308931
2023-12-07 22:00:00,87.98312,16.215786
2023-12-07 23:00:00,78.40604,17.75738
2023-12-08 00:00:00,75.95239,13.084424
2023-12-08 01:00:00,73.24306,13.459798
2023-12-08 02:00:00,69.20765,13.552408
2023-12-08 03:00:00,62.04935,14.475878
2023-12-08 04:00:00,62.672848,15.919051
2023-12-08 05:00:00,70.28229,13.619311
2023-12-08 06:00:00,92.321465,11.18195
2023-12-08 07:00:00,114.9351,11.547942
2023-12-08 08:00:00,126.48711,11.195244
2023-12-08 09:00:00,131.02321,12.263218
2023-12-08 10:00:00,124.25842,12.076329
2023-12-08 11:00:00,120.04538,11.936844
2023-12-08 12:00:00,111.97957,12.471172
2023-12-08 13:00:00,112.07681,10.595558
2023-12-08 14:00:00,109.82966,11.046459
2023-12-08 15:00:00,111.701004,10.531298
2023-12-08 16:00:00,113.62076,11.382695
2023-12-08 17:00:00,128.71498,13.273144
2023-12-08 18:00:00,135.03215,13.986576
2023-12-08 19:00:00,125.74773,16.698605
2023-12-08 20:00:00,105.8046,15.247075
2023-12-08 21:00:00,90.18462,13.092186
2023-12-08 22:00:00,92.608795,14.054667
2023-12-08 23:00:00,85.86107,14.491836
2023-12-09 00:00:00,91.58951,10.866763
2023-12-09 01:00:00,84.98979,10.026876
2023-12-09 02:00:00,81.06912,10.746777
2023-12-09 03:00:00,75.29629,11.09758
2023-12-09 04:00:00,72.80226,13.651088
2023-12-09 05:00:00,76.076675,13.193512
2023-12-09 06:00:00,78.829315,11.252642
2023-12-09 07:00:00,84.89717,11.746609
2023-12-09 08:00:00,91.84405,10.78356
2023-12-09 09:00:00,98.3185,10.359271
2023-12-09 10:00:00,98.187096,10.530182
2023-12-09 11:00:00,97.11799,10.227954
2023-12-09 12:00:00,96.40914,11.64566
2023-12-09 13:00:00,90.47119,12.141123
2023-12-09 14:00:00,85.83273,10.557416
2023-12-09 15:00:00,85.05455,10.573405
2023-12-09 16:00:00,85.58818,10.634534
2023-12-09 17:00:00,95.37496,11.900718
2023-12-09 18:00:00,100.32529,11.657404
2023-12-09 19:00:00,98.54677,12.896397
2023-12-09 20:00:00,91.071526,13.691497
2023-12-09 21:00:00,84.50811,13.892181
2023-12-09 22:00:00,87.13609,14.077772
2023-12-09 23:00:00,83.73198,14.766482
2023-12-10 00:00:00,46.36789,17.863031
2023-12-10 01:00:00,40.190765,20.811384
2023-12-10 02:00:00,33.421486,22.09602
2023-12-10 03:00:00,26.089409,20.174658
2023-12-10 04:00:00,27.157608,19.485172
2023-12-10 05:00:00,28.469948,17.562021
2023-12-10 06:00:00,34.5523,16.222248
2023-12-10 07:00:00,42.58903,16.897661
2023-12-10 08:00:00,47.687164,15.143233
2023-12-10 09:00:00,56.326176,15.093545
2023-12-10 10:00:00,53.45237,17.595139
2023-12-10 11:00:00,54.9461,15.910655
2023-12-10 12:00:00,53.798767,20.785496
2023-12-10 13:00:00,52.371376,18.3124
2023-12-10 14:00:00,54.12707,17.112572
2023-12-10 15:00:00,56.531853,14.855784
2023-12-10 16:00:00,63.658882,15.183355
2023-12-10 17:00:00,82.88881,12.335821
2023-12-10 18:00:00,88.47511,12.203884
2023-12-10 19:00:00,89.638405,16.067915
2023-12-10 20:00:00,79.53183,13.166567
2023-12-10 21:00:00,67.14891,18.278585
2023-12-10 22:00:00,69.24255,17.06599
2023-12-10 23:00:00,65.767815,17.094765
2023-12-11 00:00:00,50.53391,17.490047
2023-12-11 01:00:00,45.47763,17.781199
2023-12-11 02:00:00,41.231663,18.190128
2023-12-11 03:00:00,33.02909,20.758799
2023-12-11 04:00:00,33.9914,20.216673
2023-12-11 05:00:00,43.065495,19.85654
2023-12-11 06:00:00,60.60119,16.511019
2023-12-11 07:00:00,80.6817,15.408944
2023-12-11 08:00:00,90.45934,14.187099
2023-12-11 09:00:00,90.860825,13.760474
2023-12-11 10:00:00,86.890724,15.924977
2023-12-11 11:00:00,86.12288,15.302004
2023-12-11 12:00:00,83.77575,15.123423
2023-12-11 13:00:00,85.02128,14.38485
2023-12-11 14:00:00,83.1741,13.609928
2023-12-11 15:00:00,86.63161,12.3761015
2023-12-11 16:00:00,91.625786,12.067401
2023-12-11 17:00:00,104.64758,13.81604
2023-12-11 18:00:00,109.37874,15.738358
2023-12-11 19:00:00,112.52637,20.173822
2023-12-11 20:00:00,100.68314,17.856165
2023-12-11 21:00:00,85.539925,17.949821
2023-12-11 22:00:00,89.74336,16.452879
2023-12-11 23:00:00,80.34346,16.713673
2023-12-12 00:00:00,87.1082,13.866767
2023-12-12 01:00:00,81.37898,11.779987
2023-12-12 02:00:00,78.07669,12.172575
2023-12-12 03:00:00,72.52482,11.78941
2023-12-12 04:00:00,74.309975,11.654896
2023-12-12 05:00:00,79.62602,11.687771
2023-12-12 06:00:00,96.09882,14.58648
2023-12-12 07:00:00,117.13815,17.552797
2023-12-12 08:00:00,123.005615,22.042856
2023-12-12 09:00:00,122.4285,18.740728
2023-12-12 10:00:00,117.824005,19.549536
2023-12-12 11:00:00,114.221344,17.528555
2023-12-12 12:00:00,109.78759,18.900297
2023-12-12 13:00:00,103.861015,20.94325
2023-12-12 14:00:00,103.46962,18.943579
2023-12-12 15:00:00,102.527466,17.85316
2023-12-12 16:00:00,106.25205,20.874681
2023-12-12 17:00:00,121.215996,19.86862
2023-12-12 18:00:00,121.51814,27.709965
2023-12-12 19:00:00,114.84879,23.481628
2023-12-12 20:00:00,102.25288,22.027788
2023-12-12 21:00:00,92.12323,18.879673
2023-12-12 22:00:00,88.85194,16.362118
2023-12-12 23:00:00,79.70044,16.097729
2023-12-13 00:00:00,72.25727,14.10887
2023-12-13 01:00:00,68.31105,13.775222
2023-12-13 02:00:00,68.040924,14.057666
2023-12-13 03:00:00,62.416595,13.636582
2023-12-13 04:00:00,60.928837,13.82861
2023-12-13 05:00:00,67.71,12.306152
2023-12-13 06:00:00,85.21469,13.095157
2023-12-13 07:00:00,102.57497,14.411437
2023-12-13 08:00:00,112.98021,15.144225
2023-12-13 09:00:00,117.601845,16.209585
2023-12-13 10:00:00,114.51277,15.361076
2023-12-13 11:00:00,113.25405,13.872234
2023-12-13 12:00:00,107.68623,14.004493
2023-12-13 13:00:00,105.17153,12.400756
2023-12-13 14:00:00,105.891075,13.435928
2023-12-13 15:00:00,106.52961,13.604545
2023-12-13 16:00:00,111.72879,14.197742
2023-12-13 17:00:00,124.71057,16.58906
2023-12-13 18:00:00,129.33295,18.562687
2023-12-13 19:00:00,125.73934,16.97104
2023-12-13 20:00:00,109.96399,15.520367
2023-12-13 21:00:00,96.45322,13.531226
2023-12-13 22:00:00,94.476265,13.403138
2023-12-13 23:00:00,88.269714,13.401668
2023-12-14 00:00:00,86.07468,11.430509
2023-12-14 01:00:00,84.02126,11.454631
2023-12-14 02:00:00,84.65947,9.908345
2023-12-14 03:00:00,80.52146,10.383702
2023-12-14 04:00:00,80.11994,9.37241
2023-12-14 05:00:00,83.74886,9.583805
2023-12-14 06:00:00,96.63929,10.121596
2023-12-14 07:00:00,107.20121,11.55631
2023-12-14 08:00:00,113.615585,13.170686
2023-12-14 09:00:00,112.83252,13.852672
2023-12-14 10:00:00,110.48994,11.941968
2023-12-14 11:00:00,109.96717,12.38339
2023-12-14 12:00:00,105.184975,12.62954
2023-12-14 13:00:00,102.79285,10.984103
2023-12-14 14:00:00,101.04553,11.905869
2023-12-14 15:00:00,101.66173,11.425887
2023-12-14 16:00:00,103.78235,11.257549
2023-12-14 17:00:00,108.76401,12.418183
2023-12-14 18:00:00,113.5926,13.357269
2023-12-14 19:00:00,110.659904,12.038642
2023-12-14 20:00:00,102.50547,11.9946375
2023-12-14 21:00:00,94.421745,11.917451
2023-12-14 22:00:00,93.64469,11.129932
2023-12-14 23:00:00,89.52907,11.828663
2023-12-15 00:00:00,87.09987,11.518258
2023-12-15 01:00:00,84.29164,10.6943865
2023-12-15 02:00:00,83.002396,9.900813
2023-12-15 03:00:00,80.15663,10.231367
2023-12-15 04:00:00,80.09738,9.3229
2023-12-15 05:00:00,82.68388,9.66068
2023-12-15 06:00:00,95.02618,10.134886
2023-12-15 07:00:00,108.060616,12.235045
2023-12-15 08:00:00,116.48443,15.422644
2023-12-15 09:00:00,114.61122,16.96407
2023-12-15 10:00:00,111.18716,13.765252
2023-12-15 11:00:00,107.91351,14.173716
2023-12-15 12:00:00,104.680664,14.399296
2023-12-15 13:00:00,102.83942,13.062619
2023-12-15 14:00:00,102.636986,12.091335
2023-12-15 15:00:00,104.91603,12.287255
2023-12-15 16:00:00,109.66231,12.518146
2023-12-15 17:00:00,120.096054,14.250052
2023-12-15 18:00:00,122.87146,16.652475
2023-12-15 19:00:00,114.12125,14.917741
2023-12-15 20:00:00,103.26261,13.343634
2023-12-15 21:00:00,94.020325,11.895715
2023-12-15 22:00:00,92.40241,11.187924
2023-12-15 23:00:00,86.714066,10.540653
2023-12-16 00:00:00,76.684074,12.481344
2023-12-16 01:00:00,71.313614,10.972544
2023-12-16 02:00:00,70.17461,11.313572
2023-12-16 03:00:00,65.25096,11.038015
2023-12-16 04:00:00,64.02408,11.980095
2023-12-16 05:00:00,65.800415,10.370943
2023-12-16 06:00:00,69.454216,9.814388
2023-12-16 07:00:00,75.81453,10.667399
2023-12-16 08:00:00,81.62443,10.933798
2023-12-16 09:00:00,86.88283,11.051579
2023-12-16 10:00:00,87.60269,11.086291
2023-12-16 11:00:00,86.83937,10.811365
2023-12-16 12:00:00,87.0565,11.2787
2023-12-16 13:00:00,83.29315,9.823
2023-12-16 14:00:00,78.86406,10.167065
2023-12-16 15:00:00,81.8816,9.995303
2023-12-16 16:00:00,83.72632,10.62977
2023-12-16 17:00:00,93.93965,12.400335
2023-12-16 18:00:00,95.58603,12.593004
2023-12-16 19:00:00,93.12898,12.0962
2023-12-16 20:00:00,85.84207,12.892126
2023-12-16 21:00:00,77.465515,11.257012
2023-12-16 22:00:00,79.97746,11.690529
2023-12-16 23:00:00,77.20839,12.323292
2023-12-17 00:00:00,71.130516,10.241664
2023-12-17 01:00:00,65.99856,9.726994
2023-12-17 02:00:00,64.753944,9.397019
2023-12-17 03:00:00,61.108257,10.553109
2023-12-17 04:00:00,58.53077,9.694154
2023-12-17 05:00:00,62.64444,9.388509
2023-12-17 06:00:00,68.11076,9.518634
2023-12-17 07:00:00,75.712036,11.077008
2023-12-17 08:00:00,81.08858,11.1750145
2023-12-17 09:00:00,86.11539,10.929954
2023-12-17 10:00:00,82.20158,11.778279
2023-12-17 11:00:00,80.9541,11.652501
2023-12-17 12:00:00,79.70306,11.130227
2023-12-17 13:00:00,75.42404,11.039738
2023-12-17 14:00:00,74.56554,10.460674
2023-12-17 15:00:00,80.11224,10.282166
2023-12-17 16:00:00,85.90295,10.491698
2023-12-17 17:00:00,99.34837,12.014881
2023-12-17 18:00:00,104.50705,10.32215
2023-12-17 19:00:00,100.31809,10.279735
2023-12-17 20:00:00,88.55475,10.194366
2023-12-17 21:00:00,78.24062,10.7592945
2023-12-17 22:00:00,80.23905,9.922746
2023-12-17 23:00:00,75.08123,9.626289
2023-12-18 00:00:00,62.056015,12.163153
2023-12-18 01:00:00,58.451675,11.491322
2023-12-18 02:00:00,54.230164,11.220066
2023-12-18 03:00:00,49.801167,10.706242
2023-12-18 04:00:00,49.85683,11.212039
2023-12-18 05:00:00,58.676056,10.953237
2023-12-18 06:00:00,80.3914,11.631287
2023-12-18 07:00:00,105.767944,13.729788
2023-12-18 08:00:00,111.7621,16.48903
2023-12-18 09:00:00,108.75077,16.852678
2023-12-18 10:00:00,101.34236,16.019331
2023-12-18 11:00:00,95.68749,16.923712
2023-12-18 12:00:00,89.71366,15.855679
2023-12-18 13:00:00,89.75584,15.573522
2023-12-18 14:00:00,91.70398,14.166535
2023-12-18 15:00:00,97.18126,13.334732
2023-12-18 16:00:00,98.22924,14.986592
2023-12-18 17:00:00,113.83478,17.219751
2023-12-18 18:00:00,117.93034,20.301489
2023-12-18 19:00:00,108.4427,20.353569
2023-12-18 20:00:00,91.45101,16.174746
2023-12-18 21:00:00,78.47133,12.90439
2023-12-18 22:00:00,76.685684,11.597537
2023-12-18 23:00:00,67.35213,13.50479
2023-12-19 00:00:00,60.2322,9.362564
2023-12-19 01:00:00,55.84897,8.5134945
2023-12-19 02:00:00,53.49391,10.0679655
2023-12-19 03:00:00,48.024105,10.936028
2023-12-19 04:00:00,48.80144,12.085336
2023-12-19 05:00:00,55.324284,10.792378
2023-12-19 06:00:00,67.173706,9.126993
2023-12-19 07:00:00,81.68809,8.61094
2023-12-19 08:00:00,88.314964,8.891903
2023-12-19 09:00:00,87.34158,7.9418163
2023-12-19 10:00:00,82.73593,9.565957
2023-12-19 11:00:00,80.522644,9.052896
2023-12-19 12:00:00,76.15318,9.666397
2023-12-19 13:00:00,75.47223,9.599529
2023-12-19 14:00:00,74.66899,8.147857
2023-12-19 15:00:00,74.70386,8.423707
2023-12-19 16:00:00,75.96147,8.09442
2023-12-19 17:00:00,84.73729,8.532927
2023-12-19 18:00:00,90.09237,10.107048
2023-12-19 19:00:00,92.719666,13.672726
2023-12-19 20:00:00,88.094376,12.83402
2023-12-19 21:00:00,78.287865,10.433378
2023-12-19 22:00:00,80.10978,10.757079
2023-12-19 23:00:00,74.29246,11.219987
2023-12-20 00:00:00,63.382835,12.634529
2023-12-20 01:00:00,61.202557,11.793681
2023-12-20 02:00:00,58.148296,12.278657
2023-12-20 03:00:00,55.006992,13.009519
2023-12-20 04:00:00,54.88103,14.188347
2023-12-20 05:00:00,60.368317,13.204862
2023-12-20 06:00:00,72.35279,12.236373
2023-12-20 07:00:00,85.36497,12.811966
2023-12-20 08:00:00,90.832596,13.412865
2023-12-20 09:00:00,90.15767,13.056378
2023-12-20 10:00:00,83.072845,14.312143
2023-12-20 11:00:00,79.450615,14.106616
2023-12-20 12:00:00,74.57979,15.1227665
2023-12-20 13:00:00,74.19526,15.208876
2023-12-20 14:00:00,74.52641,13.720856
2023-12-20 15:00:00,75.58445,13.063969
2023-12-20 16:00:00,76.43249,13.081385
2023-12-20 17:00:00,84.86481,15.252424
2023-12-20 18:00:00,88.92016,15.49278
2023-12-20 19:00:00,86.712364,17.860197
2023-12-20 20:00:00,77.26212,16.311874
2023-12-20 21:00:00,68.83613,14.356594
2023-12-20 22:00:00,68.96165,14.975959
2023-12-20 23:00:00,64.43285,16.38759
2023-12-21 00:00:00,51.41328,12.982659
2023-12-21 01:00:00,47.22889,12.430678
2023-12-21 02:00:00,43.490997,13.482115
2023-12-21 03:00:00,39.06357,14.635729
2023-12-21 04:00:00,36.700966,16.52851
2023-12-21 05:00:00,43.923973,15.521924
2023-12-21 06:00:00,53.97591,12.727395
2023-12-21 07:00:00,67.52945,12.0826435
2023-12-21 08:00:00,74.53087,10.484061
2023-12-21 09:00:00,74.793945,10.750279
2023-12-21 10:00:00,70.228905,11.514562
2023-12-21 11:00:00,68.05884,12.811094
2023-12-21 12:00:00,64.71946,13.201731
2023-12-21 13:00:00,63.546066,13.776054
2023-12-21 14:00:00,61.985416,10.943371
2023-12-21 15:00:00,63.145596,11.204163
2023-12-21 16:00:00,62.793663,10.698036
2023-12-21 17:00:00,71.08711,12.735479
2023-12-21 18:00:00,74.95557,13.205212
2023-12-21 19:00:00,72.87595,16.031706
2023-12-21 20:00:00,64.61452,16.115252
2023-12-21 21:00:00,56.68352,14.329699
2023-12-21 22:00:00,59.838158,15.363356
2023-12-21 23:00:00,54.913662,15.197416
2023-12-22 00:00:00,21.364952,15.393542
2023-12-22 01:00:00,15.768616,16.092936
2023-12-22 02:00:00,10.585632,17.37853
2023-12-22 03:00:00,5.3200912,16.85607
2023-12-22 04:00:00,3.7676926,17.80952
2023-12-22 05:00:00,11.466644,16.823101
2023-12-22 06:00:00,26.693703,14.484191
2023-12-22 07:00:00,42.748196,14.022202
2023-12-22 08:00:00,51.76281,11.057255
2023-12-22 09:00:00,53.443443,11.781954
2023-12-22 10:00:00,48.65152,12.543955
2023-12-22 11:00:00,45.943974,13.69264
2023-12-22 12:00:00,43.540367,13.366691
2023-12-22 13:00:00,42.466114,13.167612
2023-12-22 14:00:00,42.624138,11.129745
2023-12-22 15:00:00,43.209095,11.544912
2023-12-22 16:00:00,45.254974,10.438692
2023-12-22 17:00:00,56.683884,12.07236
2023-12-22 18:00:00,61.313465,12.457928
2023-12-22 19:00:00,60.646408,17.138964
2023-12-22 20:00:00,48.463192,15.596988
2023-12-22 21:00:00,37.73243,16.547375
2023-12-22 22:00:00,40.540012,16.495228
2023-12-22 23:00:00,35.18596,16.06305
2023-12-23 00:00:00,14.042984,14.656555
2023-12-23 01:00:00,4.530678,15.394663
2023-12-23 02:00:00,-1.1376266,16.965433
2023-12-23 03:00:00,-10.744423,16.104057
2023-12-23 04:00:00,-10.447411,19.616804
2023-12-23 05:00:00,-8.165016,18.239311
2023-12-23 06:00:00,-4.322418,16.093094
2023-12-23 07:00:00,2.0067215,16.448362
2023-12-23 08:00:00,10.116432,13.308283
2023-12-23 09:00:00,18.513702,14.079661
2023-12-23 10:00:00,19.501587,15.328464
2023-12-23 11:00:00,18.06269,12.772574
2023-12-23 12:00:00,19.348259,17.105703
2023-12-23 13:00:00,13.668762,17.76828
2023-12-23 14:00:00,10.58654,14.338073
2023-12-23 15:00:00,11.215904,14.179633
2023-12-23 16:00:00,17.208115,13.3167
2023-12-23 17:00:00,30.61303,14.255962
2023-12-23 18:00:00,39.267906,14.441457
2023-12-23 19:00:00,42.9044,18.386972
2023-12-23 20:00:00,32.5894,17.995281
2023-12-23 21:00:00,21.715591,19.075924
2023-12-23 22:00:00,23.528923,17.336498
2023-12-23 23:00:00,19.221405,17.11114
2023-12-24 00:00:00,7.597458,17.67837
2023-12-24 01:00:00,-3.680252,18.808525
2023-12-24 02:00:00,-9.4640045,19.908321
2023-12-24 03:00:00,-20.07994,19.442333
2023-12-24 04:00:00,-19.475342,22.93813
2023-12-24 05:00:00,-18.988808,21.522072
2023-12-24 06:00:00,-18.031769,20.175434
2023-12-24 07:00:00,-12.021538,20.450031
2023-12-24 08:00:00,-3.805252,16.917559
2023-12-24 09:00:00,7.955696,16.846703
2023-12-24 10:00:00,9.790466,18.0637
2023-12-24 11:00:00,10.333313,14.834412
2023-12-24 12:00:00,13.066299,19.145803
2023-12-24 13:00:00,6.6638947,20.66973
2023-12-24 14:00:00,2.0537415,17.034876
2023-12-24 15:00:00,2.0084076,16.4065
2023-12-24 16:00:00,7.9053497,15.527131
2023-12-24 17:00:00,23.669975,16.799576
2023-12-24 18:00:00,33.040268,17.228579
2023-12-24 19:00:00,36.401123,21.266777
2023-12-24 20:00:00,26.290863,20.159527
2023-12-24 21:00:00,14.850639,22.687948
2023-12-24 22:00:00,16.846336,19.30729
2023-12-24 23:00:00,11.921646,19.720503
2023-12-25 00:00:00,-16.463676,25.79055
2023-12-25 01:00:00,-23.643784,29.593933
2023-12-25 02:00:00,-30.166992,28.552681
2023-12-25 03:00:00,-39.50676,28.068344
2023-12-25 04:00:00,-34.893433,28.804432
2023-12-25 05:00:00,-35.34883,25.941156
2023-12-25 06:00:00,-28.290375,23.267689
2023-12-25 07:00:00,-20.344658,24.738628
2023-12-25 08:00:00,-14.274345,22.034035
2023-12-25 09:00:00,0.9131317,23.073301
2023-12-25 10:00:00,-1.7418823,23.405441
2023-12-25 11:00:00,1.2039566,19.33526
2023-12-25 12:00:00,-1.1327362,25.370583
2023-12-25 13:00:00,-0.8200455,24.594086
2023-12-25 14:00:00,-5.040619,21.610462
2023-12-25 15:00:00,-1.7805405,20.459803
2023-12-25 16:00:00,3.6481934,20.851578
2023-12-25 17:00:00,19.574654,21.060644
2023-12-25 18:00:00,21.603592,22.345274
2023-12-25 19:00:00,24.283592,29.345156
2023-12-25 20:00:00,12.193451,27.346487
2023-12-25 21:00:00,-0.20632172,29.020123
2023-12-25 22:00:00,-1.3074188,27.78306
2023-12-25 23:00:00,-3.4714432,28.23418
2023-12-26 00:00:00,5.767212,17.55396
2023-12-26 01:00:00,8.303299,17.723646
2023-12-26 02:00:00,7.8270187,20.387728
2023-12-26 03:00:00,1.8016891,19.728025
2023-12-26 04:00:00,4.496887,14.4764385
2023-12-26 05:00:00,12.9863205,13.326953
2023-12-26 06:00:00,33.013847,12.6093445
2023-12-26 07:00:00,46.15067,15.4123125
2023-12-26 08:00:00,53.289246,19.091715
2023-12-26 09:00:00,56.734406,19.316746
2023-12-26 10:00:00,40.217094,18.871237
2023-12-26 11:00:00,35.046654,17.538202
2023-12-26 12:00:00,30.15966,20.017704
2023-12-26 13:00:00,34.34781,15.556926
2023-12-26 14:00:00,37.226913,15.942107
2023-12-26 15:00:00,45.56043,15.8786335
2023-12-26 16:00:00,61.450356,19.00482
2023-12-26 17:00:00,84.331245,15.641664
2023-12-26 18:00:00,93.36454,17.810934
2023-12-26 19:00:00,86.10823,19.426456
2023-12-26 20:00:00,66.77507,15.94275
2023-12-26 21:00:00,54.01909,14.756707
2023-12-26 22:00:00,40.36103,10.037739
2023-12-26 23:00:00,38.524162,11.708839
2023-12-27 00:00:00,49.04229,9.486432
2023-12-27 01:00:00,43.45936,7.9484606
2023-12-27 02:00:00,44.216698,7.953733
2023-12-27 03:00:00,37.68078,7.968406
2023-12-27 04:00:00,37.656082,7.830005
2023-12-27 05:00:00,37.429543,7.935804
2023-12-27 06:00:00,45.778244,9.447122
2023-12-27 07:00:00,51.129898,10.45084
2023-12-27 08:00:00,58.662437,11.493583
2023-12-27 09:00:00,51.821247,12.455842
2023-12-27 10:00:00,50.280457,9.278917
2023-12-27 11:00:00,49.628498,10.617405
2023-12-27 12:00:00,47.90284,13.572898
2023-12-27 13:00:00,42.705124,12.024988
2023-12-27 14:00:00,37.524345,11.594795
2023-12-27 15:00:00,42.80167,11.997707
2023-12-27 16:00:00,46.143967,11.519137
2023-12-27 17:00:00,52.118324,11.462835
2023-12-27 18:00:00,55.68981,16.407457
2023-12-27 19:00:00,57.30863,12.430216
2023-12-27 20:00:00,45.851326,14.876571
2023-12-27 21:00:00,39.426964,13.094626
2023-12-27 22:00:00,34.224815,11.702299
2023-12-27 23:00:00,29.801346,10.910468
2023-12-28 00:00:00,12.217987,14.93153
2023-12-28 01:00:00,9.717079,13.760826
2023-12-28 02:00:00,9.086182,14.558363
2023-12-28 03:00:00,6.0537186,14.681684
2023-12-28 04:00:00,5.13208,14.160979
2023-12-28 05:00:00,6.6599655,12.629632
2023-12-28 06:00:00,16.558884,13.505701
2023-12-28 07:00:00,29.64367,16.529575
2023-12-28 08:00:00,37.840622,16.166351
2023-12-28 09:00:00,39.41494,18.238398
2023-12-28 10:00:00,30.529243,19.496004
2023-12-28 11:00:00,26.158844,16.204386
2023-12-28 12:00:00,24.35685,17.353521
2023-12-28 13:00:00,22.91912,15.630749
2023-12-28 14:00:00,23.622475,14.804635
2023-12-28 15:00:00,27.872475,14.948996
2023-12-28 16:00:00,33.126045,15.603887
2023-12-28 17:00:00,48.179985,18.67223
2023-12-28 18:00:00,52.88565,19.989964
2023-12-28 19:00:00,46.760345,20.064638
2023-12-28 20:00:00,33.00624,16.305038
2023-12-28 21:00:00,20.528534,15.17863
2023-12-28 22:00:00,21.48938,14.488162
2023-12-28 23:00:00,16.964493,15.776872
2023-12-29 00:00:00,8.430611,18.048813
2023-12-29 01:00:00,5.3032455,15.812503
2023-12-29 02:00:00,3.9865646,16.309883
2023-12-29 03:00:00,-2.4171753,17.097496
2023-12-29 04:00:00,-2.1055603,16.492321
2023-12-29 05:00:00,2.9020844,15.301137
2023-12-29 06:00:00,12.692619,11.788559
2023-12-29 07:00:00,26.271744,12.537101
2023-12-29 08:00:00,32.95072,13.525994
2023-12-29 09:00:00,36.34221,14.626579
2023-12-29 10:00:00,36.59294,14.845735
2023-12-29 11:00:00,37.159203,16.404016
2023-12-29 12:00:00,35.025658,15.103526
2023-12-29 13:00:00,34.300606,12.029456
2023-12-29 14:00:00,32.558342,13.019733
2023-12-29 15:00:00,37.00438,11.662207
2023-12-29 16:00:00,38.183395,12.025323
2023-12-29 17:00:00,49.146305,15.358697
2023-12-29 18:00:00,47.027924,17.211445
2023-12-29 19:00:00,39.652252,16.825727
2023-12-29 20:00:00,29.388306,16.129461
2023-12-29 21:00:00,19.430565,13.796196
2023-12-29 22:00:00,22.964462,14.62324
2023-12-29 23:00:00,18.14399,15.215613
2023-12-30 00:00:00,15.571518,16.050232
2023-12-30 01:00:00,12.056198,14.755296
2023-12-30 02:00:00,10.551102,14.896926
2023-12-30 03:00:00,7.118393,14.539647
2023-12-30 04:00:00,7.2707977,13.829262
2023-12-30 05:00:00,8.903809,13.785521
2023-12-30 06:00:00,18.696121,14.647555
2023-12-30 07:00:00,30.900597,16.37099
2023-12-30 08:00:00,36.69953,19.847916
2023-12-30 09:00:00,40.60401,21.10339
2023-12-30 10:00:00,38.9505,18.410088
2023-12-30 11:00:00,36.230057,18.500345
2023-12-30 12:00:00,34.606445,18.049107
2023-12-30 13:00:00,34.287224,17.605091
2023-12-30 14:00:00,32.697952,17.178164
2023-12-30 15:00:00,35.165634,16.80947
2023-12-30 16:00:00,39.606575,17.20657
2023-12-30 17:00:00,51.060383,20.888523
2023-12-30 18:00:00,52.147297,23.019514
2023-12-30 19:00:00,43.794273,21.042767
2023-12-30 20:00:00,31.587341,18.929672
2023-12-30 21:00:00,22.652306,17.333796
2023-12-30 22:00:00,22.073952,16.063541
2023-12-30 23:00:00,15.526337,15.638251
2023-12-31 00:00:00,30.263283,19.901768
2023-12-31 01:00:00,26.90049,18.935823
2023-12-31 02:00:00,22.482971,18.63912
2023-12-31 03:00:00,18.509857,19.062288
2023-12-31 04:00:00,18.412735,19.91917
2023-12-31 05:00:00,19.210503,20.311422
2023-12-31 06:00:00,22.18814,18.43385
2023-12-31 07:00:00,29.379227,20.931557
2023-12-31 08:00:00,36.03749,24.510923
2023-12-31 09:00:00,38.764526,22.953463
2023-12-31 10:00:00,37.243286,23.728043
2023-12-31 11:00:00,37.310913,22.549793
2023-12-31 12:00:00,34.647682,25.322704
2023-12-31 13:00:00,35.451202,22.894417
2023-12-31 14:00:00,35.73349,22.333761
2023-12-31 15:00:00,39.659073,19.718138
2023-12-31 16:00:00,43.340065,21.89278
2023-12-31 17:00:00,54.424904,27.184027
2023-12-31 18:00:00,55.35526,28.21417
2023-12-31 19:00:00,48.930134,26.96641
2023-12-31 20:00:00,41.62439,24.250345
2023-12-31 21:00:00,32.71479,21.515396
2023-12-31 22:00:00,30.209503,21.595636
2023-12-31 23:00:00,26.154182,21.173008
2024-01-01 00:00:00,-6.12484,20.664103
2024-01-01 01:00:00,-12.084572,21.283127
2024-01-01 02:00:00,-16.89801,21.465841
2024-01-01 03:00:00,-23.274933,22.874104
2024-01-01 04:00:00,-22.78798,25.559084
2024-01-01 05:00:00,-23.819855,22.50933
2024-01-01 06:00:00,-23.146011,20.555166
2024-01-01 07:00:00,-17.825134,20.269592
2024-01-01 08:00:00,-13.181526,15.700801
2024-01-01 09:00:00,-3.8346176,18.883442
2024-01-01 10:00:00,-7.1007843,18.933388
2024-01-01 11:00:00,-6.972954,17.706226
2024-01-01 12:00:00,-3.6302338,22.262878
2024-01-01 13:00:00,-5.770851,17.70681
2024-01-01 14:00:00,-8.162918,19.30376
2024-01-01 15:00:00,-0.51351166,17.312057
2024-01-01 16:00:00,7.282181,16.193142
2024-01-01 17:00:00,26.078674,18.240986
2024-01-01 18:00:00,36.81109,15.928985
2024-01-01 19:00:00,42.615295,19.248846
2024-01-01 20:00:00,35.0716,17.754591
2024-01-01 21:00:00,21.854134,18.51795
2024-01-01 22:00:00,22.314522,17.631855
2024-01-01 23:00:00,17.0326,18.30257
2024-01-02 00:00:00,26.315674,14.051205
2024-01-02 01:00:00,23.111656,12.857944
2024-01-02 02:00:00,19.360664,13.190238
2024-01-02 03:00:00,15.285324,13.814753
2024-01-02 04:00:00,16.147346,12.991738
2024-01-02 05:00:00,21.934158,14.320244
2024-01-02 06:00:00,34.174294,14.411481
2024-01-02 07:00:00,45.823296,17.143574
2024-01-02 08:00:00,49.77481,20.146856
2024-01-02 09:00:00,50.042667,17.763182
2024-01-02 10:00:00,46.930805,17.268705
2024-01-02 11:00:00,43.688255,17.941978
2024-01-02 12:00:00,43.02211,17.357815
2024-01-02 13:00:00,39.8592,19.093655
2024-01-02 14:00:00,41.46484,16.17083
2024-01-02 15:00:00,44.17648,14.253876
2024-01-02 16:00:00,45.056984,15.91657
2024-01-02 17:00:00,52.569584,17.647396
2024-01-02 18:00:00,55.186283,24.524498
2024-01-02 19:00:00,50.29037,23.732613
2024-01-02 20:00:00,41.490234,23.199347
2024-01-02 21:00:00,33.483315,19.127298
2024-01-02 22:00:00,30.182732,16.619474
2024-01-02 23:00:00,23.78521,17.927395
2024-01-03 00:00:00,30.031265,15.648332
2024-01-03 01:00:00,26.883919,11.452802
2024-01-03 02:00:00,23.607452,10.872881
2024-01-03 03:00:00,17.447151,11.776924
2024-01-03 04:00:00,18.571861,11.694038
2024-01-03 05:00:00,25.939957,10.961562
2024-01-03 06:00:00,39.198486,10.647576
2024-01-03 07:00:00,54.71543,10.935762
2024-01-03 08:00:00,67.656105,11.192343
2024-01-03 09:00:00,68.985855,14.9272375
2024-01-03 10:00:00,65.53029,13.579938
2024-01-03 11:00:00,66.82209,13.036004
2024-01-03 12:00:00,55.790707,13.127788
2024-01-03 13:00:00,59.841705,10.828936
2024-01-03 14:00:00,60.493504,11.316748
2024-01-03 15:00:00,62.647186,10.253687
2024-01-03 16:00:00,64.170975,11.022634
2024-01-03 17:00:00,72.51132,14.3542385
2024-01-03 18:00:00,74.5755,19.057798
2024-01-03 19:00:00,69.62571,16.366028
2024-01-03 20:00:00,61.205677,15.287853
2024-01-03 21:00:00,52.30732,12.421884
2024-01-03 22:00:00,47.352547,12.982804
2024-01-03 23:00:00,42.040783,14.939686
2024-01-04 00:00:00,38.67341,18.337408
2024-01-04 01:00:00,33.31637,13.448217
2024-01-04 02:00:00,30.764946,12.255916
2024-01-04 03:00:00,25.743202,13.219799
2024-01-04 04:00:00,27.164635,13.064148
2024-01-04 05:00:00,33.92353,14.550495
2024-01-04 06:00:00,54.297543,13.479257
2024-01-04 07:00:00,83.93918,17.973639
2024-01-04 08:00:00,95.99527,20.618103
2024-01-04 09:00:00,101.07176,23.927105
2024-01-04 10:00:00,91.58835,22.08603
2024-01-04 11:00:00,88.2733,18.85867
2024-01-04 12:00:00,83.171844,19.018406
2024-01-04 13:00:00,84.0445,16.63738
2024-01-04 14:00:00,89.05104,14.968166
2024-01-04 15:00:00,97.75846,15.294838
2024-01-04 16:00:00,100.619774,16.661438
2024-01-04 17:00:00,120.121346,23.636662
2024-01-04 18:00:00,122.674385,29.442255
2024-01-04 19:00:00,108.39126,22.864523
2024-01-04 20:00:00,88.315186,14.817674
2024-01-04 21:00:00,71.70738,11.174275
2024-01-04 22:00:00,59.59555,10.977749
2024-01-04 23:00:00,50.988277,11.233537
2024-01-05 00:00:00,58.012978,18.543362
2024-01-05 01:00:00,49.030178,13.450003
2024-01-05 02:00:00,43.475037,15.083523
2024-01-05 03:00:00,35.46975,14.809556
2024-01-05 04:00:00,37.820557,15.99592
2024-01-05 05:00:00,41.56116,16.313951
2024-01-05 06:00:00,59.049004,14.480439
2024-01-05 07:00:00,78.79513,18.30963
2024-01-05 08:00:00,97.201225,20.263395
2024-01-05 09:00:00,98.48398,23.20701
2024-01-05 10:00:00,93.806244,23.421972
2024-01-05 11:00:00,93.084145,21.376717
2024-01-05 12:00:00,87.43698,23.25059
2024-01-05 13:00:00,83.24146,19.273102
2024-01-05 14:00:00,82.93152,17.703598
2024-01-05 15:00:00,89.0735,18.26041
2024-01-05 16:00:00,90.68914,19.568228
2024-01-05 17:00:00,109.77936,26.058949
2024-01-05 18:00:00,110.284325,29.296938
2024-01-05 19:00:00,110.410904,26.693079
2024-01-05 20:00:00,98.567635,21.037798
2024-01-05 21:00:00,85.438515,14.645859
2024-01-05 22:00:00,76.960266,15.624743
2024-01-05 23:00:00,66.9444,16.542658
2024-01-06 00:00:00,78.102844,11.51637
2024-01-06 01:00:00,71.32953,10.848212
2024-01-06 02:00:00,74.8499,9.950896
2024-01-06 03:00:00,70.69562,9.375307
2024-01-06 04:00:00,70.26297,9.374147
2024-01-06 05:00:00,69.35048,9.859463
2024-01-06 06:00:00,74.255554,11.087593
2024-01-06 07:00:00,89.50183,12.387452
2024-01-06 08:00:00,97.80381,13.34483
2024-01-06 09:00:00,99.79386,13.1423645
2024-01-06 10:00:00,101.13756,11.920795
2024-01-06 11:00:00,101.1848,12.261351
2024-01-06 12:00:00,103.09552,12.199071
2024-01-06 13:00:00,96.24,12.821613
2024-01-06 14:00:00,94.97197,11.543085
2024-01-06 15:00:00,98.13599,12.226683
2024-01-06 16:00:00,101.468185,11.337569
2024-01-06 17:00:00,108.97841,13.603751
2024-01-06 18:00:00,118.70528,13.375716
2024-01-06 19:00:00,109.91637,10.62839
2024-01-06 20:00:00,102.95825,10.295318
2024-01-06 21:00:00,92.26806,10.23106
2024-01-06 22:00:00,88.83108,10.397196
2024-01-06 23:00:00,80.032845,8.975385
2024-01-07 00:00:00,76.477554,16.211432
2024-01-07 01:00:00,72.20941,15.176576
2024-01-07 02:00:00,73.05542,14.28816
2024-01-07 03:00:00,68.680405,13.971945
2024-01-07 04:00:00,69.84792,13.686747
2024-01-07 05:00:00,68.935684,14.383274
2024-01-07 06:00:00,72.59719,14.559265
2024-01-07 07:00:00,81.57627,16.66306
2024-01-07 08:00:00,86.64187,19.455114
2024-01-07 09:00:00,90.842804,16.66265
2024-01-07 10:00:00,93.523094,15.992753
2024-01-07 11:00:00,92.964455,16.434772
2024-01-07 12:00:00,93.94562,17.065088
2024-01-07 13:00:00,89.33592,17.60332
2024-01-07 14:00:00,86.84094,17.096622
2024-01-07 15:00:00,87.6612,16.578756
2024-01-07 16:00:00,89.194885,16.58919
2024-01-07 17:00:00,94.389755,18.479523
2024-01-07 18:00:00,98.286316,17.307693
2024-01-07 19:00:00,88.694626,14.825646
2024-01-07 20:00:00,84.88123,16.084957
2024-01-07 21:00:00,78.08146,15.2445545
2024-01-07 22:00:00,76.59691,16.10744
2024-01-07 23:00:00,71.165375,16.165535
2024-01-08 00:00:00,77.18904,23.827427
2024-01-08 01:00:00,74.90787,19.13492
2024-01-08 02:00:00,71.18519,17.685102
2024-01-08 03:00:00,66.59841,17.059305
2024-01-08 04:00:00,67.385414,16.749138
2024-01-08 05:00:00,77.390594,18.679983
2024-01-08 06:00:00,99.68574,18.5986
2024-01-08 07:00:00,125.20488,23.315321
2024-01-08 08:00:00,137.56503,29.585972
2024-01-08 09:00:00,134.39043,25.780977
2024-01-08 10:00:00,126.15276,26.573334
2024-01-08 11:00:00,122.23555,23.650568
2024-01-08 12:00:00,114.14636,23.175636
2024-01-08 13:00:00,116.04548,22.97212
2024-01-08 14:00:00,124.28313,21.194551
2024-01-08 15:00:00,125.665634,18.615011
2024-01-08 16:00:00,129.36069,23.66821
2024-01-08 17:00:00,142.54543,27.82351
2024-01-08 18:00:00,145.84448,29.499653
2024-01-08 19:00:00,128.60533,27.336899
2024-01-08 20:00:00,112.70947,21.134237
2024-01-08 21:00:00,99.91146,18.531235
2024-01-08 22:00:00,89.69364,18.265945
2024-01-08 23:00:00,80.00482,20.47639
2024-01-09 00:00:00,85.35038,16.255213
2024-01-09 01:00:00,85.27226,13.460923
2024-01-09 02:00:00,83.910126,12.702125
2024-01-09 03:00:00,78.215614,11.266592
2024-01-09 04:00:00,82.63399,11.26148
2024-01-09 05:00:00,94.81177,11.959524
2024-01-09 06:00:00,118.05434,12.307848
2024-01-09 07:00:00,149.48524,18.073847
2024-01-09 08:00:00,164.63586,26.182503
2024-01-09 09:00:00,150.90414,22.021374
2024-01-09 10:00:00,134.9768,19.303364
2024-01-09 11:00:00,125.3891,21.130112
2024-01-09 12:00:00,114.95297,24.064873
2024-01-09 13:00:00,118.682205,17.684818
2024-01-09 14:00:00,130.78468,15.787772
2024-01-09 15:00:00,138.89752,15.193973
2024-01-09 16:00:00,144.99384,20.22402
2024-01-09 17:00:00,169.36438,21.068321
2024-01-09 18:00:00,178.94394,22.193092
2024-01-09 19:00:00,153.3493,22.851114
2024-01-09 20:00:00,132.92075,14.686963
2024-01-09 21:00:00,115.38333,11.572738
2024-01-09 22:00:00,100.62429,11.545881
2024-01-09 23:00:00,90.40256,10.213001
2024-01-10 00:00:00,92.0341,17.48176
2024-01-10 01:00:00,89.09883,14.491997
2024-01-10 02:00:00,87.62228,13.407648
2024-01-10 03:00:00,85.983604,12.435755
2024-01-10 04:00:00,86.92744,12.193683
2024-01-10 05:00:00,94.050095,12.675858
2024-01-10 06:00:00,110.388145,14.245596
2024-01-10 07:00:00,130.97397,18.030125
2024-01-10 08:00:00,141.17831,22.04648
2024-01-10 09:00:00,138.75432,21.926056
2024-01-10 10:00:00,130.75262,19.623018
2024-01-10 11:00:00,126.74925,20.107285
2024-01-10 12:00:00,121.50393,19.250689
2024-01-10 13:00:00,122.254745,18.14619
2024-01-10 14:00:00,128.83102,17.86428
2024-01-10 15:00:00,134.73033,16.748835
2024-01-10 16:00:00,137.03523,19.170916
2024-01-10 17:00:00,149.85495,23.229443
2024-01-10 18:00:00,153.93982,23.468693
2024-01-10 19:00:00,142.12238,19.639519
2024-01-10 20:00:00,126.40104,16.870945
2024-01-10 21:00:00,115.45178,13.769581
2024-01-10 22:00:00,106.95897,13.33111
2024-01-10 23:00:00,98.838745,13.52507
2024-01-11 00:00:00,94.206665,11.922196
2024-01-11 01:00:00,91.96045,9.584359
2024-01-11 02:00:00,90.86111,9.461807
2024-01-11 03:00:00,89.52327,8.300174
2024-01-11 04:00:00,90.599884,8.278444
2024-01-11 05:00:00,96.074615,8.7124605
2024-01-11 06:00:00,108.51749,9.975941
2024-01-11 07:00:00,126.25827,13.587254
2024-01-11 08:00:00,134.1347,18.137625
2024-01-11 09:00:00,131.20084,18.322315
2024-01-11 10:00:00,123.61168,16.008362
2024-01-11 11:00:00,119.07632,16.23229
2024-01-11 12:00:00,114.05287,14.231005
2024-01-11 13:00:00,115.250694,14.509016
2024-01-11 14:00:00,120.32632,13.18679
2024-01-11 15:00:00,125.57704,13.703975
2024-01-11 16:00:00,129.00528,15.340138
2024-01-11 17:00:00,142.86163,18.74204
2024-01-11 18:00:00,146.53317,20.857002
2024-01-11 19:00:00,135.56827,17.877258
2024-01-11 20:00:00,120.30772,13.498654
2024-01-11 21:00:00,108.81741,9.980706
2024-01-11 22:00:00,101.93636,10.483186
2024-01-11 23:00:00,96.55985,10.256863
2024-01-12 00:00:00,98.41393,9.608722
2024-01-12 01:00:00,95.39437,7.562317
2024-01-12 02:00:00,94.392,7.455468
2024-01-12 03:00:00,93.10197,6.480998
2024-01-12 04:00:00,93.06114,6.832263
2024-01-12 05:00:00,96.34349,6.6253557
2024-01-12 06:00:00,105.82421,7.894222
2024-01-12 07:00:00,119.59137,10.439353
2024-01-12 08:00:00,126.336975,13.129356
2024-01-12 09:00:00,125.14128,13.388795
2024-01-12 10:00:00,121.551315,11.902331
2024-01-12 11:00:00,119.48454,11.829473
2024-01-12 12:00:00,115.75665,11.288256
2024-01-12 13:00:00,114.69483,10.709661
2024-01-12 14:00:00,116.23703,11.104162
2024-01-12 15:00:00,118.74753,10.706571
2024-01-12 16:00:00,121.408905,12.026638
2024-01-12 17:00:00,130.5966,14.221302
2024-01-12 18:00:00,132.33763,14.89252
2024-01-12 19:00:00,124.91749,11.86833
2024-01-12 20:00:00,114.411224,10.513351
2024-01-12 21:00:00,105.6926,8.801373
2024-01-12 22:00:00,102.56104,8.733162
2024-01-12 23:00:00,98.803185,9.210983
2024-01-13 00:00:00,94.41273,8.814425
2024-01-13 01:00:00,89.786064,7.720336
2024-01-13 02:00:00,87.84412,7.701153
2024-01-13 03:00:00,84.827065,7.222843
2024-01-13 04:00:00,82.96109,8.401844
2024-01-13 05:00:00,84.85793,7.8594375
2024-01-13 06:00:00,87.68166,8.099539
2024-01-13 07:00:00,94.03996,9.134324
2024-01-13 08:00:00,99.352264,9.694821
2024-01-13 09:00:00,102.26116,9.572002
2024-01-13 10:00:00,101.80867,9.578521
2024-01-13 11:00:00,100.41845,8.677143
2024-01-13 12:00:00,99.23981,9.754418
2024-01-13 13:00:00,95.73752,9.2774935
2024-01-13 14:00:00,92.395454,8.702742
2024-01-13 15:00:00,94.915726,9.039025
2024-01-13 16:00:00,95.90329,9.142791
2024-01-13 17:00:00,105.16438,11.20075
2024-01-13 18:00:00,108.219864,11.15207
2024-01-13 19:00:00,104.87582,10.183336
2024-01-13 20:00:00,97.10185,11.241689
2024-01-13 21:00:00,89.38878,10.160133
2024-01-13 22:00:00,90.745224,10.357454
2024-01-13 23:00:00,88.04373,10.640096
2024-01-14 00:00:00,92.70187,9.74218
2024-01-14 01:00:00,88.11851,9.344577
2024-01-14 02:00:00,85.22939,10.007865
2024-01-14 03:00:00,79.96383,10.666987
2024-01-14 04:00:00,79.97511,10.57655
2024-01-14 05:00:00,81.81135,10.461946
2024-01-14 06:00:00,84.434784,9.907895
2024-01-14 07:00:00,89.27365,10.076608
2024-01-14 08:00:00,92.69847,9.609448
2024-01-14 09:00:00,96.151955,9.594153
2024-01-14 10:00:00,96.34564,9.777997
2024-01-14 11:00:00,97.56875,9.702333
2024-01-14 12:00:00,95.78577,10.446475
2024-01-14 13:00:00,93.00493,9.651091
2024-01-14 14:00:00,89.114784,9.310367
2024-01-14 15:00:00,92.88944,8.829637
2024-01-14 16:00:00,95.44036,8.800922
2024-01-14 17:00:00,105.14527,11.499738
2024-01-14 18:00:00,111.14961,11.314107
2024-01-14 19:00:00,112.792725,12.228216
2024-01-14 20:00:00,106.38798,12.336103
2024-01-14 21:00:00,97.58961,11.352802
2024-01-14 22:00:00,97.91283,10.702303
2024-01-14 23:00:00,93.62416,10.330924
2024-01-15 00:00:00,73.61085,10.981302
2024-01-15 01:00:00,71.07951,10.918609
2024-01-15 02:00:00,69.21569,12.073107
2024-01-15 03:00:00,65.8396,12.534564
2024-01-15 04:00:00,65.34105,13.125445
2024-01-15 05:00:00,70.8822,12.452783
2024-01-15 06:00:00,84.44521,12.082893
2024-01-15 07:00:00,101.282135,12.389067
2024-01-15 08:00:00,106.904724,11.9685
2024-01-15 09:00:00,105.97154,12.109681
2024-01-15 10:00:00,99.942055,12.668459
2024-01-15 11:00:00,96.356155,13.639015
2024-01-15 12:00:00,92.05949,13.207948
2024-01-15 13:00:00,93.086334,12.966604
2024-01-15 14:00:00,91.06242,11.946468
2024-01-15 15:00:00,93.52239,11.642271
2024-01-15 16:00:00,95.22066,11.8569
2024-01-15 17:00:00,104.10342,12.901874
2024-01-15 18:00:00,109.790855,13.18907
2024-01-15 19:00:00,108.509056,16.149231
2024-01-15 20:00:00,98.614365,13.692499
2024-01-15 21:00:00,87.22235,12.871972
2024-01-15 22:00:00,89.6237,12.852833
2024-01-15 23:00:00,83.67142,14.000303
2024-01-16 00:00:00,89.65721,12.458359
2024-01-16 01:00:00,89.02044,10.008688
2024-01-16 02:00:00,87.95879,10.167787
2024-01-16 03:00:00,84.88561,9.954411
2024-01-16 04:00:00,87.05276,9.841017
2024-01-16 05:00:00,92.29889,9.717017
2024-01-16 06:00:00,106.34558,10.61882
2024-01-16 07:00:00,121.51933,14.160905
2024-01-16 08:00:00,125.92059,16.570225
2024-01-16 09:00:00,124.24867,16.873808
2024-01-16 10:00:00,118.2267,16.665314
2024-01-16 11:00:00,115.18555,16.523643
2024-01-16 12:00:00,109.85843,14.721536
2024-01-16 13:00:00,111.61716,14.81213
2024-01-16 14:00:00,112.97525,14.939642
2024-01-16 15:00:00,116.38411,14.343049
2024-01-16 16:00:00,119.36024,16.02583
2024-01-16 17:00:00,128.64299,17.89649
2024-01-16 18:00:00,132.1758,21.87327
2024-01-16 19:00:00,125.53336,19.96441
2024-01-16 20:00:00,115.63062,15.187472
2024-01-16 21:00:00,105.05246,12.856768
2024-01-16 22:00:00,100.9846,12.572534
2024-01-16 23:00:00,96.52668,13.125598
2024-01-17 00:00:00,86.63948,8.894634
2024-01-17 01:00:00,83.86711,7.2923403
2024-01-17 02:00:00,83.20646,8.068079
2024-01-17 03:00:00,80.07304,7.329479
2024-01-17 04:00:00,80.77764,7.3473163
2024-01-17 05:00:00,85.95447,6.611513
2024-01-17 06:00:00,101.404594,8.309305
2024-01-17 07:00:00,119.3795,10.86368
2024-01-17 08:00:00,127.69338,13.524646
2024-01-17 09:00:00,126.1456,12.984355
2024-01-17 10:00:00,121.63486,13.084191
2024-01-17 11:00:00,118.16009,12.275756
2024-01-17 12:00:00,113.29741,11.103203
2024-01-17 13:00:00,111.41558,11.051749
2024-01-17 14:00:00,112.382324,11.851615
2024-01-17 15:00:00,112.807236,11.263307
2024-01-17 16:00:00,116.01684,14.482573
2024-01-17 17:00:00,126.046364,14.509677
2024-01-17 18:00:00,130.10164,15.745663
2024-01-17 19:00:00,123.29729,13.543117
2024-01-17 20:00:00,111.51554,11.473823
2024-01-17 21:00:00,100.68214,9.065344
2024-01-17 22:00:00,97.29907,8.77735
2024-01-17 23:00:00,92.16967,9.894261
2024-01-18 00:00:00,83.22467,10.043865
2024-01-18 01:00:00,82.76461,8.60063
2024-01-18 02:00:00,79.7897,9.077387
2024-01-18 03:00:00,78.11271,8.842478
2024-01-18 04:00:00,77.80168,9.372855
2024-01-18 05:00:00,82.06868,9.130452
2024-01-18 06:00:00,95.165375,9.287005
2024-01-18 07:00:00,111.86856,11.927365
2024-01-18 08:00:00,118.18157,14.705323
2024-01-18 09:00:00,118.446724,14.61266
2024-01-18 10:00:00,112.73499,14.817962
2024-01-18 11:00:00,109.56285,14.563881
2024-01-18 12:00:00,104.25325,13.002029
2024-01-18 13:00:00,104.880875,13.064345
2024-01-18 14:00:00,105.57543,12.924728
2024-01-18 15:00:00,106.67713,13.52259
2024-01-18 16:00:00,108.07569,13.745817
2024-01-18 17:00:00,118.40099,16.809078
2024-01-18 18:00:00,122.59453,17.106295
2024-01-18 19:00:00,113.22394,16.095348
2024-01-18 20:00:00,101.77844,13.08835
2024-01-18 21:00:00,91.56298,10.3155575
2024-01-18 22:00:00,89.672424,10.645557
2024-01-18 23:00:00,85.10939,11.91109
2024-01-19 00:00:00,74.07829,8.860983
2024-01-19 01:00:00,72.99382,8.194885
2024-01-19 02:00:00,69.19663,8.4058075
2024-01-19 03:00:00,66.34133,8.521073
2024-01-19 04:00:00,65.915276,9.432221
2024-01-19 05:00:00,70.479935,8.287781
2024-01-19 06:00:00,82.36224,8.2499895
2024-01-19 07:00:00,96.74142,9.378956
2024-01-19 08:00:00,103.0075,10.299633
2024-01-19 09:00:00,103.99552,11.012635
2024-01-19 10:00:00,99.03374,11.028724
2024-01-19 11:00:00,95.66017,10.498109
2024-01-19 12:00:00,90.81025,10.395128
2024-01-19 13:00:00,90.86093,9.491265
2024-01-19 14:00:00,90.560905,9.382079
2024-01-19 15:00:00,91.24313,9.7700405
2024-01-19 16:00:00,93.63812,9.894734
2024-01-19 17:00:00,103.169876,11.131019
2024-01-19 18:00:00,107.702156,12.433574
2024-01-19 19:00:00,100.56457,12.61209
2024-01-19 20:00:00,89.82294,10.823302
2024-01-19 21:00:00,80.70307,9.164526
2024-01-19 22:00:00,80.802155,9.787222
2024-01-19 23:00:00,76.88772,10.547309
2024-01-20 00:00:00,69.94592,8.706947
2024-01-20 01:00:00,66.10792,8.422062
2024-01-20 02:00:00,63.218315,9.021462
2024-01-20 03:00:00,58.8319,8.428982
2024-01-20 04:00:00,58.13882,9.576012
2024-01-20 05:00:00,60.404865,9.233423
2024-01-20 06:00:00,66.08777,9.097064
2024-01-20 07:00:00,70.661514,10.41298
2024-01-20 08:00:00,74.7807,8.835526
2024-01-20 09:00:00,78.3061,9.649117
2024-01-20 10:00:00,75.32448,10.327494
2024-01-20 11:00:00,74.13882,9.4254
2024-01-20 12:00:00,71.425224,10.8508215
2024-01-20 13:00:00,68.70732,10.070861
2024-01-20 14:00:00,67.827835,9.57374
2024-01-20 15:00:00,69.07287,9.164967
2024-01-20 16:00:00,73.786644,8.887856
2024-01-20 17:00:00,83.07525,9.544576
2024-01-20 18:00:00,89.86204,9.857022
2024-01-20 19:00:00,89.2818,11.491107
2024-01-20 20:00:00,80.86064,10.04695
2024-01-20 21:00:00,71.927444,11.35032
2024-01-20 22:00:00,71.445274,10.789991
2024-01-20 23:00:00,69.28504,11.050484
2024-01-21 00:00:00,63.222042,13.403446
2024-01-21 01:00:00,56.487274,13.383422
2024-01-21 02:00:00,51.264797,15.127658
2024-01-21 03:00:00,44.91376,14.013404
2024-01-21 04:00:00,42.929142,18.6118
2024-01-21 05:00:00,44.526646,17.548113
2024-01-21 06:00:00,43.97524,15.250753
2024-01-21 07:00:00,49.8987,15.42096
2024-01-21 08:00:00,53.879486,11.706187
2024-01-21 09:00:00,60.87746,10.84599
2024-01-21 10:00:00,61.69116,12.334757
2024-01-21 11:00:00,60.81757,12.471557
2024-01-21 12:00:00,61.970726,18.818174
2024-01-21 13:00:00,56.193825,17.315018
2024-01-21 14:00:00,55.084793,15.09569
2024-01-21 15:00:00,53.23084,13.375688
2024-01-21 16:00:00,54.07191,13.001672
2024-01-21 17:00:00,66.852905,12.391198
2024-01-21 18:00:00,73.80948,11.352918
2024-01-21 19:00:00,73.62632,12.885818
2024-01-21 20:00:00,69.39345,12.523577
2024-01-21 21:00:00,63.485603,15.393994
2024-01-21 22:00:00,65.4799,14.449632
2024-01-21 23:00:00,64.07587,14.525728
2024-01-22 00:00:00,51.540977,15.261854
2024-01-22 01:00:00,47.548885,15.723907
2024-01-22 02:00:00,44.177635,17.509966
2024-01-22 03:00:00,39.75859,16.969175
2024-01-22 04:00:00,39.36911,17.113646
2024-01-22 05:00:00,45.225876,17.245237
2024-01-22 06:00:00,55.242683,14.883878
2024-01-22 07:00:00,68.42505,15.292845
2024-01-22 08:00:00,72.80941,12.998507
2024-01-22 09:00:00,74.456764,12.814622
2024-01-22 10:00:00,68.47308,13.827101
2024-01-22 11:00:00,67.159164,15.935776
2024-01-22 12:00:00,65.72985,16.505
2024-01-22 13:00:00,65.07062,15.859305
2024-01-22 14:00:00,66.05492,12.923443
2024-01-22 15:00:00,68.471405,12.7687845
2024-01-22 16:00:00,70.10184,11.492847
2024-01-22 17:00:00,79.67409,11.777072
2024-01-22 18:00:00,84.92438,12.218027
2024-01-22 19:00:00,85.61759,16.755
2024-01-22 20:00:00,77.08249,15.306315
2024-01-22 21:00:00,67.07312,15.937136
2024-01-22 22:00:00,68.35008,14.971912
2024-01-22 23:00:00,64.729614,15.678106
2024-01-23 00:00:00,45.389862,8.8161745
2024-01-23 01:00:00,40.98441,9.091524
2024-01-23 02:00:00,38.906677,9.763276
2024-01-23 03:00:00,33.57627,9.707191
2024-01-23 04:00:00,34.333862,10.555307
2024-01-23 05:00:00,41.47905,10.067728
2024-01-23 06:00:00,55.771984,9.53147
2024-01-23 07:00:00,71.854294,10.230185
2024-01-23 08:00:00,76.951065,8.618029
2024-01-23 09:00:00,79.08539,8.764036
2024-01-23 10:00:00,74.24282,9.882915
2024-01-23 11:00:00,70.03076,9.051901
2024-01-23 12:00:00,67.272705,9.220629
2024-01-23 13:00:00,67.08908,9.896816
2024-01-23 14:00:00,65.286125,8.633239
2024-01-23 15:00:00,64.37563,8.574196
2024-01-23 16:00:00,66.086624,8.025435
2024-01-23 17:00:00,74.87633,8.898478
2024-01-23 18:00:00,81.44179,11.300593
2024-01-23 19:00:00,78.42941,15.137221
2024-01-23 20:00:00,66.24133,13.523546
2024-01-23 21:00:00,53.45316,12.769675
2024-01-23 22:00:00,56.06723,11.228298
2024-01-23 23:00:00,50.212547,11.939155
2024-01-24 00:00:00,31.571991,10.402586
2024-01-24 01:00:00,25.908081,10.1920185
2024-01-24 02:00:00,21.777122,12.360312
2024-01-24 03:00:00,15.35817,12.297141
2024-01-24 04:00:00,17.401207,13.365902
2024-01-24 05:00:00,23.534073,11.918202
2024-01-24 06:00:00,37.867935,10.53612
2024-01-24 07:00:00,53.138252,10.960139
2024-01-24 08:00:00,59.615986,10.046231
2024-01-24 09:00:00,62.655495,10.693921
2024-01-24 10:00:00,56.47186,12.086732
2024-01-24 11:00:00,52.72573,10.549929
2024-01-24 12:00:00,48.987522,12.017014
2024-01-24 13:00:00,47.54005,12.010617
2024-01-24 14:00:00,48.885754,10.097836
2024-01-24 15:00:00,50.28164,10.725754
2024-01-24 16:00:00,55.741467,9.465332
2024-01-24 17:00:00,68.014175,10.363798
2024-01-24 18:00:00,76.20921,10.975833
2024-01-24 19:00:00,78.4612,15.031523
2024-01-24 20:00:00,67.3017,13.429016
2024-01-24 21:00:00,56.10512,12.007416
2024-01-24 22:00:00,55.415718,12.078426
2024-01-24 23:00:00,49.719204,11.393006
2024-01-25 00:00:00,67.75006,10.503666
2024-01-25 01:00:00,59.591576,9.219462
2024-01-25 02:00:00,55.915543,8.9749365
2024-01-25 03:00:00,50.605362,9.431525
2024-01-25 04:00:00,50.27551,9.876077
2024-01-25 05:00:00,56.413136,9.245193
2024-01-25 06:00:00,74.58893,10.498802
2024-01-25 07:00:00,90.949684,11.582851
2024-01-25 08:00:00,99.36329,14.157802
2024-01-25 09:00:00,96.853226,14.000114
2024-01-25 10:00:00,93.99049,12.636593
2024-01-25 11:00:00,90.73515,13.279864
2024-01-25 12:00:00,84.4226,13.669824
2024-01-25 13:00:00,79.03081,12.484294
2024-01-25 14:00:00,76.23978,11.404713
2024-01-25 15:00:00,78.00615,11.627685
2024-01-25 16:00:00,81.21643,11.9777565
2024-01-25 17:00:00,92.11332,14.173869
2024-01-25 18:00:00,96.73706,18.397863
2024-01-25 19:00:00,99.316315,18.01873
2024-01-25 20:00:00,87.24138,15.023964
2024-01-25 21:00:00,77.65272,13.425923
2024-01-25 22:00:00,74.966675,11.332197
2024-01-25 23:00:00,66.15743,10.115726
2024-01-26 00:00:00,63.31761,9.204482
2024-01-26 01:00:00,57.832096,7.9548936
2024-01-26 02:00:00,55.264603,9.054821
2024-01-26 03:00:00,50.40722,8.583258
2024-01-26 04:00:00,48.147694,9.25174
2024-01-26 05:00:00,53.995052,8.461332
2024-01-26 06:00:00,65.5247,9.199449
2024-01-26 07:00:00,77.71512,9.818978
2024-01-26 08:00:00,85.990524,10.964746
2024-01-26 09:00:00,82.24178,12.962169
2024-01-26 10:00:00,74.57927,12.026445
2024-01-26 11:00:00,69.59216,10.745017
2024-01-26 12:00:00,62.86781,13.035952
2024-01-26 13:00:00,60.977726,10.499055
2024-01-26 14:00:00,59.426125,9.83434
2024-01-26 15:00:00,61.346912,9.802802
2024-01-26 16:00:00,66.91791,10.44953
2024-01-26 17:00:00,81.299835,10.909203
2024-01-26 18:00:00,89.61256,12.241562
2024-01-26 19:00:00,94.306076,15.004877
2024-01-26 20:00:00,86.29767,13.08953
2024-01-26 21:00:00,76.66566,10.147742
2024-01-26 22:00:00,73.6538,10.426188
2024-01-26 23:00:00,70.75667,10.728097
2024-01-27 00:00:00,73.91385,10.123247
2024-01-27 01:00:00,72.00505,9.960759
2024-01-27 02:00:00,70.48161,9.895375
2024-01-27 03:00:00,67.23674,9.782938
2024-01-27 04:00:00,67.02054,8.564299
2024-01-27 05:00:00,68.41547,9.194542
2024-01-27 06:00:00,75.427574,10.23982
2024-01-27 07:00:00,80.305954,10.436741
2024-01-27 08:00:00,83.00115,11.739524
2024-01-27 09:00:00,80.47197,13.311849
2024-01-27 10:00:00,75.133644,10.907306
2024-01-27 11:00:00,71.14813,11.961162
2024-01-27 12:00:00,69.9014,12.206889
2024-01-27 13:00:00,66.48602,10.811602
2024-01-27 14:00:00,66.65717,11.06129
2024-01-27 15:00:00,71.33613,10.140549
2024-01-27 16:00:00,81.21066,10.219655
2024-01-27 17:00:00,90.73587,11.713895
2024-01-27 18:00:00,98.219025,13.205004
2024-01-27 19:00:00,101.34779,13.910741
2024-01-27 20:00:00,91.05403,11.73599
2024-01-27 21:00:00,82.16252,12.056477
2024-01-27 22:00:00,77.44905,9.698512
2024-01-27 23:00:00,74.63899,10.101349
2024-01-28 00:00:00,69.30153,9.620236
2024-01-28 01:00:00,65.375114,9.475484
2024-01-28 02:00:00,62.52295,9.335721
2024-01-28 03:00:00,59.75016,9.242484
2024-01-28 04:00:00,57.57202,10.19925
2024-01-28 05:00:00,57.64118,9.895529
2024-01-28 06:00:00,59.484196,11.368205
2024-01-28 07:00:00,61.008045,11.576044
2024-01-28 08:00:00,63.529568,11.691474
2024-01-28 09:00:00,63.889217,12.692828
2024-01-28 10:00:00,60.12538,11.9360285
2024-01-28 11:00:00,58.495884,11.530762
2024-01-28 12:00:00,57.75525,13.582359
2024-01-28 13:00:00,53.293774,12.2421
2024-01-28 14:00:00,51.234,12.827275
2024-01-28 15:00:00,56.090668,12.042472
2024-01-28 16:00:00,61.840847,11.847234
2024-01-28 17:00:00,71.26155,13.965123
2024-01-28 18:00:00,78.55194,13.187403
2024-01-28 19:00:00,83.49318,13.278154
2024-01-28 20:00:00,76.064835,13.427873
2024-01-28 21:00:00,69.7926,13.119208
2024-01-28 22:00:00,68.39465,11.5314665
2024-01-28 23:00:00,65.136024,11.727347
2024-01-29 00:00:00,47.442745,12.091344
2024-01-29 01:00:00,45.56552,11.820304
2024-01-29 02:00:00,45.56662,12.261114
2024-01-29 03:00:00,42.75673,11.866468
2024-01-29 04:00:00,44.676006,10.992697
2024-01-29 05:00:00,50.749367,9.95377
2024-01-29 06:00:00,68.269615,11.143689
2024-01-29 07:00:00,84.31329,13.836665
2024-01-29 08:00:00,88.671265,16.581884
2024-01-29 09:00:00,85.81391,16.483711
2024-01-29 10:00:00,77.54279,15.338647
2024-01-29 11:00:00,72.12181,16.180334
2024-01-29 12:00:00,67.1017,15.022084
2024-01-29 13:00:00,68.30629,12.968924
2024-01-29 14:00:00,69.70502,12.910143
2024-01-29 15:00:00,73.864075,12.848384
2024-01-29 16:00:00,79.06996,13.565361
2024-01-29 17:00:00,91.095024,15.123273
2024-01-29 18:00:00,100.05327,17.359028
2024-01-29 19:00:00,98.10758,19.733194
2024-01-29 20:00:00,84.582565,15.100849
2024-01-29 21:00:00,70.97417,13.065393
2024-01-29 22:00:00,66.9053,12.310345
2024-01-29 23:00:00,61.58362,12.0790415
2024-01-30 00:00:00,66.52095,12.452595
2024-01-30 01:00:00,61.542942,10.783729
2024-01-30 02:00:00,58.93472,10.248953
2024-01-30 03:00:00,54.866653,10.701451
2024-01-30 04:00:00,56.406933,10.594997
2024-01-30 05:00:00,63.614384,9.771094
2024-01-30 06:00:00,82.2555,11.115221
2024-01-30 07:00:00,101.89873,14.367621
2024-01-30 08:00:00,112.46543,19.457846
2024-01-30 09:00:00,106.84785,18.404142
2024-01-30 10:00:00,100.02097,17.39272
2024-01-30 11:00:00,94.29065,16.87156
2024-01-30 12:00:00,86.48608,16.675474
2024-01-30 13:00:00,85.27347,14.967529
2024-01-30 14:00:00,87.53926,14.612858
2024-01-30 15:00:00,92.89926,14.300131
2024-01-30 16:00:00,93.90451,15.8799
2024-01-30 17:00:00,108.359314,18.394892
2024-01-30 18:00:00,113.85477,22.80654
2024-01-30 19:00:00,110.5348,20.912376
2024-01-30 20:00:00,98.38597,16.21631
2024-01-30 21:00:00,86.897255,12.910209
2024-01-30 22:00:00,80.512085,12.5906925
2024-01-30 23:00:00,72.98277,12.748528
2024-01-31 00:00:00,71.15783,7.2348504
2024-01-31 01:00:00,66.043785,6.6017275
2024-01-31 02:00:00,64.80768,5.8904605
2024-01-31 03:00:00,64.15843,5.2896066
2024-01-31 04:00:00,64.48954,5.7578106
2024-01-31 05:00:00,67.72696,5.6571703
2024-01-31 06:00:00,81.56258,7.55763
2024-01-31 07:00:00,95.99096,10.39669
2024-01-31 08:00:00,101.47542,13.205921
2024-01-31 09:00:00,95.30546,11.192593
2024-01-31 10:00:00,87.68817,9.739404
2024-01-31 11:00:00,83.19466,10.079914
2024-01-31 12:00:00,78.41457,11.169687
2024-01-31 13:00:00,74.490524,10.731878
2024-01-31 14:00:00,75.70717,9.970859
2024-01-31 15:00:00,77.27632,9.961433
2024-01-31 16:00:00,79.48904,10.434595
2024-01-31 17:00:00,90.0725,10.432055
2024-01-31 18:00:00,94.56639,11.427558
2024-01-31 19:00:00,91.03584,11.698901
2024-01-31 20:00:00,80.15633,11.446299
2024-01-31 21:00:00,71.63222,9.8209305
2024-01-31 22:00:00,68.77298,8.665286
2024-01-31 23:00:00,62.60165,8.8180275
2024-02-01 00:00:00,47.768833,9.664214
2024-02-01 01:00:00,47.117847,9.823236
2024-02-01 02:00:00,47.77771,10.662207
2024-02-01 03:00:00,44.78478,10.207535
2024-02-01 04:00:00,46.553375,9.461078
2024-02-01 05:00:00,50.93413,7.624365
2024-02-01 06:00:00,63.785954,7.3064785
2024-02-01 07:00:00,75.6293,9.580503
2024-02-01 08:00:00,79.68152,9.502381
2024-02-01 09:00:00,78.55492,10.865188
2024-02-01 10:00:00,70.91237,11.19071
2024-02-01 11:00:00,67.192726,10.704472
2024-02-01 12:00:00,62.956505,10.902957
2024-02-01 13:00:00,64.65137,8.074988
2024-02-01 14:00:00,65.31428,9.171396
2024-02-01 15:00:00,67.74597,8.616871
2024-02-01 16:00:00,71.98442,9.394094
2024-02-01 17:00:00,82.03657,8.688619
2024-02-01 18:00:00,88.30999,9.272568
2024-02-01 19:00:00,88.11742,12.019314
2024-02-01 20:00:00,79.916855,9.175485
2024-02-01 21:00:00,70.073875,8.221487
2024-02-01 22:00:00,66.64158,8.56266
2024-02-01 23:00:00,64.24934,10.070526
2024-02-02 00:00:00,71.33095,6.6666903
2024-02-02 01:00:00,68.47743,5.251838
2024-02-02 02:00:00,66.097,5.2623343
2024-02-02 03:00:00,64.079895,5.2889104
2024-02-02 04:00:00,63.864063,5.644477
2024-02-02 05:00:00,68.10812,6.0384483
2024-02-02 06:00:00,79.33386,6.290971
2024-02-02 07:00:00,89.486855,8.067647
2024-02-02 08:00:00,94.35289,11.676261
2024-02-02 09:00:00,89.92812,9.122358
2024-02-02 10:00:00,84.53776,8.827425
2024-02-02 11:00:00,80.940575,8.514741
2024-02-02 12:00:00,75.90605,8.843771
2024-02-02 13:00:00,71.78882,8.578422
2024-02-02 14:00:00,73.28246,8.464867
2024-02-02 15:00:00,73.67366,8.056248
2024-02-02 16:00:00,75.16225,8.397143
2024-02-02 17:00:00,83.00569,9.805751
2024-02-02 18:00:00,87.621315,10.508615
2024-02-02 19:00:00,86.540665,11.438636
2024-02-02 20:00:00,78.28683,11.248894
2024-02-02 21:00:00,70.73737,8.888685
2024-02-02 22:00:00,68.36548,8.886279
2024-02-02 23:00:00,63.599655,10.115146
2024-02-03 00:00:00,55.59137,10.694456
2024-02-03 01:00:00,52.06416,10.091005
2024-02-03 02:00:00,48.935318,10.863952
2024-02-03 03:00:00,44.652946,10.386541
2024-02-03 04:00:00,43.830467,11.900451
2024-02-03 05:00:00,45.323257,11.448932
2024-02-03 06:00:00,50.677727,10.67428
2024-02-03 07:00:00,55.66479,11.385804
2024-02-03 08:00:00,60.641582,10.231084
2024-02-03 09:00:00,64.93608,10.773007
2024-02-03 10:00:00,63.974022,10.360205
2024-02-03 11:00:00,62.666588,9.58303
2024-02-03 12:00:00,61.591625,10.913037
2024-02-03 13:00:00,59.068775,10.0826645
2024-02-03 14:00:00,55.620586,9.466264
2024-02-03 15:00:00,57.48909,9.563778
2024-02-03 16:00:00,58.97037,9.369933
2024-02-03 17:00:00,66.965485,10.770038
2024-02-03 18:00:00,72.487434,11.0923
2024-02-03 19:00:00,72.978935,12.103436
2024-02-03 20:00:00,66.15108,12.272892
2024-02-03 21:00:00,58.609467,12.626068
2024-02-03 22:00:00,58.665085,11.914277
2024-02-03 23:00:00,56.093784,12.814817
2024-02-04 00:00:00,44.049507,13.89122
2024-02-04 01:00:00,35.883423,13.99375
2024-02-04 02:00:00,32.51191,14.540214
2024-02-04 03:00:00,26.18663,14.944226
2024-02-04 04:00:00,23.245201,16.743742
2024-02-04 05:00:00,24.415451,16.068422
2024-02-04 06:00:00,26.28273,15.910045
2024-02-04 07:00:00,32.810844,15.385572
2024-02-04 08:00:00,38.518494,11.754655
2024-02-04 09:00:00,46.32646,12.266735
2024-02-04 10:00:00,47.618237,13.826709
2024-02-04 11:00:00,47.328262,13.54504
2024-02-04 12:00:00,48.00372,15.247146
2024-02-04 13:00:00,41.73174,14.265914
2024-02-04 14:00:00,37.65027,14.637253
2024-02-04 15:00:00,36.41642,13.195116
2024-02-04 16:00:00,39.770958,12.306472
2024-02-04 17:00:00,51.3876,13.296301
2024-02-04 18:00:00,60.143803,11.868777
2024-02-04 19:00:00,62.320133,12.861647
2024-02-04 20:00:00,54.66372,12.80325
2024-02-04 21:00:00,45.72485,17.134253
2024-02-04 22:00:00,48.875015,14.277884
2024-02-04 23:00:00,44.27044,14.756116
2024-02-05 00:00:00,37.780647,14.117142
2024-02-05 01:00:00,33.27997,14.354777
2024-02-05 02:00:00,28.742744,15.363512
2024-02-05 03:00:00,21.90364,16.016409
2024-02-05 04:00:00,21.866592,16.757355
2024-02-05 05:00:00,31.239708,16.712305
2024-02-05 06:00:00,48.053368,15.103353
2024-02-05 07:00:00,66.03363,14.343249
2024-02-05 08:00:00,71.55045,13.8522215
2024-02-05 09:00:00,71.99233,14.584816
2024-02-05 10:00:00,66.92316,14.6190815
2024-02-05 11:00:00,62.483345,16.072178
2024-02-05 12:00:00,60.62794,16.04715
2024-02-05 13:00:00,59.459442,15.944916
2024-02-05 14:00:00,57.00632,12.422644
2024-02-05 15:00:00,61.24748,12.0117445
2024-02-05 16:00:00,62.413902,12.491581
2024-02-05 17:00:00,73.10789,14.166138
2024-02-05 18:00:00,78.36579,18.589083
2024-02-05 19:00:00,78.3116,23.352448
2024-02-05 20:00:00,65.400375,20.10353
2024-02-05 21:00:00,51.781006,17.00102
2024-02-05 22:00:00,53.469738,14.151881
2024-02-05 23:00:00,46.300346,16.481256
2024-02-06 00:00:00,37.69728,11.838038
2024-02-06 01:00:00,30.487854,11.038375
2024-02-06 02:00:00,26.69011,12.395126
2024-02-06 03:00:00,18.88404,12.63536
2024-02-06 04:00:00,19.089836,14.475894
2024-02-06 05:00:00,27.59224,13.53892
2024-02-06 06:00:00,43.36586,13.1932125
2024-02-06 07:00:00,61.619476,13.044565
2024-02-06 08:00:00,69.43771,12.681323
2024-02-06 09:00:00,71.60812,12.442878
2024-02-06 10:00:00,66.60356,13.143816
2024-02-06 11:00:00,62.089764,12.30087
2024-02-06 12:00:00,57.389515,13.117391
2024-02-06 13:00:00,53.879704,13.330265
2024-02-06 14:00:00,50.589508,11.293903
2024-02-06 15:00:00,49.694225,11.826975
2024-02-06 16:00:00,50.97741,11.325472
2024-02-06 17:00:00,61.54209,12.646555
2024-02-06 18:00:00,70.64586,16.011738
2024-02-06 19:00:00,69.99793,20.082914
2024-02-06 20:00:00,61.00283,18.30688
2024-02-06 21:00:00,49.147053,15.540445
2024-02-06 22:00:00,49.805733,14.211485
2024-02-06 23:00:00,40.36634,16.180862
2024-02-07 00:00:00,36.607193,18.716503
2024-02-07 01:00:00,31.844727,17.829996
2024-02-07 02:00:00,28.520767,19.091309
2024-02-07 03:00:00,21.877739,20.463102
2024-02-07 04:00:00,24.447273,20.31102
2024-02-07 05:00:00,33.59649,17.19911
2024-02-07 06:00:00,57.40494,13.686179
2024-02-07 07:00:00,78.758095,14.647433
2024-02-07 08:00:00,91.50433,16.593983
2024-02-07 09:00:00,93.95169,18.453693
2024-02-07 10:00:00,89.34984,17.548067
2024-02-07 11:00:00,87.34121,17.582708
2024-02-07 12:00:00,77.722015,16.884502
2024-02-07 13:00:00,78.49244,12.411711
2024-02-07 14:00:00,77.231735,13.688845
2024-02-07 15:00:00,81.68532,14.254516
2024-02-07 16:00:00,84.780174,15.492572
2024-02-07 17:00:00,97.862114,19.439075
2024-02-07 18:00:00,105.09898,21.752073
2024-02-07 19:00:00,104.9944,21.22644
2024-02-07 20:00:00,91.065475,17.131672
2024-02-07 21:00:00,79.2099,13.975138
2024-02-07 22:00:00,74.059296,13.825678
2024-02-07 23:00:00,65.135864,14.281965
2024-02-08 00:00:00,65.97405,13.684645
2024-02-08 01:00:00,60.419834,11.0253935
2024-02-08 02:00:00,57.589333,10.581908
2024-02-08 03:00:00,55.2632,10.981231
2024-02-08 04:00:00,53.855705,11.093753
2024-02-08 05:00:00,59.01964,11.202348
2024-02-08 06:00:00,76.57851,14.032535
2024-02-08 07:00:00,95.32945,17.48477
2024-02-08 08:00:00,106.76617,20.986433
2024-02-08 09:00:00,98.1115,19.913736
2024-02-08 10:00:00,90.77691,17.977743
2024-02-08 11:00:00,86.68723,18.434845
2024-02-08 12:00:00,79.29164,19.217777
2024-02-08 13:00:00,74.392105,18.101559
2024-02-08 14:00:00,74.3228,16.529676
2024-02-08 15:00:00,74.967224,16.43069
2024-02-08 16:00:00,76.11984,17.345528
2024-02-08 17:00:00,87.84808,19.790964
2024-02-08 18:00:00,92.486465,22.337889
2024-02-08 19:00:00,91.53594,22.561028
2024-02-08 20:00:00,79.12756,19.576632
2024-02-08 21:00:00,67.57521,16.326841
2024-02-08 22:00:00,64.02447,15.330319
2024-02-08 23:00:00,56.18719,15.401705
2024-02-09 00:00:00,49.631153,14.832958
2024-02-09 01:00:00,46.770824,13.505634
2024-02-09 02:00:00,46.478878,14.193527
2024-02-09 03:00:00,40.187485,12.890857
2024-02-09 04:00:00,38.904724,11.524686
2024-02-09 05:00:00,48.84991,11.385543
2024-02-09 06:00:00,62.474705,11.1814995
2024-02-09 07:00:00,77.01595,12.757207
2024-02-09 08:00:00,84.45117,14.419573
2024-02-09 09:00:00,77.24599,16.292765
2024-02-09 10:00:00,62.873127,15.123263
2024-02-09 11:00:00,54.368866,15.682675
2024-02-09 12:00:00,45.57265,17.337933
2024-02-09 13:00:00,45.97577,14.359772
2024-02-09 14:00:00,45.03697,13.364758
2024-02-09 15:00:00,48.913574,12.745146
2024-02-09 16:00:00,57.949154,15.085227
2024-02-09 17:00:00,73.269264,12.042013
2024-02-09 18:00:00,83.136696,13.579569
2024-02-09 19:00:00,85.406006,18.59782
2024-02-09 20:00:00,75.446,14.942729
2024-02-09 21:00:00,64.70852,13.072717
2024-02-09 22:00:00,57.91187,12.009969
2024-02-09 23:00:00,58.237938,14.891436
2024-02-10 00:00:00,62.885735,13.65107
2024-02-10 01:00:00,59.10441,12.646405
2024-02-10 02:00:00,57.818947,11.830173
2024-02-10 03:00:00,54.176468,12.940659
2024-02-10 04:00:00,53.53769,12.075243
2024-02-10 05:00:00,55.51921,12.866621
2024-02-10 06:00:00,64.01752,13.92943
2024-02-10 07:00:00,70.10916,14.32825
2024-02-10 08:00:00,74.55593,17.863045
2024-02-10 09:00:00,76.923874,17.271559
2024-02-10 10:00:00,76.3668,14.784768
2024-02-10 11:00:00,74.53612,15.524205
2024-02-10 12:00:00,73.401184,14.197016
2024-02-10 13:00:00,69.0044,14.362627
2024-02-10 14:00:00,65.86876,14.571559
2024-02-10 15:00:00,70.84163,14.09232
2024-02-10 16:00:00,76.505936,13.590763
2024-02-10 17:00:00,84.67238,17.043186
2024-02-10 18:00:00,92.01853,16.816292
2024-02-10 19:00:00,89.407616,15.017656
2024-02-10 20:00:00,80.83064,14.960395
2024-02-10 21:00:00,72.61337,15.285768
2024-02-10 22:00:00,70.072784,13.682262
2024-02-10 23:00:00,63.952732,12.614031
2024-02-11 00:00:00,61.43919,10.209165
2024-02-11 01:00:00,56.20852,10.184081
2024-02-11 02:00:00,54.820892,10.127804
2024-02-11 03:00:00,50.97792,10.062934
2024-02-11 04:00:00,48.124214,10.480999
2024-02-11 05:00:00,49.54091,10.581602
2024-02-11 06:00:00,48.141815,12.305529
2024-02-11 07:00:00,48.850815,12.620514
2024-02-11 08:00:00,52.93535,13.086034
2024-02-11 09:00:00,56.59559,12.868631
2024-02-11 10:00:00,54.29529,11.94269
2024-02-11 11:00:00,53.626347,11.030303
2024-02-11 12:00:00,56.08893,12.495482
2024-02-11 13:00:00,48.631706,13.066042
2024-02-11 14:00:00,46.22274,12.366453
2024-02-11 15:00:00,53.592422,12.396837
2024-02-11 16:00:00,59.581493,11.754635
2024-02-11 17:00:00,71.02966,14.2102
2024-02-11 18:00:00,81.11488,12.878425
2024-02-11 19:00:00,83.38027,12.308321
2024-02-11 20:00:00,75.8604,12.946038
2024-02-11 21:00:00,67.23448,12.197186
2024-02-11 22:00:00,64.83417,11.474204
2024-02-11 23:00:00,60.709904,11.824153
2024-02-12 00:00:00,56.191174,11.472378
2024-02-12 01:00:00,52.561935,10.353302
2024-02-12 02:00:00,51.87349,9.674241
2024-02-12 03:00:00,49.67633,9.8600445
2024-02-12 04:00:00,49.48417,9.805372
2024-02-12 05:00:00,59.524918,8.830238
2024-02-12 06:00:00,82.12461,10.191825
2024-02-12 07:00:00,102.88744,12.989758
2024-02-12 08:00:00,111.87628,17.679522
2024-02-12 09:00:00,102.94523,16.894588
2024-02-12 10:00:00,91.65892,14.595001
2024-02-12 11:00:00,84.25198,17.08255
2024-02-12 12:00:00,75.838356,14.625189
2024-02-12 13:00:00,76.05411,12.202727
2024-02-12 14:00:00,76.71925,11.44661
2024-02-12 15:00:00,82.32524,12.918577
2024-02-12 16:00:00,86.470436,12.66538
2024-02-12 17:00:00,101.971405,13.865303
2024-02-12 18:00:00,112.40068,16.655151
2024-02-12 19:00:00,108.289894,19.554787
2024-02-12 20:00:00,92.79569,13.056779
2024-02-12 21:00:00,77.50984,11.431492
2024-02-12 22:00:00,73.8732,10.460168
2024-02-12 23:00:00,64.52321,9.57045
2024-02-13 00:00:00,53.67876,9.200701
2024-02-13 01:00:00,51.369507,7.8805146
2024-02-13 02:00:00,49.638737,8.029677
2024-02-13 03:00:00,48.670605,7.323977
2024-02-13 04:00:00,48.685513,8.070698
2024-02-13 05:00:00,55.559532,7.1586432
2024-02-13 06:00:00,73.97301,9.4294815
2024-02-13 07:00:00,92.794395,13.4851885
2024-02-13 08:00:00,99.01299,16.204075
2024-02-13 09:00:00,91.00015,15.487516
2024-02-13 10:00:00,78.712456,16.03557
2024-02-13 11:00:00,72.1569,14.915734
2024-02-13 12:00:00,63.954376,15.243249
2024-02-13 13:00:00,63.627697,13.449986
2024-02-13 14:00:00,67.250916,12.982481
2024-02-13 15:00:00,71.9032,13.798308
2024-02-13 16:00:00,76.94257,14.534469
2024-02-13 17:00:00,92.355415,15.618142
2024-02-13 18:00:00,101.588165,17.529396
2024-02-13 19:00:00,98.350975,18.27049
2024-02-13 20:00:00,83.951515,14.236137
2024-02-13 21:00:00,69.66104,11.2221985
2024-02-13 22:00:00,65.747444,10.50414
2024-02-13 23:00:00,58.67295,11.034271
2024-02-14 00:00:00,58.26191,13.498085
2024-02-14 01:00:00,57.48197,11.54604
2024-02-14 02:00:00,54.44143,12.599837
2024-02-14 03:00:00,52.55696,12.697071
2024-02-14 04:00:00,52.758186,12.9966755
2024-02-14 05:00:00,58.499657,12.0063095
2024-02-14 06:00:00,71.382095,12.392506
2024-02-14 07:00:00,84.080154,14.000121
2024-02-14 08:00:00,88.91277,16.07367
2024-02-14 09:00:00,85.47351,14.837498
2024-02-14 10:00:00,79.181274,15.118569
2024-02-14 11:00:00,76.42694,15.654994
2024-02-14 12:00:00,71.79004,15.16251
2024-02-14 13:00:00,71.37422,13.817077
2024-02-14 14:00:00,72.05946,13.296818
2024-02-14 15:00:00,74.25784,12.629045
2024-02-14 16:00:00,75.03414,14.00543
2024-02-14 17:00:00,83.30959,15.87742
2024-02-14 18:00:00,88.84953,17.048521
2024-02-14 19:00:00,89.353775,18.35024
2024-02-14 20:00:00,81.87611,16.429338
2024-02-14 21:00:00,72.45796,13.141252
2024-02-14 22:00:00,69.7124,13.877254
2024-02-14 23:00:00,65.56708,15.233292
2024-02-15 00:00:00,58.964943,9.068944
2024-02-15 01:00:00,56.985687,7.7980223
2024-02-15 02:00:00,55.750187,8.621284
2024-02-15 03:00:00,53.55752,8.16286
2024-02-15 04:00:00,53.41248,9.110081
2024-02-15 05:00:00,59.38356,8.051481
2024-02-15 06:00:00,71.07554,8.137561
2024-02-15 07:00:00,81.21582,9.198156
2024-02-15 08:00:00,86.02169,9.992399
2024-02-15 09:00:00,81.888916,10.506779
2024-02-15 10:00:00,74.750916,10.770367
2024-02-15 11:00:00,71.333496,11.313927
2024-02-15 12:00:00,66.09796,10.761976
2024-02-15 13:00:00,65.69542,9.104254
2024-02-15 14:00:00,64.89584,9.155023
2024-02-15 15:00:00,67.1446,9.232333
2024-02-15 16:00:00,69.52794,9.510053
2024-02-15 17:00:00,76.3169,10.158103
2024-02-15 18:00:00,83.31433,11.63131
2024-02-15 19:00:00,84.777985,14.19712
2024-02-15 20:00:00,76.71196,12.076487
2024-02-15 21:00:00,68.78841,9.635032
2024-02-15 22:00:00,65.456154,9.909239
2024-02-15 23:00:00,62.663708,10.8880005
2024-02-16 00:00:00,52.581783,6.998204
2024-02-16 01:00:00,49.42675,6.9855003
2024-02-16 02:00:00,48.459797,7.2140026
2024-02-16 03:00:00,45.57759,7.0080185
2024-02-16 04:00:00,44.854458,7.4293947
2024-02-16 05:00:00,49.09264,7.0135245
2024-02-16 06:00:00,57.622696,7.7795672
2024-02-16 07:00:00,65.444595,8.687683
2024-02-16 08:00:00,69.97891,9.048666
2024-02-16 09:00:00,67.90367,8.63102
2024-02-16 10:00:00,64.24669,8.790369
2024-02-16 11:00:00,61.94504,8.43666
2024-02-16 12:00:00,59.7106,9.121581
2024-02-16 13:00:00,57.089165,8.520584
2024-02-16 14:00:00,56.59425,8.380674
2024-02-16 15:00:00,58.433876,8.390433
2024-02-16 16:00:00,59.93908,7.988207
2024-02-16 17:00:00,67.31441,8.123502
2024-02-16 18:00:00,73.777725,7.7213254
2024-02-16 19:00:00,76.580666,8.532389
2024-02-16 20:00:00,70.41365,8.947551
2024-02-16 21:00:00,63.341827,8.107737
2024-02-16 22:00:00,62.821274,7.949052
2024-02-16 23:00:00,59.69222,8.328999
2024-02-17 00:00:00,61.053,4.9409137
2024-02-17 01:00:00,59.96221,4.456749
2024-02-17 02:00:00,59.057705,5.0351186
2024-02-17 03:00:00,57.920918,4.4694557
2024-02-17 04:00:00,57.62415,4.4758444
2024-02-17 05:00:00,58.614784,4.6748853
2024-02-17 06:00:00,63.987698,5.5663815
2024-02-17 07:00:00,68.733284,6.2415915
2024-02-17 08:00:00,69.63741,7.1755157
2024-02-17 09:00:00,69.72331,7.3268056
2024-02-17 10:00:00,66.8105,7.057926
2024-02-17 11:00:00,65.127365,6.2815547
2024-02-17 12:00:00,62.497746,6.6030126
2024-02-17 13:00:00,60.959827,6.713863
2024-02-17 14:00:00,60.00094,6.6737876
2024-02-17 15:00:00,62.092503,6.708502
2024-02-17 16:00:00,66.37052,6.558556
2024-02-17 17:00:00,72.38447,7.8079386
2024-02-17 18:00:00,77.300934,7.8230085
2024-02-17 19:00:00,76.545975,8.189668
2024-02-17 20:00:00,69.74118,7.215848
2024-02-17 21:00:00,63.89312,7.0574374
2024-02-17 22:00:00,62.594604,6.0318317
2024-02-17 23:00:00,60.630974,6.3343835
2024-02-18 00:00:00,61.22022,6.7302403
2024-02-18 01:00:00,57.27364,6.548826
2024-02-18 02:00:00,55.01105,7.6078677
2024-02-18 03:00:00,51.00826,7.586052
2024-02-18 04:00:00,49.828987,9.583689
2024-02-18 05:00:00,50.158108,9.377374
2024-02-18 06:00:00,50.872448,8.828801
2024-02-18 07:00:00,52.85335,8.958324
2024-02-18 08:00:00,55.380947,8.135471
2024-02-18 09:00:00,58.342964,7.8013315
2024-02-18 10:00:00,59.533863,8.18428
2024-02-18 11:00:00,59.578056,7.939786
2024-02-18 12:00:00,60.107124,8.984258
2024-02-18 13:00:00,57.271305,8.56925
2024-02-18 14:00:00,55.44506,8.6022
2024-02-18 15:00:00,55.238823,8.020798
2024-02-18 16:00:00,56.647495,7.186896
2024-02-18 17:00:00,63.219,8.792551
2024-02-18 18:00:00,70.16616,7.9712796
2024-02-18 19:00:00,73.08422,9.376569
2024-02-18 20:00:00,71.30493,8.825027
2024-02-18 21:00:00,67.07918,8.730695
2024-02-18 22:00:00,67.39484,7.564701
2024-02-18 23:00:00,64.75322,7.5559187
2024-02-19 00:00:00,54.83244,6.3242645
2024-02-19 01:00:00,53.203915,6.121045
2024-02-19 02:00:00,52.7323,6.1378145
2024-02-19 03:00:00,50.927776,6.4725385
2024-02-19 04:00:00,51.767727,6.0954075
2024-02-19 05:00:00,55.125504,5.1571236
2024-02-19 06:00:00,66.83603,5.759349
2024-02-19 07:00:00,75.74269,7.088635
2024-02-19 08:00:00,78.49574,8.031133
2024-02-19 09:00:00,75.43031,7.71593
2024-02-19 10:00:00,70.43359,8.045108
2024-02-19 11:00:00,67.63791,8.377525
2024-02-19 12:00:00,64.34485,7.584365
2024-02-19 13:00:00,65.218704,6.872221
2024-02-19 14:00:00,62.494316,6.9589653
2024-02-19 15:00:00,64.45375,6.95252
2024-02-19 16:00:00,65.65114,7.3822885
2024-02-19 17:00:00,71.834915,7.975211
2024-02-19 18:00:00,77.55924,9.127841
2024-02-19 19:00:00,79.95048,11.481175
2024-02-19 20:00:00,74.94869,8.734409
2024-02-19 21:00:00,67.41279,6.97397
2024-02-19 22:00:00,65.68756,6.806859
2024-02-19 23:00:00,61.66544,6.9360576
2024-02-20 00:00:00,58.381203,3.6030664
2024-02-20 01:00:00,57.644432,3.1927192
2024-02-20 02:00:00,57.622974,3.5115025
2024-02-20 03:00:00,57.139126,3.0513291
2024-02-20 04:00:00,56.816204,2.946789
2024-02-20 05:00:00,59.23047,2.95256
2024-02-20 06:00:00,67.4904,4.142805
2024-02-20 07:00:00,74.98391,5.7802978
2024-02-20 08:00:00,76.62516,6.632526
2024-02-20 09:00:00,71.8418,6.5858703
2024-02-20 10:00:00,65.41617,6.0569797
2024-02-20 11:00:00,62.14427,5.9651904
2024-02-20 12:00:00,57.4659,6.1891165
2024-02-20 13:00:00,56.028168,6.038359
2024-02-20 14:00:00,56.34256,5.6703987
2024-02-20 15:00:00,58.936947,6.4791527
2024-02-20 16:00:00,61.78639,5.7036233
2024-02-20 17:00:00,70.05615,5.886837
2024-02-20 18:00:00,74.79045,7.0611086
2024-02-20 19:00:00,74.75251,8.016556
2024-02-20 20:00:00,65.879395,6.0953674
2024-02-20 21:00:00,60.11613,5.6813173
2024-02-20 22:00:00,58.88106,4.8680983
2024-02-20 23:00:00,55.824055,5.665014
2024-02-21 00:00:00,56.628235,6.435511
2024-02-21 01:00:00,54.96189,5.0652795
2024-02-21 02:00:00,53.865623,5.826818
2024-02-21 03:00:00,52.08771,5.555354
2024-02-21 04:00:00,52.36224,6.0664287
2024-02-21 05:00:00,54.43289,5.709029
2024-02-21 06:00:00,63.90553,6.8877716
2024-02-21 07:00:00,72.33185,7.6202483
2024-02-21 08:00:00,74.81675,9.350202
2024-02-21 09:00:00,71.098495,8.317359
2024-02-21 10:00:00,64.450905,8.656919
2024-02-21 11:00:00,61.50961,8.204094
2024-02-21 12:00:00,57.43231,9.472691
2024-02-21 13:00:00,55.159348,9.340222
2024-02-21 14:00:00,54.433643,9.4676075
2024-02-21 15:00:00,55.005737,8.761556
2024-02-21 16:00:00,55.936203,9.572819
2024-02-21 17:00:00,62.18194,9.939824
2024-02-21 18:00:00,66.47151,9.504672
2024-02-21 19:00:00,69.142136,10.539538
2024-02-21 20:00:00,63.966,9.890713
2024-02-21 21:00:00,58.20198,8.472355
2024-02-21 22:00:00,56.468685,8.40372
2024-02-21 23:00:00,53.196613,9.912807
2024-02-22 00:00:00,44.63409,6.5533075
2024-02-22 01:00:00,43.36411,6.046086
2024-02-22 02:00:00,43.162575,6.7985625
2024-02-22 03:00:00,41.7446,6.561503
2024-02-22 04:00:00,41.75242,6.481281
2024-02-22 05:00:00,45.598415,5.938363
2024-02-22 06:00:00,55.777714,6.1744485
2024-02-22 07:00:00,65.64391,7.5703144
2024-02-22 08:00:00,69.65964,7.5374365
2024-02-22 09:00:00,67.384605,6.7311087
2024-02-22 10:00:00,61.02942,7.498253
2024-02-22 11:00:00,58.574295,7.611713
2024-02-22 12:00:00,54.78622,7.959391
2024-02-22 13:00:00,52.92742,7.6302514
2024-02-22 14:00:00,52.554947,8.159034
2024-02-22 15:00:00,52.085827,7.787334
2024-02-22 16:00:00,51.45567,8.789847
2024-02-22 17:00:00,57.348442,8.12451
2024-02-22 18:00:00,60.93644,6.8861704
2024-02-22 19:00:00,60.162884,8.222126
2024-02-22 20:00:00,54.28933,8.049593
2024-02-22 21:00:00,48.67893,7.524081
2024-02-22 22:00:00,48.387436,7.747754
2024-02-22 23:00:00,45.86238,9.330466
2024-02-23 00:00:00,20.00608,11.098589
2024-02-23 01:00:00,17.775162,12.09806
2024-02-23 02:00:00,14.741295,12.804118
2024-02-23 03:00:00,13.042412,10.965453
2024-02-23 04:00:00,12.659042,10.977176
2024-02-23 05:00:00,17.364372,9.324254
2024-02-23 06:00:00,31.329575,8.714885
2024-02-23 07:00:00,43.665966,10.731976
2024-02-23 08:00:00,46.96639,10.530749
2024-02-23 09:00:00,44.621227,11.571333
2024-02-23 10:00:00,35.021797,13.609548
2024-02-23 11:00:00,31.783981,14.232197
2024-02-23 12:00:00,27.588104,15.924544
2024-02-23 13:00:00,26.06974,12.749021
2024-02-23 14:00:00,28.705872,12.093297
2024-02-23 15:00:00,31.823318,13.09945
2024-02-23 16:00:00,35.55123,12.2162
2024-02-23 17:00:00,48.046448,8.817637
2024-02-23 18:00:00,54.92852,7.533977
2024-02-23 19:00:00,56.96511,9.776082
2024-02-23 20:00:00,50.43925,8.004829
2024-02-23 21:00:00,42.7573,9.496856
2024-02-23 22:00:00,39.503914,10.949417
2024-02-23 23:00:00,39.00859,10.947786
2024-02-24 00:00:00,57.402767,7.4805794
2024-02-24 01:00:00,53.872646,6.863573
2024-02-24 02:00:00,51.42472,6.615418
2024-02-24 03:00:00,48.03374,6.592097
2024-02-24 04:00:00,47.84727,7.4319687
2024-02-24 05:00:00,50.804752,7.059963
2024-02-24 06:00:00,58.906086,7.880155
2024-02-24 07:00:00,64.74074,9.367564
2024-02-24 08:00:00,66.24844,10.901119
2024-02-24 09:00:00,63.71166,10.660267
2024-02-24 10:00:00,57.955948,10.426926
2024-02-24 11:00:00,55.50349,9.792359
2024-02-24 12:00:00,49.19135,10.748703
2024-02-24 13:00:00,46.754112,10.1357565
2024-02-24 14:00:00,45.938656,9.434017
2024-02-24 15:00:00,48.850983,9.922389
2024-02-24 16:00:00,52.43,8.606256
2024-02-24 17:00:00,63.382385,10.648431
2024-02-24 18:00:00,69.283005,12.111017
2024-02-24 19:00:00,71.97086,13.387252
2024-02-24 20:00:00,65.90746,11.061964
2024-02-24 21:00:00,59.181553,11.08476
2024-02-24 22:00:00,56.87379,10.079603
2024-02-24 23:00:00,52.60016,9.43767
2024-02-25 00:00:00,54.640003,6.9151807
2024-02-25 01:00:00,52.529472,7.4851747
2024-02-25 02:00:00,50.880375,8.06381
2024-02-25 03:00:00,49.43171,6.8917484
2024-02-25 04:00:00,49.13959,7.2882166
2024-02-25 05:00:00,50.014156,7.500806
2024-02-25 06:00:00,53.25124,8.781892
2024-02-25 07:00:00,56.186718,9.608628
2024-02-25 08:00:00,56.30474,10.03765
2024-02-25 09:00:00,53.361553,10.324697
2024-02-25 10:00:00,46.243267,11.236532
2024-02-25 11:00:00,42.801617,10.1040945
2024-02-25 12:00:00,39.19084,12.919976
2024-02-25 13:00:00,36.917503,11.9222975
2024-02-25 14:00:00,38.918823,11.723071
2024-02-25 15:00:00,42.86826,10.47241
2024-02-25 16:00:00,50.845535,9.949799
2024-02-25 17:00:00,61.59733,11.459539
2024-02-25 18:00:00,70.29175,11.351422
2024-02-25 19:00:00,75.44627,13.069634
2024-02-25 20:00:00,69.94902,10.817269
2024-02-25 21:00:00,63.338028,10.336258
2024-02-25 22:00:00,59.447998,8.77269
2024-02-25 23:00:00,55.832985,8.985338
2024-02-26 00:00:00,54.119423,8.98064
2024-02-26 01:00:00,51.80571,7.4031277
2024-02-26 02:00:00,50.700115,7.993404
2024-02-26 03:00:00,49.152283,7.7341986
2024-02-26 04:00:00,48.50327,8.194506
2024-02-26 05:00:00,54.655777,7.711315
2024-02-26 06:00:00,66.62709,8.702996
2024-02-26 07:00:00,78.96713,10.838637
2024-02-26 08:00:00,84.344826,12.175431
2024-02-26 09:00:00,77.18881,11.371569
2024-02-26 10:00:00,71.492805,11.330185
2024-02-26 11:00:00,67.5797,12.174587
2024-02-26 12:00:00,63.692528,12.057152
2024-02-26 13:00:00,61.648895,10.131475
2024-02-26 14:00:00,62.465027,9.090388
2024-02-26 15:00:00,64.45102,9.023963
2024-02-26 16:00:00,65.03409,9.390692
2024-02-26 17:00:00,73.09418,11.307246
2024-02-26 18:00:00,78.81247,13.2855
2024-02-26 19:00:00,79.68407,16.082163
2024-02-26 20:00:00,73.034325,13.185439
2024-02-26 21:00:00,62.848343,10.789472
2024-02-26 22:00:00,60.905495,10.321353
2024-02-26 23:00:00,56.28965,11.089696
2024-02-27 00:00:00,60.343704,9.194084
2024-02-27 01:00:00,58.2275,8.478348
2024-02-27 02:00:00,58.14885,8.569594
2024-02-27 03:00:00,57.163876,7.89125
2024-02-27 04:00:00,57.30014,7.966311
2024-02-27 05:00:00,62.341805,7.29445
2024-02-27 06:00:00,73.78763,8.627929
2024-02-27 07:00:00,86.24423,11.138167
2024-02-27 08:00:00,91.80811,13.359114
2024-02-27 09:00:00,83.44893,13.3342705
2024-02-27 10:00:00,75.14108,12.224251
2024-02-27 11:00:00,69.494095,12.850335
2024-02-27 12:00:00,64.91276,12.135773
2024-02-27 13:00:00,66.031,9.887612
2024-02-27 14:00:00,67.011826,8.92589
2024-02-27 15:00:00,71.55765,8.682674
2024-02-27 16:00:00,76.032486,9.05627
2024-02-27 17:00:00,86.95239,9.917203
2024-02-27 18:00:00,96.33407,13.772857
2024-02-27 19:00:00,97.76757,18.635103
2024-02-27 20:00:00,88.35007,12.101247
2024-02-27 21:00:00,78.20028,10.50657
2024-02-27 22:00:00,71.93651,8.494141
2024-02-27 23:00:00,67.09305,8.118021
2024-02-28 00:00:00,63.414448,8.956043
2024-02-28 01:00:00,60.330116,7.3205037
2024-02-28 02:00:00,60.634357,7.55708
2024-02-28 03:00:00,59.556004,6.728679
2024-02-28 04:00:00,60.35742,7.060131
2024-02-28 05:00:00,64.683136,6.744159
2024-02-28 06:00:00,77.12376,8.490063
2024-02-28 07:00:00,88.82017,10.963974
2024-02-28 08:00:00,94.80233,13.371839
2024-02-28 09:00:00,84.23005,12.374638
2024-02-28 10:00:00,76.4345,11.18131
2024-02-28 11:00:00,71.429634,11.897282
2024-02-28 12:00:00,67.300934,11.340415
2024-02-28 13:00:00,65.71506,10.220389
2024-02-28 14:00:00,66.29839,9.323222
2024-02-28 15:00:00,70.42969,9.902334
2024-02-28 16:00:00,73.44916,9.665834
2024-02-28 17:00:00,82.53452,10.209894
2024-02-28 18:00:00,91.514465,14.298816
2024-02-28 19:00:00,92.84381,15.867846
2024-02-28 20:00:00,83.15086,11.838658
2024-02-28 21:00:00,71.96153,10.592977
2024-02-28 22:00:00,66.67325,9.357757
2024-02-28 23:00:00,61.90993,9.036269
2024-02-29 00:00:00,52.061092,12.788444
2024-02-29 01:00:00,49.546402,9.864122
2024-02-29 02:00:00,47.843002,10.782165
2024-02-29 03:00:00,45.803383,9.430623
2024-02-29 04:00:00,47.12586,11.101198
2024-02-29 05:00:00,53.243786,9.486208
2024-02-29 06:00:00,66.92305,9.593858
2024-02-29 07:00:00,80.072075,11.406771
2024-02-29 08:00:00,86.19625,14.084676
2024-02-29 09:00:00,81.42061,12.601374
2024-02-29 10:00:00,72.93694,12.989669
2024-02-29 11:00:00,69.72362,13.549895
2024-02-29 12:00:00,64.74228,13.879181
2024-02-29 13:00:00,61.976543,12.051168
2024-02-29 14:00:00,62.69952,12.630758
2024-02-29 15:00:00,65.22775,12.182623
2024-02-29 16:00:00,65.05971,13.460323
2024-02-29 17:00:00,73.15578,13.905152
2024-02-29 18:00:00,79.18984,13.642588
2024-02-29 19:00:00,79.65396,14.834878
2024-02-29 20:00:00,72.00488,14.436074
2024-02-29 21:00:00,61.979507,11.721372
2024-02-29 22:00:00,59.55411,12.027815
2024-02-29 23:00:00,56.52738,14.805508
2024-03-01 00:00:00,56.52718,7.833266
2024-03-01 01:00:00,53.5496,6.489696
2024-03-01 02:00:00,51.986706,6.1722965
2024-03-01 03:00:00,50.932945,6.143209
2024-03-01 04:00:00,50.325504,6.120278
2024-03-01 05:00:00,55.88967,6.108492
2024-03-01 06:00:00,70.21355,7.519661
2024-03-01 07:00:00,83.39835,10.07483
2024-03-01 08:00:00,87.46315,13.324478
2024-03-01 09:00:00,82.20193,12.021747
2024-03-01 10:00:00,72.56796,12.416753
2024-03-01 11:00:00,68.303345,12.204507
2024-03-01 12:00:00,62.29847,10.759634
2024-03-01 13:00:00,59.37526,11.258323
2024-03-01 14:00:00,59.695763,10.930761
2024-03-01 15:00:00,61.842293,11.275512
2024-03-01 16:00:00,64.31418,10.660733
2024-03-01 17:00:00,74.52847,11.877488
2024-03-01 18:00:00,80.985756,11.091367
2024-03-01 19:00:00,80.14707,11.158629
2024-03-01 20:00:00,70.638794,10.435567
2024-03-01 21:00:00,63.379395,9.711069
2024-03-01 22:00:00,62.49674,8.975127
2024-03-01 23:00:00,55.303432,9.74551
2024-03-02 00:00:00,62.626358,6.503479
2024-03-02 01:00:00,61.09068,6.1697974
2024-03-02 02:00:00,59.92727,6.6678395
2024-03-02 03:00:00,58.86203,6.157632
2024-03-02 04:00:00,58.6365,6.1592274
2024-03-02 05:00:00,58.979774,6.250693
2024-03-02 06:00:00,62.931267,6.8720684
2024-03-02 07:00:00,65.458725,8.443553
2024-03-02 08:00:00,65.98706,8.590901
2024-03-02 09:00:00,64.122635,9.123741
2024-03-02 10:00:00,59.353703,9.521481
2024-03-02 11:00:00,57.09006,8.321025
2024-03-02 12:00:00,54.586487,9.527627
2024-03-02 13:00:00,52.9978,8.533994
2024-03-02 14:00:00,54.187763,8.731052
2024-03-02 15:00:00,58.20336,7.9862924
2024-03-02 16:00:00,62.71268,7.8247204
2024-03-02 17:00:00,71.10822,9.002637
2024-03-02 18:00:00,77.00412,9.131301
2024-03-02 19:00:00,79.00935,9.858996
2024-03-02 20:00:00,73.23202,8.131303
2024-03-02 21:00:00,66.746284,8.602864
2024-03-02 22:00:00,65.70683,7.614802
2024-03-02 23:00:00,64.0421,8.153707
2024-03-03 00:00:00,71.31908,5.4906516
2024-03-03 01:00:00,69.07963,5.8476195
2024-03-03 02:00:00,68.82287,5.856844
2024-03-03 03:00:00,67.14253,5.4304914
2024-03-03 04:00:00,67.21448,5.391897
2024-03-03 05:00:00,67.491394,5.778377
2024-03-03 06:00:00,69.743774,6.5992374
2024-03-03 07:00:00,71.33646,6.8491464
2024-03-03 08:00:00,72.59566,7.356002
2024-03-03 09:00:00,73.1622,7.178678
2024-03-03 10:00:00,72.04957,6.5495725
2024-03-03 11:00:00,71.35734,7.072933
2024-03-03 12:00:00,70.55135,6.5780487
2024-03-03 13:00:00,68.170715,6.7623243
2024-03-03 14:00:00,68.34511,6.392328
2024-03-03 15:00:00,71.65996,6.273415
2024-03-03 16:00:00,76.148796,5.7440414
2024-03-03 17:00:00,80.02728,8.017247
2024-03-03 18:00:00,84.64407,8.160724
2024-03-03 19:00:00,85.64195,8.311331
2024-03-03 20:00:00,80.738785,7.1024156
2024-03-03 21:00:00,75.733925,7.1093006
2024-03-03 22:00:00,73.1766,6.440892
2024-03-03 23:00:00,70.73157,6.00999
2024-03-04 00:00:00,66.63721,4.493492
2024-03-04 01:00:00,64.208176,4.3722677
2024-03-04 02:00:00,64.07483,4.7613716
2024-03-04 03:00:00,63.79654,4.0004573
2024-03-04 04:00:00,63.98956,4.0579605
2024-03-04 05:00:00,67.86859,3.6051588
2024-03-04 06:00:00,78.81694,5.116485
2024-03-04 07:00:00,87.54511,6.79465
2024-03-04 08:00:00,89.05399,8.272571
2024-03-04 09:00:00,82.26191,7.6340537
2024-03-04 10:00:00,74.81871,7.5690603
2024-03-04 11:00:00,70.05875,8.390175
2024-03-04 12:00:00,65.76908,7.8016195
2024-03-04 13:00:00,65.63379,6.499079
2024-03-04 14:00:00,67.025444,6.056029
2024-03-04 15:00:00,70.735214,6.1431828
2024-03-04 16:00:00,75.42329,5.9468093
2024-03-04 17:00:00,85.14453,6.8936787
2024-03-04 18:00:00,93.637245,10.109926
2024-03-04 19:00:00,97.25003,14.440169
2024-03-04 20:00:00,88.35085,8.773771
2024-03-04 21:00:00,79.54496,7.3047824
2024-03-04 22:00:00,75.56953,5.533078
2024-03-04 23:00:00,70.68805,5.039132
2024-03-05 00:00:00,65.46556,3.8257558
2024-03-05 01:00:00,62.86523,3.2563515
2024-03-05 02:00:00,63.641304,3.880176
2024-03-05 03:00:00,62.86582,2.9685655
2024-03-05 04:00:00,62.907738,3.3354106
2024-03-05 05:00:00,67.10233,2.7723749
2024-03-05 06:00:00,78.6835,4.1418614
2024-03-05 07:00:00,90.75082,6.256525
2024-03-05 08:00:00,94.090744,8.203917
2024-03-05 09:00:00,86.59357,6.130727
2024-03-05 10:00:00,79.421234,6.7395
2024-03-05 11:00:00,74.60141,6.4232526
2024-03-05 12:00:00,71.55809,6.3424053
2024-03-05 13:00:00,68.997925,5.5591903
2024-03-05 14:00:00,70.419914,5.1663275
2024-03-05 15:00:00,74.34442,5.364532
2024-03-05 16:00:00,76.50837,5.8480988
2024-03-05 17:00:00,87.11443,6.1833806
2024-03-05 18:00:00,96.379745,8.925656
2024-03-05 19:00:00,98.49202,11.17161
2024-03-05 20:00:00,89.19446,7.339204
2024-03-05 21:00:00,77.88925,5.466187
2024-03-05 22:00:00,75.11563,4.781705
2024-03-05 23:00:00,69.685394,4.971502
2024-03-06 00:00:00,74.29423,7.018654
2024-03-06 01:00:00,70.27951,5.514957
2024-03-06 02:00:00,69.73212,5.9935484
2024-03-06 03:00:00,68.819855,5.4432993
2024-03-06 04:00:00,69.010925,5.540227
2024-03-06 05:00:00,73.61069,5.4540563
2024-03-06 06:00:00,85.88212,7.026254
2024-03-06 07:00:00,95.60261,8.822653
2024-03-06 08:00:00,99.35724,11.044349
2024-03-06 09:00:00,89.9189,10.722637
2024-03-06 10:00:00,79.59017,9.912084
2024-03-06 11:00:00,74.76477,10.0475855
2024-03-06 12:00:00,68.53995,10.514993
2024-03-06 13:00:00,67.72873,8.035173
2024-03-06 14:00:00,68.55281,7.3712997
2024-03-06 15:00:00,74.17756,7.7504234
2024-03-06 16:00:00,79.45759,7.355695
2024-03-06 17:00:00,90.08744,8.798438
2024-03-06 18:00:00,101.41017,12.962165
2024-03-06 19:00:00,107.26173,18.43013
2024-03-06 20:00:00,97.73995,11.487177
2024-03-06 21:00:00,86.52466,9.569688
2024-03-06 22:00:00,80.4125,7.7370443
2024-03-06 23:00:00,74.914314,7.7741895
2024-03-07 00:00:00,69.92848,7.2626686
2024-03-07 01:00:00,67.56371,6.43047
2024-03-07 02:00:00,66.238266,7.1367335
2024-03-07 03:00:00,66.225174,5.82489
2024-03-07 04:00:00,65.83003,6.9121003
2024-03-07 05:00:00,69.65814,6.2884893
2024-03-07 06:00:00,81.281715,8.388186
2024-03-07 07:00:00,89.791565,10.413595
2024-03-07 08:00:00,91.864746,12.294393
2024-03-07 09:00:00,83.87035,11.631302
2024-03-07 10:00:00,74.28892,11.927751
2024-03-07 11:00:00,68.628204,11.652213
2024-03-07 12:00:00,63.809708,13.039601
2024-03-07 13:00:00,61.056683,11.331571
2024-03-07 14:00:00,62.87339,10.972343
2024-03-07 15:00:00,67.47521,10.486051
2024-03-07 16:00:00,72.368416,10.492647
2024-03-07 17:00:00,82.98468,11.280121
2024-03-07 18:00:00,92.17121,13.378892
2024-03-07 19:00:00,98.01763,16.909645
2024-03-07 20:00:00,89.742714,13.61079
2024-03-07 21:00:00,79.420456,11.666626
2024-03-07 22:00:00,75.24318,9.760173
2024-03-07 23:00:00,70.75285,9.737537
2024-03-08 00:00:00,66.729996,9.557253
2024-03-08 01:00:00,65.26924,8.382514
2024-03-08 02:00:00,64.418625,9.8490305
2024-03-08 03:00:00,64.30493,8.474147
2024-03-08 04:00:00,63.35054,9.360271
2024-03-08 05:00:00,66.686325,8.849412
2024-03-08 06:00:00,77.523964,9.3665905
2024-03-08 07:00:00,85.92232,11.430757
2024-03-08 08:00:00,85.81761,14.38119
2024-03-08 09:00:00,75.982346,14.666455
2024-03-08 10:00:00,64.608475,17.409414
2024-03-08 11:00:00,56.9059,17.484396
2024-03-08 12:00:00,50.815655,22.66445
2024-03-08 13:00:00,47.441254,17.659557
2024-03-08 14:00:00,49.63575,18.117136
2024-03-08 15:00:00,57.39245,17.374142
2024-03-08 16:00:00,61.895287,14.003084
2024-03-08 17:00:00,75.27389,14.216088
2024-03-08 18:00:00,84.93748,14.075501
2024-03-08 19:00:00,93.01658,14.854947
2024-03-08 20:00:00,85.51595,13.520545
2024-03-08 21:00:00,77.4791,12.544501
2024-03-08 22:00:00,74.05083,11.659812
2024-03-08 23:00:00,71.23228,12.342705
2024-03-09 00:00:00,55.738636,11.410142
2024-03-09 01:00:00,52.77463,12.319297
2024-03-09 02:00:00,52.018845,13.989039
2024-03-09 03:00:00,50.068,11.451149
2024-03-09 04:00:00,49.62982,11.414001
2024-03-09 05:00:00,49.420807,11.871135
2024-03-09 06:00:00,54.4347,12.035868
2024-03-09 07:00:00,57.940414,14.358454
2024-03-09 08:00:00,56.837524,14.292747
2024-03-09 09:00:00,52.71916,17.23726
2024-03-09 10:00:00,44.661285,20.60171
2024-03-09 11:00:00,39.05272,19.819271
2024-03-09 12:00:00,35.377518,29.099195
2024-03-09 13:00:00,31.486832,23.7575
2024-03-09 14:00:00,32.52307,25.40633
2024-03-09 15:00:00,38.67566,22.953949
2024-03-09 16:00:00,45.14664,16.685114
2024-03-09 17:00:00,58.21615,15.560601
2024-03-09 18:00:00,68.07919,12.686405
2024-03-09 19:00:00,75.74881,12.977574
2024-03-09 20:00:00,70.52457,11.900805
2024-03-09 21:00:00,63.949253,13.535194
2024-03-09 22:00:00,64.686905,13.404084
2024-03-09 23:00:00,62.43142,14.57908
2024-03-10 00:00:00,57.971855,6.957617
2024-03-10 01:00:00,55.202908,7.04478
2024-03-10 02:00:00,54.701485,8.337918
2024-03-10 03:00:00,52.522167,7.7792177
2024-03-10 04:00:00,53.6675,6.973941
2024-03-10 05:00:00,55.577717,7.0538015
2024-03-10 06:00:00,61.959965,7.4097314
2024-03-10 07:00:00,66.21422,8.751757
2024-03-10 08:00:00,66.7121,8.109696
2024-03-10 09:00:00,65.055595,8.48423
2024-03-10 10:00:00,59.114853,9.26023
2024-03-10 11:00:00,57.58359,8.873642
2024-03-10 12:00:00,54.15805,10.229218
2024-03-10 13:00:00,52.343136,9.231126
2024-03-10 14:00:00,50.71862,9.818262
2024-03-10 15:00:00,56.80795,8.327184
2024-03-10 16:00:00,63.24819,7.90031
2024-03-10 17:00:00,73.44539,8.262778
2024-03-10 18:00:00,82.73888,7.912829
2024-03-10 19:00:00,88.589226,11.569182
2024-03-10 20:00:00,83.429214,10.325631
2024-03-10 21:00:00,74.87293,8.876455
2024-03-10 22:00:00,70.99582,7.7378273
2024-03-10 23:00:00,68.37237,8.711458
2024-03-11 00:00:00,67.86272,7.723374
2024-03-11 01:00:00,64.0509,6.7078857
2024-03-11 02:00:00,62.08005,6.6524487
2024-03-11 03:00:00,57.74061,7.9934826
2024-03-11 04:00:00,58.89186,7.38429
2024-03-11 05:00:00,63.78341,7.722869
2024-03-11 06:00:00,76.39023,8.085053
2024-03-11 07:00:00,88.57215,9.374107
2024-03-11 08:00:00,92.663445,11.270108
2024-03-11 09:00:00,90.34962,10.410607
2024-03-11 10:00:00,86.09571,10.277383
2024-03-11 11:00:00,83.36435,9.783905
2024-03-11 12:00:00,79.35497,9.597617
2024-03-11 13:00:00,76.461105,10.133653
2024-03-11 14:00:00,74.24923,9.086769
2024-03-11 15:00:00,75.80105,8.594041
2024-03-11 16:00:00,76.79353,9.272365
2024-03-11 17:00:00,83.83005,9.83933
2024-03-11 18:00:00,89.28286,13.475426
2024-03-11 19:00:00,89.28583,15.147341
2024-03-11 20:00:00,82.775566,12.636719
2024-03-11 21:00:00,75.14703,10.456653
2024-03-11 22:00:00,72.63107,9.389678
2024-03-11 23:00:00,66.84963,10.706524
2024-03-12 00:00:00,65.5455,7.214357
2024-03-12 01:00:00,61.72075,6.7584767
2024-03-12 02:00:00,59.296413,7.336842
2024-03-12 03:00:00,56.11759,7.532411
2024-03-12 04:00:00,55.74356,7.644899
2024-03-12 05:00:00,60.605663,7.257116
2024-03-12 06:00:00,72.83318,8.910158
2024-03-12 07:00:00,85.457375,10.465159
2024-03-12 08:00:00,91.28865,11.951427
2024-03-12 09:00:00,88.43886,10.797723
2024-03-12 10:00:00,85.008766,10.964125
2024-03-12 11:00:00,81.740845,11.31827
2024-03-12 12:00:00,79.65461,11.454216
2024-03-12 13:00:00,75.78034,10.31622
2024-03-12 14:00:00,76.1018,9.396954
2024-03-12 15:00:00,76.236305,9.31965
2024-03-12 16:00:00,78.54143,9.843088
2024-03-12 17:00:00,87.4206,11.202569
2024-03-12 18:00:00,94.79749,14.390605
2024-03-12 19:00:00,97.13041,15.0375185
2024-03-12 20:00:00,89.28488,13.035969
2024-03-12 21:00:00,79.101006,10.500457
2024-03-12 22:00:00,76.616486,9.622107
2024-03-12 23:00:00,69.235756,9.183551
2024-03-13 00:00:00,64.18416,9.252658
2024-03-13 01:00:00,61.989437,8.1996155
2024-03-13 02:00:00,60.335865,8.700578
2024-03-13 03:00:00,57.78186,8.997163
2024-03-13 04:00:00,57.618977,9.528029
2024-03-13 05:00:00,62.543728,8.3560915
2024-03-13 06:00:00,75.42221,8.829417
2024-03-13 07:00:00,85.86748,10.757089
2024-03-13 08:00:00,90.715454,12.004215
2024-03-13 09:00:00,86.93317,11.470592
2024-03-13 10:00:00,79.34368,12.018341
2024-03-13 11:00:00,75.89751,11.1949835
2024-03-13 12:00:00,71.126526,11.023732
2024-03-13 13:00:00,69.27958,10.17444
2024-03-13 14:00:00,67.965416,9.522259
2024-03-13 15:00:00,69.48926,9.855387
2024-03-13 16:00:00,71.27229,9.766801
2024-03-13 17:00:00,79.69785,10.662938
2024-03-13 18:00:00,87.78763,12.929982
2024-03-13 19:00:00,93.35777,16.135475
2024-03-13 20:00:00,86.04711,13.444574
2024-03-13 21:00:00,75.599266,10.922321
2024-03-13 22:00:00,72.231476,10.915863
2024-03-13 23:00:00,67.66343,12.1712265
2024-03-14 00:00:00,58.732372,9.326252
2024-03-14 01:00:00,57.23084,7.8385334
2024-03-14 02:00:00,55.401764,9.107184
2024-03-14 03:00:00,53.553455,8.462708
2024-03-14 04:00:00,54.031647,8.909713
2024-03-14 05:00:00,58.306206,8.633214
2024-03-14 06:00:00,71.64112,9.069837
2024-03-14 07:00:00,79.73433,10.694903
2024-03-14 08:00:00,81.373024,11.950448
2024-03-14 09:00:00,73.057,12.193468
2024-03-14 10:00:00,61.759808,13.890311
2024-03-14 11:00:00,54.95475,13.412953
2024-03-14 12:00:00,50.324764,14.075937
2024-03-14 13:00:00,47.122517,12.866011
2024-03-14 14:00:00,48.028446,13.153529
2024-03-14 15:00:00,52.69131,12.37045
2024-03-14 16:00:00,56.62873,11.050879
2024-03-14 17:00:00,68.384674,11.868378
2024-03-14 18:00:00,78.210846,13.975403
2024-03-14 19:00:00,85.23195,16.884735
2024-03-14 20:00:00,76.83708,13.149225
2024-03-14 21:00:00,67.333015,12.280178
2024-03-14 22:00:00,62.367966,11.738935
2024-03-14 23:00:00,58.903034,13.02756
2024-03-15 00:00:00,48.467564,14.296174
2024-03-15 01:00:00,45.21527,13.276566
2024-03-15 02:00:00,42.679928,14.994596
2024-03-15 03:00:00,40.692413,14.283962
2024-03-15 04:00:00,40.261368,15.132544
2024-03-15 05:00:00,43.79884,13.216406
2024-03-15 06:00:00,55.34345,13.62258
2024-03-15 07:00:00,64.234825,15.612985
2024-03-15 08:00:00,66.083015,17.248621
2024-03-15 09:00:00,58.214973,18.73852
2024-03-15 10:00:00,47.245556,21.042028
2024-03-15 11:00:00,40.14026,21.959469
2024-03-15 12:00:00,34.78926,27.921333
2024-03-15 13:00:00,31.456085,24.211363
2024-03-15 14:00:00,30.504921,25.541433
2024-03-15 15:00:00,34.841553,23.094582
2024-03-15 16:00:00,37.68287,21.144772
2024-03-15 17:00:00,51.588585,19.244429
2024-03-15 18:00:00,64.10141,16.578463
2024-03-15 19:00:00,73.68514,16.7497
2024-03-15 20:00:00,68.176575,15.3945465
2024-03-15 21:00:00,59.67816,14.819263
2024-03-15 22:00:00,58.091846,15.765042
2024-03-15 23:00:00,54.169735,18.703909
2024-03-16 00:00:00,44.330723,9.265376
2024-03-16 01:00:00,41.30335,10.028044
2024-03-16 02:00:00,40.031563,11.697191
2024-03-16 03:00:00,37.224518,10.68474
2024-03-16 04:00:00,38.359344,9.805301
2024-03-16 05:00:00,39.703102,10.6758175
2024-03-16 06:00:00,48.13644,9.994988
2024-03-16 07:00:00,51.597168,12.24839
2024-03-16 08:00:00,52.554207,11.184414
2024-03-16 09:00:00,48.12772,12.893814
2024-03-16 10:00:00,39.221794,14.537614
2024-03-16 11:00:00,34.327713,13.102305
2024-03-16 12:00:00,30.01204,16.044378
2024-03-16 13:00:00,27.213608,14.765825
2024-03-16 14:00:00,27.780998,15.35222
2024-03-16 15:00:00,34.49391,12.77955
2024-03-16 16:00:00,43.52545,12.286218
2024-03-16 17:00:00,58.463367,11.071947
2024-03-16 18:00:00,70.87012,10.870723
2024-03-16 19:00:00,79.12071,15.334504
2024-03-16 20:00:00,72.23343,13.543305
2024-03-16 21:00:00,62.7988,12.188989
2024-03-16 22:00:00,57.134193,10.529756
2024-03-16 23:00:00,54.963825,12.86135
2024-03-17 00:00:00,58.01901,7.923446
2024-03-17 01:00:00,51.92326,8.096895
2024-03-17 02:00:00,48.96644,8.739567
2024-03-17 03:00:00,44.46041,9.174937
2024-03-17 04:00:00,43.35146,10.248819
2024-03-17 05:00:00,45.170048,10.2439
2024-03-17 06:00:00,48.603626,10.855837
2024-03-17 07:00:00,51.766083,11.097159
2024-03-17 08:00:00,55.046307,11.039951
2024-03-17 09:00:00,55.416245,11.469631
2024-03-17 10:00:00,53.754284,11.17579
2024-03-17 11:00:00,52.221115,11.002666
2024-03-17 12:00:00,50.98885,13.798008
2024-03-17 13:00:00,45.73327,13.160344
2024-03-17 14:00:00,42.401344,13.354519
2024-03-17 15:00:00,45.334614,12.121192
2024-03-17 16:00:00,51.0499,10.541284
2024-03-17 17:00:00,60.5429,12.343227
2024-03-17 18:00:00,71.6832,12.012535
2024-03-17 19:00:00,77.118774,14.808
2024-03-17 20:00:00,74.52699,15.075515
2024-03-17 21:00:00,68.70763,12.709893
2024-03-17 22:00:00,66.97829,9.967369
2024-03-17 23:00:00,60.787003,9.523171
2024-03-18 00:00:00,63.690876,7.0171633
2024-03-18 01:00:00,60.578583,6.349145
2024-03-18 02:00:00,59.493893,6.993474
2024-03-18 03:00:00,58.84875,6.3043594
2024-03-18 04:00:00,58.870728,6.2443247
2024-03-18 05:00:00,63.85057,5.996794
2024-03-18 06:00:00,78.993385,8.093644
2024-03-18 07:00:00,91.3478,9.942617
2024-03-18 08:00:00,93.43988,12.190691
2024-03-18 09:00:00,85.084915,11.3657
2024-03-18 10:00:00,76.69151,11.347355
2024-03-18 11:00:00,71.108864,12.372301
2024-03-18 12:00:00,67.03636,10.6251
2024-03-18 13:00:00,65.75726,10.216814
2024-03-18 14:00:00,65.77902,8.9426985
2024-03-18 15:00:00,69.41626,8.836104
2024-03-18 16:00:00,75.444145,8.594839
2024-03-18 17:00:00,85.90373,10.602655
2024-03-18 18:00:00,98.55659,14.237023
2024-03-18 19:00:00,103.64295,19.9594
2024-03-18 20:00:00,94.19619,13.444608
2024-03-18 21:00:00,83.65404,10.920905
2024-03-18 22:00:00,77.47075,8.4526415
2024-03-18 23:00:00,70.15257,7.665351
2024-03-19 00:00:00,66.167564,6.901487
2024-03-19 01:00:00,61.564407,5.965942
2024-03-19 02:00:00,60.450375,6.4132285
2024-03-19 03:00:00,58.041874,5.93556
2024-03-19 04:00:00,58.55756,5.9436383
2024-03-19 05:00:00,64.14605,5.4749174
2024-03-19 06:00:00,78.16504,7.400003
2024-03-19 07:00:00,90.06422,8.64908
2024-03-19 08:00:00,93.69886,10.926286
2024-03-19 09:00:00,81.70466,10.9288645
2024-03-19 10:00:00,70.47548,10.192062
2024-03-19 11:00:00,64.73125,10.027916
2024-03-19 12:00:00,59.176243,11.468727
2024-03-19 13:00:00,57.314617,9.271985
2024-03-19 14:00:00,56.24041,8.532888
2024-03-19 15:00:00,61.376934,8.254409
2024-03-19 16:00:00,67.350845,8.010362
2024-03-19 17:00:00,80.30834,8.60251
2024-03-19 18:00:00,94.2764,13.159173
2024-03-19 19:00:00,104.42602,18.472948
2024-03-19 20:00:00,96.434074,13.850592
2024-03-19 21:00:00,84.18259,10.839123
2024-03-19 22:00:00,78.49035,7.6343145
2024-03-19 23:00:00,70.11917,8.329405
2024-03-20 00:00:00,69.01214,7.711043
2024-03-20 01:00:00,64.33619,6.348134
2024-03-20 02:00:00,63.742146,7.179221
2024-03-20 03:00:00,62.217163,5.974602
2024-03-20 04:00:00,62.1922,6.4814677
2024-03-20 05:00:00,67.23091,6.1514688
2024-03-20 06:00:00,83.78604,7.9178166
2024-03-20 07:00:00,94.644585,10.084978
2024-03-20 08:00:00,97.39321,13.480184
2024-03-20 09:00:00,82.21639,11.422033
2024-03-20 10:00:00,69.00899,11.497931
2024-03-20 11:00:00,61.890194,11.957156
2024-03-20 12:00:00,56.150562,13.091777
2024-03-20 13:00:00,53.628407,10.65786
2024-03-20 14:00:00,53.50568,10.110986
2024-03-20 15:00:00,59.85944,8.942658
2024-03-20 16:00:00,67.455215,9.033761
2024-03-20 17:00:00,81.63617,9.736647
2024-03-20 18:00:00,98.36971,15.342154
2024-03-20 19:00:00,111.47231,23.53869
2024-03-20 20:00:00,103.18262,16.811174
2024-03-20 21:00:00,87.122025,12.534667
2024-03-20 22:00:00,79.97142,9.423375
2024-03-20 23:00:00,70.69845,9.071644
2024-03-21 00:00:00,76.208954,8.414443
2024-03-21 01:00:00,71.27755,6.807695
2024-03-21 02:00:00,70.075645,8.086932
2024-03-21 03:00:00,68.177246,6.7239995
2024-03-21 04:00:00,68.7158,7.2121296
2024-03-21 05:00:00,73.12219,7.248806
2024-03-21 06:00:00,87.982834,8.828969
2024-03-21 07:00:00,98.08209,11.211923
2024-03-21 08:00:00,101.450645,14.525395
2024-03-21 09:00:00,84.17689,12.991634
2024-03-21 10:00:00,69.746445,12.921179
2024-03-21 11:00:00,62.16639,13.464684
2024-03-21 12:00:00,55.596878,14.815065
2024-03-21 13:00:00,52.452084,12.318698
2024-03-21 14:00:00,52.566063,11.766789
2024-03-21 15:00:00,61.73962,10.331295
2024-03-21 16:00:00,70.64438,9.973696
2024-03-21 17:00:00,86.37848,11.467126
2024-03-21 18:00:00,102.71133,16.67037
2024-03-21 19:00:00,117.1581,24.249908
2024-03-21 20:00:00,108.22214,17.753986
2024-03-21 21:00:00,91.76117,13.531826
2024-03-21 22:00:00,83.77521,10.696954
2024-03-21 23:00:00,75.16411,10.82992
2024-03-22 00:00:00,52.796402,11.814486
2024-03-22 01:00:00,48.554913,9.933191
2024-03-22 02:00:00,46.62616,11.395892
2024-03-22 03:00:00,42.956055,11.108723
2024-03-22 04:00:00,42.338642,11.1376505
2024-03-22 05:00:00,49.658207,11.052797
2024-03-22 06:00:00,63.342384,11.223094
2024-03-22 07:00:00,75.28607,13.148832
2024-03-22 08:00:00,81.39972,13.053024
2024-03-22 09:00:00,74.8223,13.727359
2024-03-22 10:00:00,66.636154,13.476371
2024-03-22 11:00:00,63.409554,14.413143
2024-03-22 12:00:00,58.473038,13.690817
2024-03-22 13:00:00,54.817795,12.669946
2024-03-22 14:00:00,53.60211,12.612813
2024-03-22 15:00:00,58.924393,11.915461
2024-03-22 16:00:00,63.036213,11.751769
2024-03-22 17:00:00,73.74188,12.985713
2024-03-22 18:00:00,85.80271,13.204967
2024-03-22 19:00:00,90.55747,17.055489
2024-03-22 20:00:00,81.785934,14.586002
2024-03-22 21:00:00,69.95986,12.739265
2024-03-22 22:00:00,67.64232,12.4178095
2024-03-22 23:00:00,62.780968,15.124414
2024-03-23 00:00:00,46.879932,15.465582
2024-03-23 01:00:00,35.953163,16.855564
2024-03-23 02:00:00,33.50222,16.678268
2024-03-23 03:00:00,25.078484,18.281624
2024-03-23 04:00:00,19.203102,21.011292
2024-03-23 05:00:00,22.026917,20.831215
2024-03-23 06:00:00,27.648018,20.317991
2024-03-23 07:00:00,33.604424,19.664486
2024-03-23 08:00:00,38.895622,17.40357
2024-03-23 09:00:00,37.18891,21.07657
2024-03-23 10:00:00,28.765724,25.467888
2024-03-23 11:00:00,23.661987,25.73653
2024-03-23 12:00:00,18.799873,36.836082
2024-03-23 13:00:00,9.979828,32.053852
2024-03-23 14:00:00,2.841362,35.424282
2024-03-23 15:00:00,8.202133,33.570133
2024-03-23 16:00:00,15.621498,28.035158
2024-03-23 17:00:00,33.541107,26.191732
2024-03-23 18:00:00,53.13936,20.849726
2024-03-23 19:00:00,63.924767,18.505308
2024-03-23 20:00:00,57.071953,16.353212
2024-03-23 21:00:00,49.017097,17.910194
2024-03-23 22:00:00,48.82283,17.782366
2024-03-23 23:00:00,43.32211,20.943405
2024-03-24 00:00:00,8.671257,24.625874
2024-03-24 01:00:00,0.29638672,29.105713
2024-03-24 02:00:00,-8.175919,31.393986
2024-03-24 03:00:00,-16.421204,30.466118
2024-03-24 04:00:00,-21.883636,32.679207
2024-03-24 05:00:00,-19.35434,33.98431
2024-03-24 06:00:00,-18.59388,30.324469
2024-03-24 07:00:00,-11.859764,31.442451
2024-03-24 08:00:00,-6.952545,27.545586
2024-03-24 09:00:00,-9.733948,28.53623
2024-03-24 10:00:00,-16.510635,34.171196
2024-03-24 11:00:00,-19.90316,37.40067
2024-03-24 12:00:00,-21.705513,56.89347
2024-03-24 13:00:00,-27.515152,53.278435
2024-03-24 14:00:00,-28.526962,52.633003
2024-03-24 15:00:00,-25.063126,43.795036
2024-03-24 16:00:00,-13.399345,37.485268
2024-03-24 17:00:00,12.284187,28.713284
2024-03-24 18:00:00,30.12262,24.552317
2024-03-24 19:00:00,46.309696,25.659416
2024-03-24 20:00:00,44.332825,23.302582
2024-03-24 21:00:00,37.93461,27.867847
2024-03-24 22:00:00,41.950825,23.568798
2024-03-24 23:00:00,36.361023,25.231085
2024-03-25 00:00:00,48.51127,10.325746
2024-03-25 01:00:00,45.120964,8.807319
2024-03-25 02:00:00,43.837208,9.415591
2024-03-25 03:00:00,40.629852,9.690017
2024-03-25 04:00:00,40.563473,9.657737
2024-03-25 05:00:00,51.161232,9.33039
2024-03-25 06:00:00,76.662384,11.032289
2024-03-25 07:00:00,95.51316,14.018976
2024-03-25 08:00:00,99.559265,17.27592
2024-03-25 09:00:00,85.91601,15.31937
2024-03-25 10:00:00,71.9608,15.862707
2024-03-25 11:00:00,63.81842,15.996759
2024-03-25 12:00:00,57.143898,15.059483
2024-03-25 13:00:00,54.901596,16.144648
2024-03-25 14:00:00,53.531666,13.901157
2024-03-25 15:00:00,59.89428,13.748898
2024-03-25 16:00:00,62.14209,13.672538
2024-03-25 17:00:00,79.339226,14.1662855
2024-03-25 18:00:00,94.119385,20.712122
2024-03-25 19:00:00,98.02924,25.391907
2024-03-25 20:00:00,83.11808,21.218376
2024-03-25 21:00:00,68.3345,16.714914
2024-03-25 22:00:00,64.17299,12.42863
2024-03-25 23:00:00,52.038155,13.619787
2024-03-26 00:00:00,53.501785,10.09247
2024-03-26 01:00:00,50.728214,8.603746
2024-03-26 02:00:00,50.39488,9.426892
2024-03-26 03:00:00,49.958534,8.381903
2024-03-26 04:00:00,49.879456,8.4882965
2024-03-26 05:00:00,57.498974,7.735876
2024-03-26 06:00:00,76.48724,10.770525
2024-03-26 07:00:00,94.317795,14.336269
2024-03-26 08:00:00,98.48186,14.426336
2024-03-26 09:00:00,80.72189,14.190006
2024-03-26 10:00:00,63.419495,15.741183
2024-03-26 11:00:00,53.34464,14.122976
2024-03-26 12:00:00,48.923054,15.738537
2024-03-26 13:00:00,45.618332,13.856117
2024-03-26 14:00:00,48.386444,12.048175
2024-03-26 15:00:00,54.828384,11.869254
2024-03-26 16:00:00,61.863186,11.504089
2024-03-26 17:00:00,82.890686,12.754771
2024-03-26 18:00:00,101.340355,18.201841
2024-03-26 19:00:00,111.977684,25.509035
2024-03-26 20:00:00,97.886116,19.611435
2024-03-26 21:00:00,78.29298,15.555067
2024-03-26 22:00:00,70.613106,12.405568
2024-03-26 23:00:00,60.690784,13.145478
2024-03-27 00:00:00,64.239655,13.104908
2024-03-27 01:00:00,59.953552,10.1039295
2024-03-27 02:00:00,59.873055,11.264879
2024-03-27 03:00:00,58.291668,10.251289
2024-03-27 04:00:00,58.53848,10.492676
2024-03-27 05:00:00,65.57677,9.546199
2024-03-27 06:00:00,79.53504,11.255834
2024-03-27 07:00:00,94.0242,15.374483
2024-03-27 08:00:00,96.90216,16.13073
2024-03-27 09:00:00,79.87338,18.762964
2024-03-27 10:00:00,63.589256,15.716695
2024-03-27 11:00:00,56.619736,16.857641
2024-03-27 12:00:00,48.786682,18.494595
2024-03-27 13:00:00,46.1036,16.572357
2024-03-27 14:00:00,43.928326,15.975541
2024-03-27 15:00:00,51.95167,15.150372
2024-03-27 16:00:00,57.131905,13.920803
2024-03-27 17:00:00,73.61867,15.169881
2024-03-27 18:00:00,90.13507,18.205873
2024-03-27 19:00:00,104.980095,24.008274
2024-03-27 20:00:00,95.73908,19.547924
2024-03-27 21:00:00,79.65633,16.315298
2024-03-27 22:00:00,74.89079,14.787627
2024-03-27 23:00:00,65.08755,17.290987
2024-03-28 00:00:00,50.922,14.032931
2024-03-28 01:00:00,44.726135,10.999112
2024-03-28 02:00:00,43.69057,11.969055
2024-03-28 03:00:00,38.723305,11.913104
2024-03-28 04:00:00,36.067406,13.777799
2024-03-28 05:00:00,44.040447,12.0231695
2024-03-28 06:00:00,60.095654,13.822189
2024-03-28 07:00:00,76.15556,15.0042515
2024-03-28 08:00:00,81.50844,15.898769
2024-03-28 09:00:00,69.262955,17.992386
2024-03-28 10:00:00,53.060036,16.863075
2024-03-28 11:00:00,43.334984,16.682236
2024-03-28 12:00:00,35.640617,20.40042
2024-03-28 13:00:00,31.501266,19.854755
2024-03-28 14:00:00,28.731316,18.4688
2024-03-28 15:00:00,32.867317,16.848652
2024-03-28 16:00:00,37.780594,16.99467
2024-03-28 17:00:00,52.55748,17.644285
2024-03-28 18:00:00,65.235344,18.733475
2024-03-28 19:00:00,76.366455,21.179947
2024-03-28 20:00:00,65.565346,18.686567
2024-03-28 21:00:00,53.15783,16.40554
2024-03-28 22:00:00,49.727154,16.27516
2024-03-28 23:00:00,42.18965,20.135458
2024-03-29 00:00:00,23.757057,15.369837
2024-03-29 01:00:00,19.95845,13.691044
2024-03-29 02:00:00,18.970406,15.755272
2024-03-29 03:00:00,16.173744,15.772407
2024-03-29 04:00:00,17.936562,14.736574
2024-03-29 05:00:00,26.530151,12.785387
2024-03-29 06:00:00,45.606182,12.696455
2024-03-29 07:00:00,59.57287,14.731178
2024-03-29 08:00:00,64.194534,15.021681
2024-03-29 09:00:00,55.29466,17.485207
2024-03-29 10:00:00,42.150696,17.735283
2024-03-29 11:00:00,34.673813,20.010563
2024-03-29 12:00:00,28.293587,20.383066
2024-03-29 13:00:00,26.72078,18.694618
2024-03-29 14:00:00,24.18573,18.240593
2024-03-29 15:00:00,29.570198,17.109028
2024-03-29 16:00:00,36.906967,17.721863
2024-03-29 17:00:00,47.14308,15.856739
2024-03-29 18:00:00,59.489178,16.610603
2024-03-29 19:00:00,66.23808,20.140152
2024-03-29 20:00:00,59.58439,19.248161
2024-03-29 21:00:00,48.57371,16.646955
2024-03-29 22:00:00,45.89931,15.965658
2024-03-29 23:00:00,40.151978,17.749704
2024-03-30 00:00:00,58.897366,8.23157
2024-03-30 01:00:00,52.613552,8.674895
2024-03-30 02:00:00,50.077465,8.574895
2024-03-30 03:00:00,44.15915,8.426311
2024-03-30 04:00:00,43.96817,8.276127
2024-03-30 05:00:00,46.01052,8.750057
2024-03-30 06:00:00,52.03597,10.343642
2024-03-30 07:00:00,55.8927,10.882911
2024-03-30 08:00:00,59.943188,11.332513
2024-03-30 09:00:00,54.22348,11.409533
2024-03-30 10:00:00,51.393185,11.296925
2024-03-30 11:00:00,50.83563,10.9707775
2024-03-30 12:00:00,48.93142,12.525304
2024-03-30 13:00:00,41.10803,12.843757
2024-03-30 14:00:00,37.839005,12.183992
2024-03-30 15:00:00,43.213486,11.741099
2024-03-30 16:00:00,46.928337,11.2516365
2024-03-30 17:00:00,59.574623,12.409208
2024-03-30 18:00:00,70.98657,13.259801
2024-03-30 19:00:00,78.95514,13.34626
2024-03-30 20:00:00,74.95601,13.998298
2024-03-30 21:00:00,69.737595,12.9403925
2024-03-30 22:00:00,63.694057,10.344474
2024-03-30 23:00:00,57.564358,10.469352
2024-03-31 00:00:00,63.59164,8.298587
2024-03-31 01:00:00,55.788376,8.429086
2024-03-31 02:00:00,53.404865,9.299432
2024-03-31 03:00:00,50.129845,8.359554
2024-03-31 04:00:00,48.856213,8.900569
2024-03-31 05:00:00,48.66993,9.347913
2024-03-31 06:00:00,50.790577,11.217065
2024-03-31 07:00:00,50.590267,12.326655
2024-03-31 08:00:00,50.217274,11.884055
2024-03-31 09:00:00,44.575623,12.76961
2024-03-31 10:00:00,35.68837,13.331803
2024-03-31 11:00:00,30.546791,13.213382
2024-03-31 12:00:00,29.485939,17.875858
2024-03-31 13:00:00,22.731445,16.310585
2024-03-31 14:00:00,23.85328,14.603308
2024-03-31 15:00:00,31.488083,13.972262
2024-03-31 16:00:00,43.966892,11.875078
2024-03-31 17:00:00,61.475044,13.721026
2024-03-31 18:00:00,76.90285,14.699615
2024-03-31 19:00:00,87.6415,16.255676
2024-03-31 20:00:00,80.28356,16.324091
2024-03-31 21:00:00,71.23874,14.947962
2024-03-31 22:00:00,66.14487,10.527265
2024-03-31 23:00:00,58.492397,11.065376
2024-04-01 00:00:00,50.066463,11.724679
2024-04-01 01:00:00,47.608547,13.344046
2024-04-01 02:00:00,44.578697,14.055898
2024-04-01 03:00:00,45.1801,13.211519
2024-04-01 04:00:00,47.16642,11.92449
2024-04-01 05:00:00,45.959118,11.17619
2024-04-01 06:00:00,53.06569,12.797716
2024-04-01 07:00:00,58.49382,17.178366
2024-04-01 08:00:00,54.44079,18.16765
2024-04-01 09:00:00,45.64368,19.943794
2024-04-01 10:00:00,30.361374,21.903952
2024-04-01 11:00:00,23.58039,22.995472
2024-04-01 12:00:00,14.311005,30.981276
2024-04-01 13:00:00,8.874008,26.469803
2024-04-01 14:00:00,9.199448,28.802979
2024-04-01 15:00:00,16.826805,26.847057
2024-04-01 16:00:00,27.616096,21.84394
2024-04-01 17:00:00,46.185986,22.040476
2024-04-01 18:00:00,63.52104,18.13657
2024-04-01 19:00:00,78.732285,19.90224
2024-04-01 20:00:00,74.91206,15.686325
2024-04-01 21:00:00,65.70085,16.1906
2024-04-01 22:00:00,62.374752,15.092764
2024-04-01 23:00:00,56.19253,19.56683
2024-04-02 00:00:00,23.404724,17.43485
2024-04-02 01:00:00,20.301353,16.402744
2024-04-02 02:00:00,20.434044,15.923477
2024-04-02 03:00:00,17.677612,17.739271
2024-04-02 04:00:00,17.219818,16.349861
2024-04-02 05:00:00,24.18142,13.786746
2024-04-02 06:00:00,38.455566,14.623838
2024-04-02 07:00:00,51.782486,15.559585
2024-04-02 08:00:00,52.93156,16.453852
2024-04-02 09:00:00,42.823837,19.840124
2024-04-02 10:00:00,24.585876,17.900581
2024-04-02 11:00:00,17.653343,21.807592
2024-04-02 12:00:00,11.444717,24.65281
2024-04-02 13:00:00,9.941406,27.307241
2024-04-02 14:00:00,5.7499313,29.044485
2024-04-02 15:00:00,10.281685,27.724684
2024-04-02 16:00:00,12.817406,25.561832
2024-04-02 17:00:00,27.57367,19.877485
2024-04-02 18:00:00,42.734722,15.356639
2024-04-02 19:00:00,57.841972,16.666656
2024-04-02 20:00:00,56.703136,16.845993
2024-04-02 21:00:00,52.17514,15.327121
2024-04-02 22:00:00,49.362717,15.797581
2024-04-02 23:00:00,43.351723,21.407297
2024-04-03 00:00:00,50.625526,12.374232
2024-04-03 01:00:00,44.679626,10.184246
2024-04-03 02:00:00,41.220505,9.751568
2024-04-03 03:00:00,36.845192,11.280114
2024-04-03 04:00:00,38.823433,10.57268
2024-04-03 05:00:00,45.784863,9.929167
2024-04-03 06:00:00,62.695694,11.151515
2024-04-03 07:00:00,72.260544,12.357115
2024-04-03 08:00:00,75.620415,14.980333
2024-04-03 09:00:00,66.46309,15.586724
2024-04-03 10:00:00,54.619705,13.083937
2024-04-03 11:00:00,49.537155,13.932718
2024-04-03 12:00:00,43.275578,14.861629
2024-04-03 13:00:00,38.827682,15.8564415
2024-04-03 14:00:00,34.368614,17.09876
2024-04-03 15:00:00,36.654266,15.093482
2024-04-03 16:00:00,39.178085,15.256021
2024-04-03 17:00:00,45.992657,14.096354
2024-04-03 18:00:00,57.592426,15.529538
2024-04-03 19:00:00,70.60249,19.265095
2024-04-03 20:00:00,69.20645,18.995558
2024-04-03 21:00:00,63.109768,15.118584
2024-04-03 22:00:00,56.904484,14.0899935
2024-04-03 23:00:00,49.23348,15.915959
2024-04-04 00:00:00,39.98253,9.674195
2024-04-04 01:00:00,32.023552,8.067788
2024-04-04 02:00:00,28.75972,8.577056
2024-04-04 03:00:00,21.938194,9.445581
2024-04-04 04:00:00,21.787437,10.668352
2024-04-04 05:00:00,28.852722,9.07492
2024-04-04 06:00:00,48.22008,10.961619
2024-04-04 07:00:00,67.19005,11.938341
2024-04-04 08:00:00,74.608315,14.436503
2024-04-04 09:00:00,65.79288,13.236204
2024-04-04 10:00:00,51.54776,13.739846
2024-04-04 11:00:00,43.97884,14.780375
2024-04-04 12:00:00,35.459076,16.465948
2024-04-04 13:00:00,27.249199,16.638254
2024-04-04 14:00:00,23.202583,17.201878
2024-04-04 15:00:00,19.828804,17.6836
2024-04-04 16:00:00,18.457916,17.612267
2024-04-04 17:00:00,32.923218,14.686902
2024-04-04 18:00:00,49.17443,11.263205
2024-04-04 19:00:00,65.28294,11.779222
2024-04-04 20:00:00,67.78238,11.956041
2024-04-04 21:00:00,61.61995,10.46919
2024-04-04 22:00:00,58.764343,10.606245
2024-04-04 23:00:00,49.886116,13.519035
2024-04-05 00:00:00,33.569374,11.590028
2024-04-05 01:00:00,23.202454,11.227002
2024-04-05 02:00:00,20.580414,11.282677
2024-04-05 03:00:00,13.530037,12.907894
2024-04-05 04:00:00,12.342064,14.454849
2024-04-05 05:00:00,18.336525,12.6327715
2024-04-05 06:00:00,32.306396,14.674672
2024-04-05 07:00:00,46.16092,15.847223
2024-04-05 08:00:00,50.379078,17.532066
2024-04-05 09:00:00,41.21614,17.443764
2024-04-05 10:00:00,26.672066,18.723206
2024-04-05 11:00:00,18.66977,22.590942
2024-04-05 12:00:00,12.108925,24.9652
2024-04-05 13:00:00,1.1674728,30.225405
2024-04-05 14:00:00,-6.383362,31.270992
2024-04-05 15:00:00,-5.18396,29.845892
2024-04-05 16:00:00,-2.240303,28.260958
2024-04-05 17:00:00,10.723579,21.689701
2024-04-05 18:00:00,32.09333,14.866934
2024-04-05 19:00:00,52.01811,13.641068
2024-04-05 20:00:00,53.54994,14.370473
2024-04-05 21:00:00,50.71131,12.576434
2024-04-05 22:00:00,47.63039,13.988688
2024-04-05 23:00:00,37.66983,15.39576
2024-04-06 00:00:00,29.642845,8.682457
2024-04-06 01:00:00,21.94413,9.661642
2024-04-06 02:00:00,19.715973,10.563977
2024-04-06 03:00:00,14.1119,10.631198
2024-04-06 04:00:00,11.291809,10.486621
2024-04-06 05:00:00,13.305428,9.029796
2024-04-06 06:00:00,16.423882,11.368183
2024-04-06 07:00:00,18.755135,12.910102
2024-04-06 08:00:00,18.379593,12.594256
2024-04-06 09:00:00,7.327545,17.1284
2024-04-06 10:00:00,-5.322212,18.692753
2024-04-06 11:00:00,-16.220665,21.129038
2024-04-06 12:00:00,-22.058632,32.998528
2024-04-06 13:00:00,-33.89969,31.647234
2024-04-06 14:00:00,-38.671112,32.025333
2024-04-06 15:00:00,-30.095581,32.94063
2024-04-06 16:00:00,-20.733444,27.510633
2024-04-06 17:00:00,-0.012207031,19.942713
2024-04-06 18:00:00,19.545815,15.161017
2024-04-06 19:00:00,36.856773,11.489804
2024-04-06 20:00:00,39.199158,10.4302435
2024-04-06 21:00:00,37.394943,9.058728
2024-04-06 22:00:00,31.808205,9.971412
2024-04-06 23:00:00,28.786835,12.819528
2024-04-07 00:00:00,20.896812,9.989461
2024-04-07 01:00:00,16.14196,10.616719
2024-04-07 02:00:00,12.861351,11.828131
2024-04-07 03:00:00,9.742531,10.789674
2024-04-07 04:00:00,10.383499,9.742338
2024-04-07 05:00:00,11.674644,9.25291
2024-04-07 06:00:00,15.463852,10.114917
2024-04-07 07:00:00,15.657608,12.697673
2024-04-07 08:00:00,14.913284,13.182029
2024-04-07 09:00:00,5.8547287,16.276375
2024-04-07 10:00:00,-6.4835052,17.143742
2024-04-07 11:00:00,-10.116196,18.918045
2024-04-07 12:00:00,-17.727066,23.84304
2024-04-07 13:00:00,-24.620987,23.215567
2024-04-07 14:00:00,-27.190033,26.436176
2024-04-07 15:00:00,-19.813911,24.4554
2024-04-07 16:00:00,-10.027618,20.074232
2024-04-07 17:00:00,10.344154,16.61532
2024-04-07 18:00:00,27.67543,13.167445
2024-04-07 19:00:00,42.42507,13.09531
2024-04-07 20:00:00,44.655228,10.600024
2024-04-07 21:00:00,38.451294,10.123015
2024-04-07 22:00:00,34.827614,10.564726
2024-04-07 23:00:00,30.458153,13.213837
2024-04-08 00:00:00,42.674435,9.54683
2024-04-08 01:00:00,36.991478,9.11727
2024-04-08 02:00:00,37.226677,8.348952
2024-04-08 03:00:00,32.75817,9.121978
2024-04-08 04:00:00,34.096756,8.873082
2024-04-08 05:00:00,37.345474,8.523691
2024-04-08 06:00:00,51.698883,11.034457
2024-04-08 07:00:00,63.507996,11.509451
2024-04-08 08:00:00,65.10124,14.663502
2024-04-08 09:00:00,54.052425,12.134166
2024-04-08 10:00:00,47.685844,12.040448
2024-04-08 11:00:00,43.0413,12.249655
2024-04-08 12:00:00,37.97992,14.171157
2024-04-08 13:00:00,35.267395,13.808081
2024-04-08 14:00:00,32.238197,12.393922
2024-04-08 15:00:00,34.61931,12.218451
2024-04-08 16:00:00,36.71457,11.978361
2024-04-08 17:00:00,46.23211,12.57762
2024-04-08 18:00:00,59.28025,14.727698
2024-04-08 19:00:00,69.620995,17.849743
2024-04-08 20:00:00,68.90659,16.160679
2024-04-08 21:00:00,61.398727,14.83979
2024-04-08 22:00:00,54.31773,11.187133
2024-04-08 23:00:00,45.374653,11.175207
2024-04-09 00:00:00,49.533733,14.035259
2024-04-09 01:00:00,41.5231,12.733005
2024-04-09 02:00:00,37.4943,12.963358
2024-04-09 03:00:00,32.631752,13.626328
2024-04-09 04:00:00,32.242676,14.381988
2024-04-09 05:00:00,36.191048,14.210755
2024-04-09 06:00:00,53.155445,17.298801
2024-04-09 07:00:00,69.7151,21.940454
2024-04-09 08:00:00,79.43958,22.219799
2024-04-09 09:00:00,66.362625,21.34733
2024-04-09 10:00:00,50.98547,21.728548
2024-04-09 11:00:00,45.930973,21.789751
2024-04-09 12:00:00,36.582222,24.980394
2024-04-09 13:00:00,29.219215,22.912785
2024-04-09 14:00:00,29.064682,21.03869
2024-04-09 15:00:00,28.52166,21.178478
2024-04-09 16:00:00,33.261467,20.507029
2024-04-09 17:00:00,48.87211,21.218128
2024-04-09 18:00:00,64.84785,20.618113
2024-04-09 19:00:00,78.1171,28.333504
2024-04-09 20:00:00,74.4842,21.767042
2024-04-09 21:00:00,62.61316,18.911003
2024-04-09 22:00:00,57.221947,18.495794
2024-04-09 23:00:00,46.783432,19.513617
2024-04-10 00:00:00,35.242203,10.757495
2024-04-10 01:00:00,30.001183,8.548259
2024-04-10 02:00:00,29.139801,8.753827
2024-04-10 03:00:00,29.27272,8.984792
2024-04-10 04:00:00,31.126968,9.073164
2024-04-10 05:00:00,39.319534,7.394436
2024-04-10 06:00:00,56.166847,8.04682
2024-04-10 07:00:00,73.660706,10.026938
2024-04-10 08:00:00,75.34956,11.909979
2024-04-10 09:00:00,63.62438,12.38292
2024-04-10 10:00:00,44.482162,10.963623
2024-04-10 11:00:00,37.129738,11.466347
2024-04-10 12:00:00,27.83313,12.335585
2024-04-10 13:00:00,23.53891,12.561598
2024-04-10 14:00:00,19.322304,13.785008
2024-04-10 15:00:00,24.774323,12.240214
2024-04-10 16:00:00,30.484772,12.719191
2024-04-10 17:00:00,42.780403,9.808473
2024-04-10 18:00:00,59.730957,9.221547
2024-04-10 19:00:00,76.79676,12.391671
2024-04-10 20:00:00,73.81464,13.347102
2024-04-10 21:00:00,64.11089,10.381551
2024-04-10 22:00:00,60.20553,9.192474
2024-04-10 23:00:00,50.432186,10.89568
2024-04-11 00:00:00,46.764446,14.061982
2024-04-11 01:00:00,39.894135,11.73281
2024-04-11 02:00:00,36.599014,11.723277
2024-04-11 03:00:00,30.085,12.431909
2024-04-11 04:00:00,31.463058,12.518058
2024-04-11 05:00:00,37.672447,12.194267
2024-04-11 06:00:00,56.226357,14.538393
2024-04-11 07:00:00,70.050415,15.933462
2024-04-11 08:00:00,79.408676,18.817978
2024-04-11 09:00:00,68.749466,18.232815
2024-04-11 10:00:00,61.560493,17.136385
2024-04-11 11:00:00,54.84968,16.253672
2024-04-11 12:00:00,50.907387,18.426117
2024-04-11 13:00:00,43.34799,16.114204
2024-04-11 14:00:00,42.785255,16.44337
2024-04-11 15:00:00,44.90544,14.279327
2024-04-11 16:00:00,47.688396,15.718446
2024-04-11 17:00:00,60.380646,16.785267
2024-04-11 18:00:00,70.93195,20.057518
2024-04-11 19:00:00,86.0394,22.689337
2024-04-11 20:00:00,83.09793,21.98365
2024-04-11 21:00:00,73.312836,18.26979
2024-04-11 22:00:00,64.89196,15.764035
2024-04-11 23:00:00,54.618446,17.094036
2024-04-12 00:00:00,60.64661,14.633726
2024-04-12 01:00:00,50.26083,12.117583
2024-04-12 02:00:00,47.992214,12.746922
2024-04-12 03:00:00,41.32212,12.680188
2024-04-12 04:00:00,42.312244,13.680703
2024-04-12 05:00:00,48.79382,13.788701
2024-04-12 06:00:00,67.194824,16.230654
2024-04-12 07:00:00,82.92818,18.97879
2024-04-12 08:00:00,88.0087,21.540049
2024-04-12 09:00:00,74.24083,21.10688
2024-04-12 10:00:00,61.311913,19.717598
2024-04-12 11:00:00,55.27045,21.171461
2024-04-12 12:00:00,46.44421,22.088207
2024-04-12 13:00:00,41.22492,21.325155
2024-04-12 14:00:00,38.93724,18.552166
2024-04-12 15:00:00,41.369053,17.972685
2024-04-12 16:00:00,48.166214,18.203249
2024-04-12 17:00:00,64.71416,18.475885
2024-04-12 18:00:00,79.68823,22.11867
2024-04-12 19:00:00,94.18931,28.19176
2024-04-12 20:00:00,91.11023,25.079273
2024-04-12 21:00:00,76.30232,20.556149
2024-04-12 22:00:00,68.43979,18.619383
2024-04-12 23:00:00,56.815144,16.865952
2024-04-13 00:00:00,42.9948,12.540137
2024-04-13 01:00:00,33.58967,13.684175
2024-04-13 02:00:00,30.621452,15.06536
2024-04-13 03:00:00,26.748314,14.737024
2024-04-13 04:00:00,24.891747,15.768867
2024-04-13 05:00:00,24.551651,16.118368
2024-04-13 06:00:00,28.354416,16.4942
2024-04-13 07:00:00,31.68132,20.001194
2024-04-13 08:00:00,31.335236,20.120264
2024-04-13 09:00:00,18.577194,21.74619
2024-04-13 10:00:00,3.601143,26.212217
2024-04-13 11:00:00,-9.595528,27.235365
2024-04-13 12:00:00,-15.136559,35.461853
2024-04-13 13:00:00,-29.470642,36.78597
2024-04-13 14:00:00,-33.33174,37.670876
2024-04-13 15:00:00,-22.484344,36.16405
2024-04-13 16:00:00,-11.8676605,29.347664
2024-04-13 17:00:00,11.172127,27.842127
2024-04-13 18:00:00,34.346268,21.353046
2024-04-13 19:00:00,52.246292,19.599266
2024-04-13 20:00:00,54.056683,18.365952
2024-04-13 21:00:00,49.72648,16.568834
2024-04-13 22:00:00,45.609444,17.347977
2024-04-13 23:00:00,38.988266,20.203842
2024-04-14 00:00:00,22.019287,15.207815
2024-04-14 01:00:00,14.866158,14.746125
2024-04-14 02:00:00,13.52803,16.426233
2024-04-14 03:00:00,8.485207,17.524591
2024-04-14 04:00:00,8.505058,16.337202
2024-04-14 05:00:00,10.3921585,16.127174
2024-04-14 06:00:00,17.33374,16.400404
2024-04-14 07:00:00,17.65274,18.845749
2024-04-14 08:00:00,19.706741,18.322586
2024-04-14 09:00:00,14.723137,19.428532
2024-04-14 10:00:00,1.8242035,22.225733
2024-04-14 11:00:00,-3.5378723,22.404175
2024-04-14 12:00:00,-10.137894,26.16491
2024-04-14 13:00:00,-17.64016,29.118275
2024-04-14 14:00:00,-24.83606,30.827255
2024-04-14 15:00:00,-15.668846,28.04112
2024-04-14 16:00:00,-3.26725,23.857838
2024-04-14 17:00:00,17.732872,20.925375
2024-04-14 18:00:00,38.30606,16.4608
2024-04-14 19:00:00,55.562397,17.629858
2024-04-14 20:00:00,60.02266,18.666586
2024-04-14 21:00:00,53.429867,16.510382
2024-04-14 22:00:00,49.20052,15.484892
2024-04-14 23:00:00,40.16935,18.035175
2024-04-15 00:00:00,46.097042,12.8301325
2024-04-15 01:00:00,37.849014,11.208489
2024-04-15 02:00:00,33.7418,11.005965
2024-04-15 03:00:00,24.323235,14.365912
2024-04-15 04:00:00,26.430824,13.859536
2024-04-15 05:00:00,36.5235,12.665579
2024-04-15 06:00:00,59.991653,13.948948
2024-04-15 07:00:00,78.33086,14.984245
2024-04-15 08:00:00,80.60638,19.62883
2024-04-15 09:00:00,68.45099,19.406008
2024-04-15 10:00:00,52.108936,18.461138
2024-04-15 11:00:00,43.92356,18.235521
2024-04-15 12:00:00,33.662468,19.672735
2024-04-15 13:00:00,27.285126,23.849125
2024-04-15 14:00:00,19.215332,23.753643
2024-04-15 15:00:00,21.305214,19.97203
2024-04-15 16:00:00,23.710297,21.341576
2024-04-15 17:00:00,39.95723,19.608416
2024-04-15 18:00:00,58.60916,20.395824
2024-04-15 19:00:00,75.59979,24.48734
2024-04-15 20:00:00,74.74191,21.388344
2024-04-15 21:00:00,65.13751,16.975742
2024-04-15 22:00:00,59.2173,15.926064
2024-04-15 23:00:00,43.76423,19.169992
2024-04-16 00:00:00,30.16822,17.888853
2024-04-16 01:00:00,25.302147,15.448748
2024-04-16 02:00:00,23.408394,15.884061
2024-04-16 03:00:00,20.088966,17.306366
2024-04-16 04:00:00,18.930038,16.64914
2024-04-16 05:00:00,27.127556,14.797678
2024-04-16 06:00:00,42.67284,17.004839
2024-04-16 07:00:00,57.51486,16.743366
2024-04-16 08:00:00,61.778896,17.169897
2024-04-16 09:00:00,55.943295,19.731646
2024-04-16 10:00:00,40.708214,18.414307
2024-04-16 11:00:00,33.94799,22.007042
2024-04-16 12:00:00,27.783112,21.683899
2024-04-16 13:00:00,26.027786,22.635897
2024-04-16 14:00:00,22.603638,22.713438
2024-04-16 15:00:00,23.42157,22.473011
2024-04-16 16:00:00,26.940247,21.695961
2024-04-16 17:00:00,37.741516,20.209126
2024-04-16 18:00:00,51.26373,17.068861
2024-04-16 19:00:00,63.739895,19.964367
2024-04-16 20:00:00,67.57857,20.324713
2024-04-16 21:00:00,60.25533,16.860645
2024-04-16 22:00:00,57.043827,17.350565
2024-04-16 23:00:00,49.747417,21.517044
2024-04-17 00:00:00,53.34122,19.275263
2024-04-17 01:00:00,42.819912,15.911586
2024-04-17 02:00:00,39.149483,15.400372
2024-04-17 03:00:00,33.72355,17.960104
2024-04-17 04:00:00,33.305565,17.177036
2024-04-17 05:00:00,44.24919,16.016973
2024-04-17 06:00:00,70.181335,19.464865
2024-04-17 07:00:00,89.955414,21.72202
2024-04-17 08:00:00,98.40456,25.943838
2024-04-17 09:00:00,83.10594,25.755838
2024-04-17 10:00:00,69.37078,25.082914
2024-04-17 11:00:00,61.62354,24.71998
2024-04-17 12:00:00,53.928543,24.430403
2024-04-17 13:00:00,51.959515,21.256184
2024-04-17 14:00:00,45.733635,19.767454
2024-04-17 15:00:00,49.034634,18.494709
2024-04-17 16:00:00,54.36096,18.28686
2024-04-17 17:00:00,67.37938,20.913965
2024-04-17 18:00:00,90.02415,28.483408
2024-04-17 19:00:00,106.26638,36.639336
2024-04-17 20:00:00,103.81548,31.5061
2024-04-17 21:00:00,88.880066,23.733688
2024-04-17 22:00:00,77.95537,20.629269
2024-04-17 23:00:00,63.42058,19.870037
2024-04-18 00:00:00,78.17749,13.766653
2024-04-18 01:00:00,66.758804,9.772047
2024-04-18 02:00:00,60.721222,9.3676195
2024-04-18 03:00:00,58.42832,9.167454
2024-04-18 04:00:00,58.420895,10.378423
2024-04-18 05:00:00,60.89074,10.189735
2024-04-18 06:00:00,83.75757,13.368366
2024-04-18 07:00:00,101.83312,15.233891
2024-04-18 08:00:00,106.80248,19.13356
2024-04-18 09:00:00,88.36777,17.321762
2024-04-18 10:00:00,68.1261,15.287399
2024-04-18 11:00:00,61.736805,15.628827
2024-04-18 12:00:00,51.614983,19.340002
2024-04-18 13:00:00,49.584576,15.639181
2024-04-18 14:00:00,49.81075,16.66745
2024-04-18 15:00:00,47.050518,17.505907
2024-04-18 16:00:00,53.014202,16.296453
2024-04-18 17:00:00,69.70067,16.319017
2024-04-18 18:00:00,91.47156,22.830988
2024-04-18 19:00:00,105.787926,26.307652
2024-04-18 20:00:00,102.34899,21.607782
2024-04-18 21:00:00,91.86391,14.17768
2024-04-18 22:00:00,83.03339,13.553964
2024-04-18 23:00:00,67.96671,12.605164
2024-04-19 00:00:00,71.89303,12.950822
2024-04-19 01:00:00,59.147545,12.405793
2024-04-19 02:00:00,53.467857,13.087422
2024-04-19 03:00:00,46.045376,13.346267
2024-04-19 04:00:00,46.23621,12.856068
2024-04-19 05:00:00,50.533073,13.878737
2024-04-19 06:00:00,72.43724,16.633558
2024-04-19 07:00:00,86.70209,16.500507
2024-04-19 08:00:00,94.17474,18.55011
2024-04-19 09:00:00,79.493996,18.795336
2024-04-19 10:00:00,62.062157,21.321732
2024-04-19 11:00:00,54.650986,19.57949
2024-04-19 12:00:00,41.736267,23.183512
2024-04-19 13:00:00,37.392174,21.685257
2024-04-19 14:00:00,30.733307,25.149261
2024-04-19 15:00:00,34.429237,25.759815
2024-04-19 16:00:00,31.881638,23.668865
2024-04-19 17:00:00,48.33923,23.32136
2024-04-19 18:00:00,73.259155,19.935116
2024-04-19 19:00:00,91.17886,22.256964
2024-04-19 20:00:00,87.911674,22.632322
2024-04-19 21:00:00,85.646194,19.863073
2024-04-19 22:00:00,75.04372,17.525078
2024-04-19 23:00:00,64.41174,18.872023
2024-04-20 00:00:00,45.931652,19.101217
2024-04-20 01:00:00,35.177208,18.647816
2024-04-20 02:00:00,30.098312,19.312868
2024-04-20 03:00:00,21.054955,20.904629
2024-04-20 04:00:00,21.180862,20.925528
2024-04-20 05:00:00,18.848572,23.508827
2024-04-20 06:00:00,24.3787,26.252104
2024-04-20 07:00:00,27.557953,24.592882
2024-04-20 08:00:00,32.478737,24.625961
2024-04-20 09:00:00,26.741684,26.37008
2024-04-20 10:00:00,18.39672,26.133993
2024-04-20 11:00:00,9.297897,30.701998
2024-04-20 12:00:00,2.8958817,34.50545
2024-04-20 13:00:00,-8.223686,41.54375
2024-04-20 14:00:00,-17.249725,41.39763
2024-04-20 15:00:00,-6.851776,42.078484
2024-04-20 16:00:00,1.3835754,34.738686
2024-04-20 17:00:00,19.537918,31.527506
2024-04-20 18:00:00,40.686745,23.386066
2024-04-20 19:00:00,56.74098,21.213652
2024-04-20 20:00:00,63.9256,24.05796
2024-04-20 21:00:00,57.763737,22.814316
2024-04-20 22:00:00,54.052868,25.875046
2024-04-20 23:00:00,47.04588,24.102049
2024-04-21 00:00:00,49.09338,16.447525
2024-04-21 01:00:00,36.53842,15.777264
2024-04-21 02:00:00,28.50293,15.445381
2024-04-21 03:00:00,21.744286,16.8511
2024-04-21 04:00:00,20.82151,20.100111
2024-04-21 05:00:00,21.203667,21.190748
2024-04-21 06:00:00,23.069084,22.343496
2024-04-21 07:00:00,22.210495,22.639107
2024-04-21 08:00:00,21.76677,26.692453
2024-04-21 09:00:00,13.817566,23.538372
2024-04-21 10:00:00,4.2623825,27.85577
2024-04-21 11:00:00,-6.463051,32.545506
2024-04-21 12:00:00,-5.0331726,39.751118
2024-04-21 13:00:00,-21.628334,42.241795
2024-04-21 14:00:00,-25.192719,45.491276
2024-04-21 15:00:00,-18.599174,42.44393
2024-04-21 16:00:00,-6.8799515,33.517593
2024-04-21 17:00:00,15.830475,29.858944
2024-04-21 18:00:00,43.0585,24.126156
2024-04-21 19:00:00,63.43886,20.223017
2024-04-21 20:00:00,71.21013,19.143785
2024-04-21 21:00:00,69.03031,18.461697
2024-04-21 22:00:00,68.302086,18.048155
2024-04-21 23:00:00,58.245415,19.511402
2024-04-22 00:00:00,61.873127,14.484772
2024-04-22 01:00:00,54.7696,12.162374
2024-04-22 02:00:00,54.72965,11.889981
2024-04-22 03:00:00,53.594753,12.7691965
2024-04-22 04:00:00,55.873405,11.657342
2024-04-22 05:00:00,59.491592,11.619199
2024-04-22 06:00:00,79.44283,14.920853
2024-04-22 07:00:00,97.82035,18.948494
2024-04-22 08:00:00,99.611855,21.040419
2024-04-22 09:00:00,79.11437,17.957136
2024-04-22 10:00:00,66.28166,17.985134
2024-04-22 11:00:00,55.9706,19.65027
2024-04-22 12:00:00,51.739895,22.04588
2024-04-22 13:00:00,46.40225,20.792204
2024-04-22 14:00:00,47.634758,20.592527
2024-04-22 15:00:00,49.71208,18.918205
2024-04-22 16:00:00,59.228493,17.985144
2024-04-22 17:00:00,75.04692,17.595673
2024-04-22 18:00:00,93.26696,26.544619
2024-04-22 19:00:00,108.20323,30.8649
2024-04-22 20:00:00,101.29612,28.635374
2024-04-22 21:00:00,93.1911,17.177431
2024-04-22 22:00:00,84.95933,16.261303
2024-04-22 23:00:00,71.50611,14.758294
2024-04-23 00:00:00,75.61169,13.164172
2024-04-23 01:00:00,64.982155,10.798388
2024-04-23 02:00:00,62.737896,10.011539
2024-04-23 03:00:00,62.386154,10.183428
2024-04-23 04:00:00,60.82345,10.404476
2024-04-23 05:00:00,68.486145,10.075341
2024-04-23 06:00:00,91.63126,13.713735
2024-04-23 07:00:00,110.96496,18.120592
2024-04-23 08:00:00,116.02951,20.205894
2024-04-23 09:00:00,90.37366,16.271124
2024-04-23 10:00:00,73.58511,16.516418
2024-04-23 11:00:00,66.1035,17.461935
2024-04-23 12:00:00,56.292976,20.945337
2024-04-23 13:00:00,53.309902,18.700277
2024-04-23 14:00:00,52.679497,18.575827
2024-04-23 15:00:00,54.423508,18.7002
2024-04-23 16:00:00,63.395035,15.901137
2024-04-23 17:00:00,82.99832,15.311873
2024-04-23 18:00:00,102.94019,25.144667
2024-04-23 19:00:00,119.63451,29.945082
2024-04-23 20:00:00,111.86894,25.299963
2024-04-23 21:00:00,103.68875,14.801236
2024-04-23 22:00:00,93.701836,14.325679
2024-04-23 23:00:00,77.82408,12.643786
2024-04-24 00:00:00,82.72998,10.176695
2024-04-24 01:00:00,73.08852,9.160688
2024-04-24 02:00:00,69.463425,9.434371
2024-04-24 03:00:00,65.21275,8.093272
2024-04-24 04:00:00,61.90758,9.387076
2024-04-24 05:00:00,73.33287,10.023415
2024-04-24 06:00:00,94.22002,10.615733
2024-04-24 07:00:00,108.0997,12.090841
2024-04-24 08:00:00,116.846,15.048671
2024-04-24 09:00:00,99.272896,13.265106
2024-04-24 10:00:00,78.38825,14.718718
2024-04-24 11:00:00,73.408714,13.839743
2024-04-24 12:00:00,61.384716,17.715292
2024-04-24 13:00:00,58.03532,15.420335
2024-04-24 14:00:00,49.776085,17.667717
2024-04-24 15:00:00,54.630646,19.899675
2024-04-24 16:00:00,53.499306,16.985874
2024-04-24 17:00:00,65.191345,15.18536
2024-04-24 18:00:00,86.858,15.20662
2024-04-24 19:00:00,108.15825,17.603493
2024-04-24 20:00:00,103.69233,15.86357
2024-04-24 21:00:00,100.393745,12.837173
2024-04-24 22:00:00,94.50932,11.957477
2024-04-24 23:00:00,78.134995,13.343281
2024-04-25 00:00:00,85.26248,9.121568
2024-04-25 01:00:00,77.80768,7.865766
2024-04-25 02:00:00,72.09844,8.770037
2024-04-25 03:00:00,68.89818,8.067742
2024-04-25 04:00:00,68.1154,7.859665
2024-04-25 05:00:00,75.73578,8.521066
2024-04-25 06:00:00,99.19531,9.588215
2024-04-25 07:00:00,108.81493,10.350987
2024-04-25 08:00:00,117.67397,13.25657
2024-04-25 09:00:00,102.155334,11.145677
2024-04-25 10:00:00,88.03055,12.354739
2024-04-25 11:00:00,82.33505,11.392915
2024-04-25 12:00:00,77.496284,12.585095
2024-04-25 13:00:00,71.73186,10.936965
2024-04-25 14:00:00,65.535736,12.332477
2024-04-25 15:00:00,66.7207,13.915038
2024-04-25 16:00:00,67.75514,11.564528
2024-04-25 17:00:00,76.47229,11.943393
2024-04-25 18:00:00,94.10019,13.960325
2024-04-25 19:00:00,114.14269,17.646732
2024-04-25 20:00:00,108.91285,14.823748
2024-04-25 21:00:00,102.449814,10.828203
2024-04-25 22:00:00,96.2996,10.006054
2024-04-25 23:00:00,84.56737,10.7665615
2024-04-26 00:00:00,80.224075,10.418139
2024-04-26 01:00:00,75.0956,8.264324
2024-04-26 02:00:00,70.24099,9.041876
2024-04-26 03:00:00,66.69765,8.29195
2024-04-26 04:00:00,69.18077,7.2653856
2024-04-26 05:00:00,71.11518,8.98474
2024-04-26 06:00:00,86.86102,10.613435
2024-04-26 07:00:00,96.49564,11.911483
2024-04-26 08:00:00,108.04975,15.298063
2024-04-26 09:00:00,97.12488,12.865117
2024-04-26 10:00:00,90.4523,12.2070465
2024-04-26 11:00:00,84.75735,12.15657
2024-04-26 12:00:00,79.70808,12.650604
2024-04-26 13:00:00,75.21058,11.639632
2024-04-26 14:00:00,68.368576,12.695131
2024-04-26 15:00:00,70.02667,12.289823
2024-04-26 16:00:00,77.75174,11.106524
2024-04-26 17:00:00,89.43255,11.726394
2024-04-26 18:00:00,102.83122,14.378479
2024-04-26 19:00:00,116.17747,18.335493
2024-04-26 20:00:00,115.637985,15.561247
2024-04-26 21:00:00,109.57194,10.901597
2024-04-26 22:00:00,101.10794,10.070171
2024-04-26 23:00:00,87.71652,9.485831
2024-04-27 00:00:00,86.174995,9.621734
2024-04-27 01:00:00,77.342865,9.4184675
2024-04-27 02:00:00,72.56377,9.892799
2024-04-27 03:00:00,70.66522,10.204793
2024-04-27 04:00:00,70.02514,9.8625345
2024-04-27 05:00:00,67.10023,10.416542
2024-04-27 06:00:00,71.12208,14.087886
2024-04-27 07:00:00,70.92238,13.447809
2024-04-27 08:00:00,75.09924,14.90048
2024-04-27 09:00:00,68.22958,15.025774
2024-04-27 10:00:00,58.78698,15.214408
2024-04-27 11:00:00,53.236637,15.887797
2024-04-27 12:00:00,49.219723,18.451372
2024-04-27 13:00:00,39.84092,21.398485
2024-04-27 14:00:00,34.15365,19.964462
2024-04-27 15:00:00,40.863182,23.353773
2024-04-27 16:00:00,48.526382,17.865187
2024-04-27 17:00:00,61.594288,17.549095
2024-04-27 18:00:00,77.87473,16.552586
2024-04-27 19:00:00,88.14414,13.817357
2024-04-27 20:00:00,89.29576,14.438934
2024-04-27 21:00:00,85.34873,13.794133
2024-04-27 22:00:00,82.5345,12.626853
2024-04-27 23:00:00,75.37533,13.895248
2024-04-28 00:00:00,47.836006,22.398745
2024-04-28 01:00:00,30.751389,16.442839
2024-04-28 02:00:00,16.928085,23.435972
2024-04-28 03:00:00,6.0902863,23.152842
2024-04-28 04:00:00,3.28125,25.43195
2024-04-28 05:00:00,-1.3789291,25.416212
2024-04-28 06:00:00,-2.2603455,29.096804
2024-04-28 07:00:00,-0.79021454,30.206518
2024-04-28 08:00:00,-2.8437653,23.910624
2024-04-28 09:00:00,-5.7706833,31.963043
2024-04-28 10:00:00,-27.179993,37.860237
2024-04-28 11:00:00,-35.745743,58.3332
2024-04-28 12:00:00,-34.6409,89.025024
2024-04-28 13:00:00,-43.079834,85.93
2024-04-28 14:00:00,-42.98384,116.305
2024-04-28 15:00:00,-33.566406,84.66107
2024-04-28 16:00:00,-29.904434,63.98668
2024-04-28 17:00:00,-5.4380264,45.56954
2024-04-28 18:00:00,35.748863,30.308643
2024-04-28 19:00:00,63.94774,16.873413
2024-04-28 20:00:00,78.141464,14.906048
2024-04-28 21:00:00,81.04817,14.357129
2024-04-28 22:00:00,76.23174,21.513157
2024-04-28 23:00:00,65.2849,19.52736
2024-04-29 00:00:00,68.60254,12.63046
2024-04-29 01:00:00,57.309498,13.154886
2024-04-29 02:00:00,54.575954,11.507687
2024-04-29 03:00:00,53.423603,14.302327
2024-04-29 04:00:00,53.187344,13.796281
2024-04-29 05:00:00,63.031734,13.265903
2024-04-29 06:00:00,89.30509,14.881044
2024-04-29 07:00:00,107.37689,16.945143
2024-04-29 08:00:00,106.403595,20.903374
2024-04-29 09:00:00,81.23112,19.174282
2024-04-29 10:00:00,66.030945,19.824236
2024-04-29 11:00:00,52.508385,25.814701
2024-04-29 12:00:00,47.37235,28.38028
2024-04-29 13:00:00,36.261826,28.026302
2024-04-29 14:00:00,33.872185,28.379648
2024-04-29 15:00:00,44.086002,26.263613
2024-04-29 16:00:00,53.018036,21.828297
2024-04-29 17:00:00,70.909256,19.35203
2024-04-29 18:00:00,105.509705,25.753666
2024-04-29 19:00:00,132.38663,31.667788
2024-04-29 20:00:00,129.61871,26.8192
2024-04-29 21:00:00,115.04329,19.750805
2024-04-29 22:00:00,107.063286,15.732113
2024-04-29 23:00:00,91.22093,15.8652935
2024-04-30 00:00:00,83.17964,9.120498
2024-04-30 01:00:00,74.61112,8.519285
2024-04-30 02:00:00,69.070496,8.806106
2024-04-30 03:00:00,67.733215,8.2821665
2024-04-30 04:00:00,69.64647,9.009154
2024-04-30 05:00:00,75.59758,8.972332
2024-04-30 06:00:00,91.903534,11.210289
2024-04-30 07:00:00,106.684715,13.375197
2024-04-30 08:00:00,110.11014,17.060127
2024-04-30 09:00:00,89.81417,13.345856
2024-04-30 10:00:00,74.80431,14.615157
2024-04-30 11:00:00,68.55912,14.371701
2024-04-30 12:00:00,59.510548,18.709042
2024-04-30 13:00:00,51.455757,16.341314
2024-04-30 14:00:00,48.50876,15.782505
2024-04-30 15:00:00,52.136208,17.080063
2024-04-30 16:00:00,60.05528,14.771122
2024-04-30 17:00:00,72.75939,12.965859
2024-04-30 18:00:00,98.398895,20.091728
2024-04-30 19:00:00,122.00807,26.985746
2024-04-30 20:00:00,118.76396,19.073112
2024-04-30 21:00:00,107.95786,12.632708
2024-04-30 22:00:00,101.738045,12.91131
2024-04-30 23:00:00,87.04593,12.327554
2024-05-01 00:00:00,70.6825,11.614956
2024-05-01 01:00:00,57.804142,11.539261
2024-05-01 02:00:00,53.998302,12.795627
2024-05-01 03:00:00,53.98899,12.109633
2024-05-01 04:00:00,44.296997,14.452572
2024-05-01 05:00:00,50.442577,14.145675
2024-05-01 06:00:00,58.561005,16.815573
2024-05-01 07:00:00,60.661064,16.584433
2024-05-01 08:00:00,62.76331,17.274563
2024-05-01 09:00:00,44.1494,20.763065
2024-05-01 10:00:00,25.391388,21.509527
2024-05-01 11:00:00,14.40802,25.886421
2024-05-01 12:00:00,4.438698,36.625214
2024-05-01 13:00:00,-8.642838,36.664604
2024-05-01 14:00:00,-9.836166,38.951
2024-05-01 15:00:00,1.9135895,37.87697
2024-05-01 16:00:00,10.366463,28.11993
2024-05-01 17:00:00,32.860115,24.094698
2024-05-01 18:00:00,62.38704,19.402962
2024-05-01 19:00:00,85.05307,18.31154
2024-05-01 20:00:00,92.93563,17.03633
2024-05-01 21:00:00,89.065445,16.55101
2024-05-01 22:00:00,84.84838,15.118912
2024-05-01 23:00:00,72.41571,16.966366
2024-05-02 00:00:00,50.519424,19.007145
2024-05-02 01:00:00,38.380463,16.114328
2024-05-02 02:00:00,38.292953,17.696209
2024-05-02 03:00:00,38.175995,15.838609
2024-05-02 04:00:00,33.26522,15.735078
2024-05-02 05:00:00,50.22065,16.3773
2024-05-02 06:00:00,75.51286,20.255308
2024-05-02 07:00:00,91.95554,20.48707
2024-05-02 08:00:00,92.0491,22.43709
2024-05-02 09:00:00,69.53165,23.85203
2024-05-02 10:00:00,49.00724,23.626896
2024-05-02 11:00:00,32.01455,25.843718
2024-05-02 12:00:00,24.189034,30.735123
2024-05-02 13:00:00,15.119431,26.421503
2024-05-02 14:00:00,13.677353,32.49859
2024-05-02 15:00:00,22.055283,29.797562
2024-05-02 16:00:00,32.52459,26.069191
2024-05-02 17:00:00,50.283646,23.82237
2024-05-02 18:00:00,80.57637,28.913334
2024-05-02 19:00:00,97.82436,33.685757
2024-05-02 20:00:00,95.48247,32.7681
2024-05-02 21:00:00,83.32488,24.964828
2024-05-02 22:00:00,70.984,24.373133
2024-05-02 23:00:00,54.18224,24.676266
2024-05-03 00:00:00,41.8124,14.966083
2024-05-03 01:00:00,23.924622,14.352701
2024-05-03 02:00:00,17.040283,15.054362
2024-05-03 03:00:00,17.692635,14.548121
2024-05-03 04:00:00,17.607086,15.2853155
2024-05-03 05:00:00,17.345024,17.252262
2024-05-03 06:00:00,32.04212,17.248314
2024-05-03 07:00:00,43.441265,16.636759
2024-05-03 08:00:00,43.976433,19.540882
2024-05-03 09:00:00,37.898132,21.546776
2024-05-03 10:00:00,22.216492,25.851334
2024-05-03 11:00:00,13.409485,23.451979
2024-05-03 12:00:00,10.615974,34.84091
2024-05-03 13:00:00,-0.8917389,26.722385
2024-05-03 14:00:00,-10.47448,32.42002
2024-05-03 15:00:00,-5.1199493,28.141962
2024-05-03 16:00:00,-2.0858688,28.36709
2024-05-03 17:00:00,18.5075,21.243093
2024-05-03 18:00:00,51.15999,21.30147
2024-05-03 19:00:00,72.593185,21.614988
2024-05-03 20:00:00,81.28958,21.603086
2024-05-03 21:00:00,78.667755,19.499958
2024-05-03 22:00:00,68.63728,17.505102
2024-05-03 23:00:00,64.698685,20.04114
2024-05-04 00:00:00,64.57912,15.641644
2024-05-04 01:00:00,50.09267,13.097928
2024-05-04 02:00:00,45.390484,14.321963
2024-05-04 03:00:00,44.313572,14.461434
2024-05-04 04:00:00,41.47608,15.419452
2024-05-04 05:00:00,40.71112,16.534206
2024-05-04 06:00:00,46.995506,18.482098
2024-05-04 07:00:00,50.89525,19.455032
2024-05-04 08:00:00,52.73775,19.888239
2024-05-04 09:00:00,44.02426,22.125978
2024-05-04 10:00:00,30.902626,23.63446
2024-05-04 11:00:00,24.247513,21.838188
2024-05-04 12:00:00,20.44767,26.010887
2024-05-04 13:00:00,9.419212,26.51729
2024-05-04 14:00:00,1.4112625,28.330534
2024-05-04 15:00:00,7.0792465,27.364426
2024-05-04 16:00:00,16.357895,23.821072
2024-05-04 17:00:00,35.0334,22.622166
2024-05-04 18:00:00,53.788315,23.007921
2024-05-04 19:00:00,73.75336,23.835619
2024-05-04 20:00:00,75.450806,20.277628
2024-05-04 21:00:00,71.50893,18.201803
2024-05-04 22:00:00,67.794334,18.664886
2024-05-04 23:00:00,58.143566,19.958374
2024-05-05 00:00:00,73.37187,13.128727
2024-05-05 01:00:00,60.60424,11.760813
2024-05-05 02:00:00,54.42793,11.346381
2024-05-05 03:00:00,50.469868,12.649036
2024-05-05 04:00:00,45.272366,13.95226
2024-05-05 05:00:00,43.919933,15.047645
2024-05-05 06:00:00,43.668583,16.550924
2024-05-05 07:00:00,44.26339,18.557571
2024-05-05 08:00:00,45.828033,17.702429
2024-05-05 09:00:00,36.5383,20.833897
2024-05-05 10:00:00,26.92797,21.28662
2024-05-05 11:00:00,20.30877,22.008022
2024-05-05 12:00:00,17.508713,24.413876
2024-05-05 13:00:00,3.6584244,27.757198
2024-05-05 14:00:00,-3.9052887,28.02833
2024-05-05 15:00:00,5.4358444,28.421108
2024-05-05 16:00:00,16.459152,23.86676
2024-05-05 17:00:00,40.45094,22.174013
2024-05-05 18:00:00,63.04364,20.660498
2024-05-05 19:00:00,84.5674,17.947008
2024-05-05 20:00:00,90.40857,16.198162
2024-05-05 21:00:00,85.816635,15.765174
2024-05-05 22:00:00,81.638725,14.220602
2024-05-05 23:00:00,72.31538,14.5486555
2024-05-06 00:00:00,73.08047,15.252613
2024-05-06 01:00:00,65.12598,12.481718
2024-05-06 02:00:00,60.89419,13.562551
2024-05-06 03:00:00,58.09973,12.011602
2024-05-06 04:00:00,60.006824,11.374032
2024-05-06 05:00:00,66.1871,13.657223
2024-05-06 06:00:00,89.22076,15.051983
2024-05-06 07:00:00,105.9422,17.93873
2024-05-06 08:00:00,111.299965,19.18133
2024-05-06 09:00:00,96.27259,18.688463
2024-05-06 10:00:00,82.68793,17.634144
2024-05-06 11:00:00,75.059875,17.366373
2024-05-06 12:00:00,72.7376,19.831348
2024-05-06 13:00:00,67.76163,15.222629
2024-05-06 14:00:00,64.07047,17.557856
2024-05-06 15:00:00,62.484726,16.09895
2024-05-06 16:00:00,69.977036,16.46142
2024-05-06 17:00:00,81.254,16.228077
2024-05-06 18:00:00,100.06129,24.026545
2024-05-06 19:00:00,124.4985,32.119774
2024-05-06 20:00:00,118.389015,25.235348
2024-05-06 21:00:00,109.00506,16.004827
2024-05-06 22:00:00,99.187904,15.780928
2024-05-06 23:00:00,81.594025,14.226922
2024-05-07 00:00:00,79.867,13.66848
2024-05-07 01:00:00,71.44719,11.236714
2024-05-07 02:00:00,69.49056,11.223006
2024-05-07 03:00:00,65.01626,9.829541
2024-05-07 04:00:00,65.19539,9.950403
2024-05-07 05:00:00,71.84851,11.756139
2024-05-07 06:00:00,93.63735,13.7291
2024-05-07 07:00:00,106.63611,16.51116
2024-05-07 08:00:00,111.16835,16.837805
2024-05-07 09:00:00,91.95584,16.559303
2024-05-07 10:00:00,77.917465,16.795448
2024-05-07 11:00:00,69.108765,15.4126625
2024-05-07 12:00:00,64.57477,18.912418
2024-05-07 13:00:00,62.298435,15.506117
2024-05-07 14:00:00,53.862022,16.7364
2024-05-07 15:00:00,54.159832,19.879929
2024-05-07 16:00:00,59.670265,17.298172
2024-05-07 17:00:00,70.057724,15.99291
2024-05-07 18:00:00,88.85868,20.118723
2024-05-07 19:00:00,112.15752,25.914808
2024-05-07 20:00:00,107.09555,22.014013
2024-05-07 21:00:00,101.734795,15.339304
2024-05-07 22:00:00,90.635735,15.290301
2024-05-07 23:00:00,77.82749,13.84028
2024-05-08 00:00:00,72.458725,15.98138
2024-05-08 01:00:00,65.77446,12.845934
2024-05-08 02:00:00,60.04403,15.300454
2024-05-08 03:00:00,58.558563,14.132471
2024-05-08 04:00:00,54.864243,12.719251
2024-05-08 05:00:00,61.172207,13.117454
2024-05-08 06:00:00,79.198654,17.878912
2024-05-08 07:00:00,90.04001,18.733612
2024-05-08 08:00:00,99.235245,19.887138
2024-05-08 09:00:00,82.153336,18.66232
2024-05-08 10:00:00,69.145065,20.39125
2024-05-08 11:00:00,64.071686,19.781282
2024-05-08 12:00:00,59.93612,19.035622
2024-05-08 13:00:00,53.586384,18.14441
2024-05-08 14:00:00,47.69369,22.076143
2024-05-08 15:00:00,55.12414,19.849741
2024-05-08 16:00:00,59.189915,18.998941
2024-05-08 17:00:00,73.32861,17.810484
2024-05-08 18:00:00,94.267235,21.827711
2024-05-08 19:00:00,109.60297,23.40452
2024-05-08 20:00:00,107.09962,22.553534
2024-05-08 21:00:00,104.52588,17.436066
2024-05-08 22:00:00,92.2226,16.66657
2024-05-08 23:00:00,77.95613,16.119965
2024-05-09 00:00:00,76.1487,10.590987
2024-05-09 01:00:00,66.51321,11.348775
2024-05-09 02:00:00,63.279884,11.171759
2024-05-09 03:00:00,57.888615,11.529035
2024-05-09 04:00:00,55.157486,12.741714
2024-05-09 05:00:00,57.797443,12.496315
2024-05-09 06:00:00,68.188545,17.445484
2024-05-09 07:00:00,67.90044,14.56274
2024-05-09 08:00:00,71.02461,18.308641
2024-05-09 09:00:00,56.49665,18.548506
2024-05-09 10:00:00,39.694443,18.883318
2024-05-09 11:00:00,31.036682,24.062048
2024-05-09 12:00:00,19.569038,28.493185
2024-05-09 13:00:00,12.215546,32.41149
2024-05-09 14:00:00,14.479469,32.548862
2024-05-09 15:00:00,20.401695,36.343147
2024-05-09 16:00:00,27.11869,28.847778
2024-05-09 17:00:00,46.03577,22.755056
2024-05-09 18:00:00,67.04329,17.499552
2024-05-09 19:00:00,84.565025,14.836956
2024-05-09 20:00:00,92.854576,15.278019
2024-05-09 21:00:00,88.37867,14.741692
2024-05-09 22:00:00,86.10577,13.426576
2024-05-09 23:00:00,74.58899,14.836881
2024-05-10 00:00:00,75.76422,11.320795
2024-05-10 01:00:00,62.31731,10.668153
2024-05-10 02:00:00,58.377563,10.53529
2024-05-10 03:00:00,58.202477,10.632859
2024-05-10 04:00:00,54.671116,10.557575
2024-05-10 05:00:00,59.274292,11.133412
2024-05-10 06:00:00,70.69328,13.243378
2024-05-10 07:00:00,72.78055,14.341703
2024-05-10 08:00:00,74.44408,16.40838
2024-05-10 09:00:00,58.621033,17.316866
2024-05-10 10:00:00,41.11716,17.01217
2024-05-10 11:00:00,32.342125,21.853708
2024-05-10 12:00:00,21.33744,28.739225
2024-05-10 13:00:00,13.839775,27.605337
2024-05-10 14:00:00,16.142822,32.536537
2024-05-10 15:00:00,22.31633,29.889467
2024-05-10 16:00:00,32.393875,24.33897
2024-05-10 17:00:00,49.623386,19.60919
2024-05-10 18:00:00,74.88432,17.854965
2024-05-10 19:00:00,93.07684,17.50294
2024-05-10 20:00:00,97.78191,17.883947
2024-05-10 21:00:00,97.42909,16.300951
2024-05-10 22:00:00,89.55601,12.7078495
2024-05-10 23:00:00,77.398315,13.903708
2024-05-11 00:00:00,60.828354,11.305615
2024-05-11 01:00:00,48.659626,12.810654
2024-05-11 02:00:00,41.480743,14.082674
2024-05-11 03:00:00,38.76577,12.95122
2024-05-11 04:00:00,40.826397,14.343511
2024-05-11 05:00:00,39.194214,16.398157
2024-05-11 06:00:00,49.76955,18.70151
2024-05-11 07:00:00,44.780533,19.480337
2024-05-11 08:00:00,44.64133,25.530222
2024-05-11 09:00:00,31.844032,18.360613
2024-05-11 10:00:00,19.88459,22.602055
2024-05-11 11:00:00,4.457863,25.215935
2024-05-11 12:00:00,2.3477325,39.073734
2024-05-11 13:00:00,-13.217064,35.719902
2024-05-11 14:00:00,-11.627632,36.839333
2024-05-11 15:00:00,-5.026329,35.489555
2024-05-11 16:00:00,5.1474457,27.973162
2024-05-11 17:00:00,23.77185,23.327923
2024-05-11 18:00:00,50.42449,21.332155
2024-05-11 19:00:00,67.1673,21.898708
2024-05-11 20:00:00,71.609436,17.53965
2024-05-11 21:00:00,68.968346,17.47898
2024-05-11 22:00:00,65.27742,16.84681
2024-05-11 23:00:00,55.847656,22.485767
2024-05-12 00:00:00,35.324463,18.39202
2024-05-12 01:00:00,23.269882,15.75463
2024-05-12 02:00:00,12.983398,17.619198
2024-05-12 03:00:00,9.639122,19.512728
2024-05-12 04:00:00,8.004288,18.180525
2024-05-12 05:00:00,5.5974426,22.08878
2024-05-12 06:00:00,2.529419,21.003412
2024-05-12 07:00:00,2.2369308,22.714958
2024-05-12 08:00:00,2.5800781,24.60508
2024-05-12 09:00:00,-8.422249,27.08169
2024-05-12 10:00:00,-19.949615,28.944248
2024-05-12 11:00:00,-30.55008,37.929615
2024-05-12 12:00:00,-26.774338,53.522743
2024-05-12 13:00:00,-39.306213,50.40023
2024-05-12 14:00:00,-45.165405,60.040386
2024-05-12 15:00:00,-33.63513,45.263195
2024-05-12 16:00:00,-23.493073,38.91906
2024-05-12 17:00:00,3.4082718,29.350618
2024-05-12 18:00:00,40.313263,25.02137
2024-05-12 19:00:00,66.31397,19.246933
2024-05-12 20:00:00,76.782196,18.422401
2024-05-12 21:00:00,77.29397,17.588083
2024-05-12 22:00:00,73.71025,16.394009
2024-05-12 23:00:00,61.82993,18.73477
2024-05-13 00:00:00,54.483833,17.233086
2024-05-13 01:00:00,43.494225,17.354816
2024-05-13 02:00:00,37.852608,16.75733
2024-05-13 03:00:00,37.72296,16.78253
2024-05-13 04:00:00,38.9794,16.25392
2024-05-13 05:00:00,52.1392,16.575624
2024-05-13 06:00:00,77.87865,19.286919
2024-05-13 07:00:00,97.72088,20.387844
2024-05-13 08:00:00,97.99694,25.715305
2024-05-13 09:00:00,75.39372,23.790358
2024-05-13 10:00:00,58.251495,25.578152
2024-05-13 11:00:00,46.36627,26.999592
2024-05-13 12:00:00,39.22986,33.288227
2024-05-13 13:00:00,29.72461,28.126492
2024-05-13 14:00:00,27.803368,31.075771
2024-05-13 15:00:00,34.517876,28.65849
2024-05-13 16:00:00,41.93419,26.226782
2024-05-13 17:00:00,56.931934,23.68384
2024-05-13 18:00:00,91.53148,31.528885
2024-05-13 19:00:00,114.63193,38.875923
2024-05-13 20:00:00,111.88928,35.94845
2024-05-13 21:00:00,99.716835,24.129019
2024-05-13 22:00:00,93.50958,21.582163
2024-05-13 23:00:00,73.84014,21.649225
2024-05-14 00:00:00,44.653828,15.900047
2024-05-14 01:00:00,21.159386,13.187872
2024-05-14 02:00:00,14.090645,16.387041
2024-05-14 03:00:00,11.93866,15.445876
2024-05-14 04:00:00,6.996147,16.349089
2024-05-14 05:00:00,21.86747,16.150219
2024-05-14 06:00:00,32.762833,15.9380865
2024-05-14 07:00:00,46.39271,18.623209
2024-05-14 08:00:00,50.115654,18.990244
2024-05-14 09:00:00,38.875473,23.322674
2024-05-14 10:00:00,8.597626,29.67085
2024-05-14 11:00:00,-3.5945892,28.789637
2024-05-14 12:00:00,-6.1931763,39.875683
2024-05-14 13:00:00,-17.173523,28.930845
2024-05-14 14:00:00,-21.75808,40.88572
2024-05-14 15:00:00,-12.857567,34.209793
2024-05-14 16:00:00,-8.492424,34.02219
2024-05-14 17:00:00,19.646698,22.72407
2024-05-14 18:00:00,63.194458,24.374678
2024-05-14 19:00:00,96.49343,20.209887
2024-05-14 20:00:00,102.66612,22.64459
2024-05-14 21:00:00,109.76552,19.081038
2024-05-14 22:00:00,88.114746,14.361312
2024-05-14 23:00:00,81.81557,18.353765
2024-05-15 00:00:00,58.212456,15.4728985
2024-05-15 01:00:00,52.132004,13.298896
2024-05-15 02:00:00,42.175014,14.863863
2024-05-15 03:00:00,40.798374,13.243064
2024-05-15 04:00:00,40.86686,12.609694
2024-05-15 05:00:00,51.127472,15.455328
2024-05-15 06:00:00,76.983696,16.491684
2024-05-15 07:00:00,96.51004,19.335274
2024-05-15 08:00:00,106.39283,21.858953
2024-05-15 09:00:00,89.14922,21.069242
2024-05-15 10:00:00,75.84193,19.778753
2024-05-15 11:00:00,71.54737,18.92814
2024-05-15 12:00:00,66.35002,22.856604
2024-05-15 13:00:00,59.194324,18.287626
2024-05-15 14:00:00,52.900784,19.34694
2024-05-15 15:00:00,53.605427,17.635906
2024-05-15 16:00:00,60.037697,17.238033
2024-05-15 17:00:00,67.17013,18.131332
2024-05-15 18:00:00,94.67608,24.46398
2024-05-15 19:00:00,122.755,36.491455
2024-05-15 20:00:00,119.396324,27.747314
2024-05-15 21:00:00,111.24114,18.566683
2024-05-15 22:00:00,100.322754,17.444809
2024-05-15 23:00:00,81.44676,15.7051325
2024-05-16 00:00:00,65.57942,13.7963505
2024-05-16 01:00:00,52.28221,12.072848
2024-05-16 02:00:00,44.38934,13.315072
2024-05-16 03:00:00,44.668262,11.869745
2024-05-16 04:00:00,43.470985,10.897127
2024-05-16 05:00:00,51.43196,14.350954
2024-05-16 06:00:00,70.92933,15.710023
2024-05-16 07:00:00,82.45352,17.467321
2024-05-16 08:00:00,90.817924,19.19664
2024-05-16 09:00:00,75.146416,19.69365
2024-05-16 10:00:00,58.30042,18.99702
2024-05-16 11:00:00,55.878036,16.991106
2024-05-16 12:00:00,46.96177,23.32749
2024-05-16 13:00:00,42.90378,17.898386
2024-05-16 14:00:00,31.364502,20.97894
2024-05-16 15:00:00,35.753227,20.99258
2024-05-16 16:00:00,41.020527,18.860104
2024-05-16 17:00:00,49.021595,17.165318
2024-05-16 18:00:00,71.68887,21.896688
2024-05-16 19:00:00,98.589935,28.584898
2024-05-16 20:00:00,97.69628,25.25853
2024-05-16 21:00:00,96.693,17.58154
2024-05-16 22:00:00,85.461685,16.738573
2024-05-16 23:00:00,70.110054,16.160362
2024-05-17 00:00:00,74.97753,13.30211
2024-05-17 01:00:00,57.532673,10.606148
2024-05-17 02:00:00,52.21547,11.750018
2024-05-17 03:00:00,50.53373,10.915418
2024-05-17 04:00:00,49.57521,10.603009
2024-05-17 05:00:00,57.717766,11.929355
2024-05-17 06:00:00,78.844986,14.861315
2024-05-17 07:00:00,86.906815,16.355288
2024-05-17 08:00:00,94.3596,17.386393
2024-05-17 09:00:00,74.461266,17.216383
2024-05-17 10:00:00,53.517685,17.66616
2024-05-17 11:00:00,45.924046,15.973281
2024-05-17 12:00:00,37.372047,21.406342
2024-05-17 13:00:00,32.22194,16.979822
2024-05-17 14:00:00,20.745178,20.809057
2024-05-17 15:00:00,26.114693,22.29481
2024-05-17 16:00:00,29.784424,18.399004
2024-05-17 17:00:00,43.167564,17.682667
2024-05-17 18:00:00,66.58919,21.244993
2024-05-17 19:00:00,88.9753,25.333277
2024-05-17 20:00:00,84.85455,24.204428
2024-05-17 21:00:00,83.367,16.275028
2024-05-17 22:00:00,73.47757,16.707193
2024-05-17 23:00:00,58.74676,16.152292
2024-05-18 00:00:00,72.91032,13.946208
2024-05-18 01:00:00,61.85373,12.794215
2024-05-18 02:00:00,54.64259,13.402112
2024-05-18 03:00:00,49.65919,13.445289
2024-05-18 04:00:00,48.704514,14.408508
2024-05-18 05:00:00,48.3457,16.073048
2024-05-18 06:00:00,55.34073,17.916775
2024-05-18 07:00:00,58.39421,18.651087
2024-05-18 08:00:00,60.75694,18.607584
2024-05-18 09:00:00,45.701454,22.05857
2024-05-18 10:00:00,34.00255,22.361223
2024-05-18 11:00:00,24.832413,23.169706
2024-05-18 12:00:00,16.657616,25.577675
2024-05-18 13:00:00,7.001419,27.977615
2024-05-18 14:00:00,-0.36032104,26.915312
2024-05-18 15:00:00,6.781311,28.845251
2024-05-18 16:00:00,19.793861,25.340197
2024-05-18 17:00:00,42.81299,22.854465
2024-05-18 18:00:00,66.25032,21.761063
2024-05-18 19:00:00,94.11141,22.277191
2024-05-18 20:00:00,98.57547,21.693256
2024-05-18 21:00:00,92.70869,18.217701
2024-05-18 22:00:00,87.088036,17.260942
2024-05-18 23:00:00,74.88225,16.104336
2024-05-19 00:00:00,66.5208,14.5215
2024-05-19 01:00:00,50.780037,13.607452
2024-05-19 02:00:00,43.864975,14.8150015
2024-05-19 03:00:00,38.435448,15.312581
2024-05-19 04:00:00,35.839615,16.48097
2024-05-19 05:00:00,30.261986,17.353525
2024-05-19 06:00:00,33.429504,21.797194
2024-05-19 07:00:00,30.07782,20.941046
2024-05-19 08:00:00,29.766273,21.53695
2024-05-19 09:00:00,14.996246,24.28841
2024-05-19 10:00:00,-3.8675537,26.55173
2024-05-19 11:00:00,-18.446098,29.169327
2024-05-19 12:00:00,-24.013458,38.21661
2024-05-19 13:00:00,-43.64714,43.56126
2024-05-19 14:00:00,-47.22513,46.509586
2024-05-19 15:00:00,-34.375565,47.883255
2024-05-19 16:00:00,-20.079468,36.495388
2024-05-19 17:00:00,7.863434,29.369888
2024-05-19 18:00:00,41.017864,24.05574
2024-05-19 19:00:00,70.3776,19.03392
2024-05-19 20:00:00,80.266426,18.980652
2024-05-19 21:00:00,79.351,17.571236
2024-05-19 22:00:00,73.30137,17.350185
2024-05-19 23:00:00,62.413883,19.664316
2024-05-20 00:00:00,47.57634,16.976078
2024-05-20 01:00:00,37.631294,16.903402
2024-05-20 02:00:00,32.821075,17.51061
2024-05-20 03:00:00,28.913109,16.468842
2024-05-20 04:00:00,25.926231,18.929417
2024-05-20 05:00:00,28.87709,19.386923
2024-05-20 06:00:00,37.117462,22.403538
2024-05-20 07:00:00,39.212997,21.45771
2024-05-20 08:00:00,40.83097,23.474226
2024-05-20 09:00:00,21.161491,27.554363
2024-05-20 10:00:00,-0.4637375,30.50325
2024-05-20 11:00:00,-11.756493,37.407978
2024-05-20 12:00:00,-15.6297,51.08266
2024-05-20 13:00:00,-28.95166,49.714863
2024-05-20 14:00:00,-30.387177,58.047897
2024-05-20 15:00:00,-19.628471,49.903645
2024-05-20 16:00:00,-10.860809,40.57245
2024-05-20 17:00:00,13.299362,31.270042
2024-05-20 18:00:00,46.475697,27.232641
2024-05-20 19:00:00,74.12311,22.335722
2024-05-20 20:00:00,83.15793,21.001892
2024-05-20 21:00:00,80.31271,20.13625
2024-05-20 22:00:00,74.60286,18.635109
2024-05-20 23:00:00,61.07841,21.58067
2024-05-21 00:00:00,62.44762,12.552048
2024-05-21 01:00:00,53.08537,10.9815445
2024-05-21 02:00:00,49.88681,11.059319
2024-05-21 03:00:00,51.050293,10.049272
2024-05-21 04:00:00,49.89141,9.954231
2024-05-21 05:00:00,56.168266,11.776696
2024-05-21 06:00:00,72.24776,13.533031
2024-05-21 07:00:00,82.35162,15.172339
2024-05-21 08:00:00,86.04169,16.81108
2024-05-21 09:00:00,66.40735,16.281572
2024-05-21 10:00:00,54.51479,17.41034
2024-05-21 11:00:00,47.55603,16.974985
2024-05-21 12:00:00,43.85029,21.028824
2024-05-21 13:00:00,37.600227,17.38229
2024-05-21 14:00:00,32.40468,20.088467
2024-05-21 15:00:00,36.89382,18.515314
2024-05-21 16:00:00,42.66682,15.816743
2024-05-21 17:00:00,55.550236,15.741138
2024-05-21 18:00:00,78.13542,21.663748
2024-05-21 19:00:00,100.71581,27.097813
2024-05-21 20:00:00,95.16641,23.970018
2024-05-21 21:00:00,92.20911,15.067263
2024-05-21 22:00:00,81.679535,15.723221
2024-05-21 23:00:00,67.8198,13.981728
2024-05-22 00:00:00,49.851093,16.170639
2024-05-22 01:00:00,30.313705,17.414288
2024-05-22 02:00:00,22.804161,21.17636
2024-05-22 03:00:00,11.276581,19.343533
2024-05-22 04:00:00,7.788742,22.598866
2024-05-22 05:00:00,10.974396,23.229488
2024-05-22 06:00:00,26.497345,25.448742
2024-05-22 07:00:00,29.898682,24.34482
2024-05-22 08:00:00,38.867943,23.460533
2024-05-22 09:00:00,30.017334,26.88889
2024-05-22 10:00:00,0.78482056,35.807022
2024-05-22 11:00:00,-11.323441,38.885033
2024-05-22 12:00:00,-19.38173,71.58554
2024-05-22 13:00:00,-28.542465,53.631847
2024-05-22 14:00:00,-31.191864,75.94842
2024-05-22 15:00:00,-21.77893,70.00579
2024-05-22 16:00:00,-25.119125,52.349926
2024-05-22 17:00:00,-3.4359818,39.19604
2024-05-22 18:00:00,32.784218,27.891838
2024-05-22 19:00:00,57.781094,19.741238
2024-05-22 20:00:00,70.201706,16.898891
2024-05-22 21:00:00,69.370865,18.460287
2024-05-22 22:00:00,62.155666,20.238075
2024-05-22 23:00:00,54.98852,25.180155
2024-05-23 00:00:00,52.726055,13.443992
2024-05-23 01:00:00,41.407352,13.503875
2024-05-23 02:00:00,37.65744,14.090545
2024-05-23 03:00:00,33.964287,14.143874
2024-05-23 04:00:00,31.884254,14.386693
2024-05-23 05:00:00,40.94958,13.977944
2024-05-23 06:00:00,61.093903,15.8591585
2024-05-23 07:00:00,71.8408,15.544785
2024-05-23 08:00:00,73.77105,17.255205
2024-05-23 09:00:00,55.119125,19.91478
2024-05-23 10:00:00,36.19097,22.07898
2024-05-23 11:00:00,26.162552,23.982618
2024-05-23 12:00:00,15.90625,27.769276
2024-05-23 13:00:00,10.256157,26.755634
2024-05-23 14:00:00,11.656937,29.686256
2024-05-23 15:00:00,17.705406,27.211647
2024-05-23 16:00:00,24.090584,26.772913
2024-05-23 17:00:00,42.20034,18.967299
2024-05-23 18:00:00,69.356514,18.604774
2024-05-23 19:00:00,92.87133,20.13393
2024-05-23 20:00:00,97.3825,20.302555
2024-05-23 21:00:00,94.917336,18.696064
2024-05-23 22:00:00,81.6803,14.05238
2024-05-23 23:00:00,73.78694,15.624931
2024-05-24 00:00:00,79.98378,8.535331
2024-05-24 01:00:00,71.80025,7.2640414
2024-05-24 02:00:00,66.344055,7.523222
2024-05-24 03:00:00,63.65645,7.1130133
2024-05-24 04:00:00,63.805786,6.6499515
2024-05-24 05:00:00,66.39437,8.350551
2024-05-24 06:00:00,87.57568,9.423831
2024-05-24 07:00:00,95.60901,10.866697
2024-05-24 08:00:00,101.24066,12.750459
2024-05-24 09:00:00,90.4378,11.817805
2024-05-24 10:00:00,77.08393,12.053493
2024-05-24 11:00:00,69.50395,11.263125
2024-05-24 12:00:00,64.391556,13.732729
2024-05-24 13:00:00,60.6663,11.574604
2024-05-24 14:00:00,53.818478,12.245674
2024-05-24 15:00:00,52.58157,13.361445
2024-05-24 16:00:00,56.358433,11.672569
2024-05-24 17:00:00,68.652176,11.700659
2024-05-24 18:00:00,85.5618,14.1370125
2024-05-24 19:00:00,106.73942,18.72129
2024-05-24 20:00:00,103.51198,16.088974
2024-05-24 21:00:00,98.694725,10.715721
2024-05-24 22:00:00,92.49283,10.3530445
2024-05-24 23:00:00,78.25424,9.15059
2024-05-25 00:00:00,86.289856,10.172926
2024-05-25 01:00:00,74.08128,8.589057
2024-05-25 02:00:00,68.56724,9.303014
2024-05-25 03:00:00,62.709694,10.098153
2024-05-25 04:00:00,61.006863,10.905771
2024-05-25 05:00:00,58.538612,11.413131
2024-05-25 06:00:00,66.58555,13.414178
2024-05-25 07:00:00,68.93021,13.49208
2024-05-25 08:00:00,70.65289,13.428665
2024-05-25 09:00:00,60.949757,16.03855
2024-05-25 10:00:00,48.699306,16.779835
2024-05-25 11:00:00,41.36659,17.400085
2024-05-25 12:00:00,36.43302,20.119976
2024-05-25 13:00:00,28.331726,21.861263
2024-05-25 14:00:00,22.585678,22.08051
2024-05-25 15:00:00,25.828781,23.297537
2024-05-25 16:00:00,32.238815,20.552511
2024-05-25 17:00:00,52.828663,18.122309
2024-05-25 18:00:00,73.15559,15.608361
2024-05-25 19:00:00,95.2814,15.32513
2024-05-25 20:00:00,101.1695,13.662351
2024-05-25 21:00:00,98.09137,13.645891
2024-05-25 22:00:00,92.37278,13.063655
2024-05-25 23:00:00,84.90107,12.98984
2024-05-26 00:00:00,81.427185,12.278569
2024-05-26 01:00:00,68.344986,11.740583
2024-05-26 02:00:00,63.671593,13.084496
2024-05-26 03:00:00,56.691963,14.119667
2024-05-26 04:00:00,54.32103,13.821355
2024-05-26 05:00:00,51.515575,14.497562
2024-05-26 06:00:00,53.3232,18.352962
2024-05-26 07:00:00,50.833508,17.859144
2024-05-26 08:00:00,51.880566,17.15314
2024-05-26 09:00:00,39.100555,21.30463
2024-05-26 10:00:00,24.931885,23.362753
2024-05-26 11:00:00,16.142548,27.172003
2024-05-26 12:00:00,8.899223,33.468903
2024-05-26 13:00:00,-2.040039,38.02692
2024-05-26 14:00:00,-4.229538,40.563995
2024-05-26 15:00:00,5.181198,42.162617
2024-05-26 16:00:00,11.416191,32.974525
2024-05-26 17:00:00,34.877586,26.253395
2024-05-26 18:00:00,59.20248,19.88359
2024-05-26 19:00:00,83.566055,15.775527
2024-05-26 20:00:00,95.17391,15.837872
2024-05-26 21:00:00,98.18293,15.167051
2024-05-26 22:00:00,92.608894,14.226174
2024-05-26 23:00:00,82.96945,15.121029
2024-05-27 00:00:00,75.2773,13.488347
2024-05-27 01:00:00,66.94035,11.185056
2024-05-27 02:00:00,64.876785,10.997347
2024-05-27 03:00:00,64.07739,11.1323185
2024-05-27 04:00:00,67.06081,10.307993
2024-05-27 05:00:00,72.18414,12.017393
2024-05-27 06:00:00,87.41551,14.459082
2024-05-27 07:00:00,98.74354,16.639849
2024-05-27 08:00:00,101.57315,17.185627
2024-05-27 09:00:00,81.350494,18.160316
2024-05-27 10:00:00,71.68492,16.752132
2024-05-27 11:00:00,60.476135,19.82395
2024-05-27 12:00:00,56.80261,22.790323
2024-05-27 13:00:00,52.220207,19.447891
2024-05-27 14:00:00,46.83048,22.399649
2024-05-27 15:00:00,54.541653,19.495064
2024-05-27 16:00:00,63.1169,18.032352
2024-05-27 17:00:00,75.44062,16.781506
2024-05-27 18:00:00,98.89737,20.905893
2024-05-27 19:00:00,121.390915,26.607841
2024-05-27 20:00:00,119.365166,26.568275
2024-05-27 21:00:00,116.83519,17.16783
2024-05-27 22:00:00,106.77764,15.298666
2024-05-27 23:00:00,91.67589,13.517895
2024-05-28 00:00:00,86.80493,11.566095
2024-05-28 01:00:00,77.77824,11.11092
2024-05-28 02:00:00,74.19307,11.1447935
2024-05-28 03:00:00,69.99882,9.458947
2024-05-28 04:00:00,66.19532,9.761712
2024-05-28 05:00:00,74.245056,11.220703
2024-05-28 06:00:00,93.271126,13.617772
2024-05-28 07:00:00,101.24524,15.364746
2024-05-28 08:00:00,105.15077,18.332
2024-05-28 09:00:00,92.02549,15.29448
2024-05-28 10:00:00,76.209076,20.048552
2024-05-28 11:00:00,71.275635,14.391187
2024-05-28 12:00:00,63.907894,21.75162
2024-05-28 13:00:00,58.297577,18.291056
2024-05-28 14:00:00,54.371426,20.765823
2024-05-28 15:00:00,53.92334,22.445982
2024-05-28 16:00:00,54.041454,19.664026
2024-05-28 17:00:00,65.54649,19.18966
2024-05-28 18:00:00,82.67572,20.19359
2024-05-28 19:00:00,93.24002,22.792257
2024-05-28 20:00:00,87.48213,20.843412
2024-05-28 21:00:00,88.1401,15.138123
2024-05-28 22:00:00,79.73656,15.633742
2024-05-28 23:00:00,69.93425,17.22451
2024-05-29 00:00:00,64.40369,16.339748
2024-05-29 01:00:00,50.934612,15.591825
2024-05-29 02:00:00,46.754395,16.46
2024-05-29 03:00:00,42.77039,18.768265
2024-05-29 04:00:00,39.839577,16.996775
2024-05-29 05:00:00,47.48852,17.542696
2024-05-29 06:00:00,58.26463,17.797491
2024-05-29 07:00:00,74.848915,17.369621
2024-05-29 08:00:00,80.31414,17.272943
2024-05-29 09:00:00,69.36951,23.246605
2024-05-29 10:00:00,50.392147,24.635252
2024-05-29 11:00:00,45.976837,26.993067
2024-05-29 12:00:00,39.942154,29.729645
2024-05-29 13:00:00,33.8155,25.376621
2024-05-29 14:00:00,34.122902,33.280766
2024-05-29 15:00:00,37.10605,22.383223
2024-05-29 16:00:00,44.409695,26.154854
2024-05-29 17:00:00,64.64794,20.62708
2024-05-29 18:00:00,90.409615,19.795004
2024-05-29 19:00:00,108.988754,22.262798
2024-05-29 20:00:00,112.600876,20.993109
2024-05-29 21:00:00,111.07444,20.087078
2024-05-29 22:00:00,99.927826,14.972665
2024-05-29 23:00:00,91.48303,16.008018
2024-05-30 00:00:00,80.54457,11.7877245
2024-05-30 01:00:00,69.65419,11.804958
2024-05-30 02:00:00,65.57069,10.878943
2024-05-30 03:00:00,63.835518,11.440166
2024-05-30 04:00:00,62.496532,11.163061
2024-05-30 05:00:00,70.75102,12.22315
2024-05-30 06:00:00,87.838585,14.988114
2024-05-30 07:00:00,98.21665,15.915357
2024-05-30 08:00:00,103.37999,19.189535
2024-05-30 09:00:00,90.82459,17.186333
2024-05-30 10:00:00,77.01695,17.29539
2024-05-30 11:00:00,72.86256,19.32316
2024-05-30 12:00:00,66.67793,21.563824
2024-05-30 13:00:00,62.947792,21.357285
2024-05-30 14:00:00,55.737026,22.702473
2024-05-30 15:00:00,60.831997,22.414614
2024-05-30 16:00:00,62.03436,19.304941
2024-05-30 17:00:00,73.691956,18.609001
2024-05-30 18:00:00,90.62814,19.71987
2024-05-30 19:00:00,104.351105,21.34287
2024-05-30 20:00:00,102.865105,20.70606
2024-05-30 21:00:00,99.35416,17.14848
2024-05-30 22:00:00,93.826164,15.13069
2024-05-30 23:00:00,82.40147,15.037531
2024-05-31 00:00:00,81.78564,11.110202
2024-05-31 01:00:00,72.39781,9.1119
2024-05-31 02:00:00,68.18955,10.222189
2024-05-31 03:00:00,65.85503,9.361404
2024-05-31 04:00:00,63.97914,9.002838
2024-05-31 05:00:00,69.782104,10.203823
2024-05-31 06:00:00,86.38802,11.534771
2024-05-31 07:00:00,99.17717,13.322918
2024-05-31 08:00:00,101.34159,15.484553
2024-05-31 09:00:00,93.99774,14.211305
2024-05-31 10:00:00,81.18274,15.174305
2024-05-31 11:00:00,74.92658,14.514671
2024-05-31 12:00:00,70.43384,17.604277
2024-05-31 13:00:00,64.37106,14.999896
2024-05-31 14:00:00,61.02205,17.02812
2024-05-31 15:00:00,60.25623,15.973526
2024-05-31 16:00:00,64.20415,14.31573
2024-05-31 17:00:00,73.50797,14.954727
2024-05-31 18:00:00,89.59295,16.480955
2024-05-31 19:00:00,101.0717,22.278648
2024-05-31 20:00:00,100.696655,18.185873
2024-05-31 21:00:00,95.44886,15.032094
2024-05-31 22:00:00,89.935486,14.404303
2024-05-31 23:00:00,78.50603,13.479185
2024-06-01 00:00:00,56.160614,11.561105
2024-06-01 01:00:00,46.545284,10.880572
2024-06-01 02:00:00,40.331604,14.220131
2024-06-01 03:00:00,34.833588,16.545914
2024-06-01 04:00:00,31.673126,14.61466
2024-06-01 05:00:00,27.604797,15.78519
2024-06-01 06:00:00,35.691193,16.995365
2024-06-01 07:00:00,36.53321,16.561056
2024-06-01 08:00:00,41.94942,15.732148
2024-06-01 09:00:00,38.796303,18.300175
2024-06-01 10:00:00,27.726868,20.50062
2024-06-01 11:00:00,22.679932,18.780437
2024-06-01 12:00:00,20.983185,25.76376
2024-06-01 13:00:00,9.989174,28.506233
2024-06-01 14:00:00,5.8793564,30.069468
2024-06-01 15:00:00,7.926895,25.460468
2024-06-01 16:00:00,12.34613,23.077572
2024-06-01 17:00:00,29.59298,21.72777
2024-06-01 18:00:00,47.907394,17.274195
2024-06-01 19:00:00,64.74347,16.604141
2024-06-01 20:00:00,65.554306,15.045185
2024-06-01 21:00:00,62.559113,15.031666
2024-06-01 22:00:00,61.86013,17.02608
2024-06-01 23:00:00,53.320152,19.001135
2024-06-02 00:00:00,46.347,13.133537
2024-06-02 01:00:00,37.01542,12.030105
2024-06-02 02:00:00,27.709618,13.728981
2024-06-02 03:00:00,22.751892,15.767052
2024-06-02 04:00:00,19.748222,15.527965
2024-06-02 05:00:00,16.723923,17.552044
2024-06-02 06:00:00,15.35289,17.443995
2024-06-02 07:00:00,13.091293,18.69172
2024-06-02 08:00:00,12.465004,18.05373
2024-06-02 09:00:00,7.791748,19.554848
2024-06-02 10:00:00,-2.1633072,22.798935
2024-06-02 11:00:00,-8.789696,29.995268
2024-06-02 12:00:00,-7.8768616,40.38897
2024-06-02 13:00:00,-18.545464,42.65685
2024-06-02 14:00:00,-23.485016,46.566338
2024-06-02 15:00:00,-17.274452,40.417473
2024-06-02 16:00:00,-6.846901,28.505722
2024-06-02 17:00:00,13.290756,25.200485
2024-06-02 18:00:00,40.723305,18.44814
2024-06-02 19:00:00,61.06267,13.740646
2024-06-02 20:00:00,69.27342,13.550097
2024-06-02 21:00:00,70.117035,13.215479
2024-06-02 22:00:00,68.49092,13.181975
2024-06-02 23:00:00,60.007187,14.15401
2024-06-03 00:00:00,65.762825,10.469778
2024-06-03 01:00:00,57.17934,9.512838
2024-06-03 02:00:00,51.418793,9.301284
2024-06-03 03:00:00,48.933464,11.871121
2024-06-03 04:00:00,51.732086,11.146465
2024-06-03 05:00:00,56.88326,10.623899
2024-06-03 06:00:00,85.770226,12.386817
2024-06-03 07:00:00,106.58339,15.431072
2024-06-03 08:00:00,108.78269,18.542265
2024-06-03 09:00:00,92.80103,17.863813
2024-06-03 10:00:00,80.85481,15.57198
2024-06-03 11:00:00,72.683105,18.745417
2024-06-03 12:00:00,69.49826,21.12002
2024-06-03 13:00:00,64.20459,19.472013
2024-06-03 14:00:00,58.81393,16.864216
2024-06-03 15:00:00,62.393677,14.71071
2024-06-03 16:00:00,68.35469,15.833127
2024-06-03 17:00:00,78.38608,16.248318
2024-06-03 18:00:00,101.79357,21.506863
2024-06-03 19:00:00,125.657936,29.915236
2024-06-03 20:00:00,122.0928,27.068594
2024-06-03 21:00:00,108.713165,15.75573
2024-06-03 22:00:00,102.016685,12.935485
2024-06-03 23:00:00,86.80097,10.570445
2024-06-04 00:00:00,93.520134,8.099315
2024-06-04 01:00:00,82.44522,5.8360357
2024-06-04 02:00:00,78.38029,6.270554
2024-06-04 03:00:00,74.98966,5.58542
2024-06-04 04:00:00,73.89607,6.4301457
2024-06-04 05:00:00,80.49436,6.6567388
2024-06-04 06:00:00,97.79562,9.101693
2024-06-04 07:00:00,115.03638,11.302057
2024-06-04 08:00:00,117.79161,13.547498
2024-06-04 09:00:00,98.76449,11.51211
2024-06-04 10:00:00,80.969635,11.0780945
2024-06-04 11:00:00,74.822296,10.152843
2024-06-04 12:00:00,60.169697,15.075745
2024-06-04 13:00:00,59.59554,11.363885
2024-06-04 14:00:00,57.400425,12.373559
2024-06-04 15:00:00,54.766872,13.007156
2024-06-04 16:00:00,62.45781,12.09832
2024-06-04 17:00:00,76.253334,11.813177
2024-06-04 18:00:00,93.73693,15.946756
2024-06-04 19:00:00,109.588875,22.472235
2024-06-04 20:00:00,105.973434,16.002535
2024-06-04 21:00:00,97.67334,9.493592
2024-06-04 22:00:00,89.96759,11.037168
2024-06-04 23:00:00,74.38484,9.364774
2024-06-05 00:00:00,75.846306,11.890938
2024-06-05 01:00:00,65.48869,10.194473
2024-06-05 02:00:00,61.25233,10.7006445
2024-06-05 03:00:00,57.543076,10.120395
2024-06-05 04:00:00,54.800488,10.73623
2024-06-05 05:00:00,65.82858,10.786891
2024-06-05 06:00:00,91.71975,12.929745
2024-06-05 07:00:00,106.65034,14.439479
2024-06-05 08:00:00,110.46271,16.88978
2024-06-05 09:00:00,85.46747,16.915627
2024-06-05 10:00:00,62.292725,15.739223
2024-06-05 11:00:00,51.646152,18.807302
2024-06-05 12:00:00,37.49975,21.275303
2024-06-05 13:00:00,33.98732,20.75986
2024-06-05 14:00:00,32.22178,21.43104
2024-06-05 15:00:00,36.84942,22.849241
2024-06-05 16:00:00,47.993893,19.712498
2024-06-05 17:00:00,66.46138,15.877422
2024-06-05 18:00:00,96.19986,17.278606
2024-06-05 19:00:00,124.32141,20.525352
2024-06-05 20:00:00,127.84518,21.534739
2024-06-05 21:00:00,121.877045,16.374529
2024-06-05 22:00:00,105.95769,11.839532
2024-06-05 23:00:00,93.032234,11.8738985
2024-06-06 00:00:00,90.58276,10.996886
2024-06-06 01:00:00,77.22386,9.699933
2024-06-06 02:00:00,72.14642,9.668788
2024-06-06 03:00:00,70.57735,9.756019
2024-06-06 04:00:00,65.55472,9.856793
2024-06-06 05:00:00,75.48342,10.814291
2024-06-06 06:00:00,100.10975,13.329929
2024-06-06 07:00:00,110.38878,14.296825
2024-06-06 08:00:00,114.00468,16.77579
2024-06-06 09:00:00,91.470726,16.221079
2024-06-06 10:00:00,67.90477,15.991726
2024-06-06 11:00:00,55.566376,18.476727
2024-06-06 12:00:00,44.33609,22.626514
2024-06-06 13:00:00,42.217876,20.73938
2024-06-06 14:00:00,39.024063,20.223846
2024-06-06 15:00:00,44.154858,24.706684
2024-06-06 16:00:00,48.66104,18.720901
2024-06-06 17:00:00,68.62026,15.917028
2024-06-06 18:00:00,95.82148,18.624514
2024-06-06 19:00:00,124.25824,21.352226
2024-06-06 20:00:00,125.88884,21.285225
2024-06-06 21:00:00,120.47818,16.085354
2024-06-06 22:00:00,107.85586,12.2151785
2024-06-06 23:00:00,93.03282,12.37133
2024-06-07 00:00:00,93.025345,13.057204
2024-06-07 01:00:00,75.74514,10.766386
2024-06-07 02:00:00,72.620674,10.1865015
2024-06-07 03:00:00,71.86993,10.354285
2024-06-07 04:00:00,68.22826,10.693259
2024-06-07 05:00:00,76.765144,11.426477
2024-06-07 06:00:00,96.392365,15.12796
2024-06-07 07:00:00,106.08634,16.312063
2024-06-07 08:00:00,109.55546,19.359285
2024-06-07 09:00:00,87.25263,17.810938
2024-06-07 10:00:00,64.59274,17.104897
2024-06-07 11:00:00,50.99237,20.090685
2024-06-07 12:00:00,41.67409,24.978928
2024-06-07 13:00:00,36.37008,22.245888
2024-06-07 14:00:00,34.947166,23.483412
2024-06-07 15:00:00,38.215637,25.792326
2024-06-07 16:00:00,46.4943,20.303726
2024-06-07 17:00:00,69.089035,17.750608
2024-06-07 18:00:00,94.58544,21.05311
2024-06-07 19:00:00,115.86467,24.017862
2024-06-07 20:00:00,118.43677,23.141567
2024-06-07 21:00:00,113.13667,17.256033
2024-06-07 22:00:00,103.29063,14.203538
2024-06-07 23:00:00,87.834656,14.101428
2024-06-08 00:00:00,87.39542,14.7759695
2024-06-08 01:00:00,70.51166,13.491615
2024-06-08 02:00:00,67.21658,14.254171
2024-06-08 03:00:00,63.1834,15.056637
2024-06-08 04:00:00,58.069588,16.100557
2024-06-08 05:00:00,56.341064,18.014
2024-06-08 06:00:00,64.5329,21.40823
2024-06-08 07:00:00,61.83587,19.968832
2024-06-08 08:00:00,62.49788,21.920546
2024-06-08 09:00:00,49.653557,25.558922
2024-06-08 10:00:00,32.090034,26.800264
2024-06-08 11:00:00,21.322205,29.347168
2024-06-08 12:00:00,12.014801,38.954308
2024-06-08 13:00:00,-0.07788849,40.83378
2024-06-08 14:00:00,-3.105194,43.863075
2024-06-08 15:00:00,7.752739,45.05599
2024-06-08 16:00:00,13.951668,36.317463
2024-06-08 17:00:00,37.237885,31.056677
2024-06-08 18:00:00,64.724396,24.31379
2024-06-08 19:00:00,89.03281,20.580648
2024-06-08 20:00:00,98.871635,20.576708
2024-06-08 21:00:00,99.39362,19.008623
2024-06-08 22:00:00,95.304665,18.767385
2024-06-08 23:00:00,83.90907,20.263905
2024-06-09 00:00:00,80.27274,14.647655
2024-06-09 01:00:00,63.61462,14.216678
2024-06-09 02:00:00,55.10335,14.909747
2024-06-09 03:00:00,45.575245,15.865902
2024-06-09 04:00:00,44.662964,17.776749
2024-06-09 05:00:00,40.394615,20.19243
2024-06-09 06:00:00,42.216843,24.209856
2024-06-09 07:00:00,36.029617,23.584415
2024-06-09 08:00:00,34.297714,28.033794
2024-06-09 09:00:00,17.800537,27.412508
2024-06-09 10:00:00,1.1745148,29.455393
2024-06-09 11:00:00,-12.347504,40.082123
2024-06-09 12:00:00,-19.507805,55.300243
2024-06-09 13:00:00,-39.268692,61.406277
2024-06-09 14:00:00,-42.114975,66.940956
2024-06-09 15:00:00,-28.384613,66.4824
2024-06-09 16:00:00,-15.840126,45.604073
2024-06-09 17:00:00,9.829536,36.305176
2024-06-09 18:00:00,50.289406,24.816887
2024-06-09 19:00:00,80.87082,19.469278
2024-06-09 20:00:00,98.75546,19.469103
2024-06-09 21:00:00,102.1395,18.869322
2024-06-09 22:00:00,101.71078,17.690502
2024-06-09 23:00:00,84.92563,18.724052
2024-06-10 00:00:00,77.10403,13.81682
2024-06-10 01:00:00,60.424454,16.593185
2024-06-10 02:00:00,50.904274,17.963728
2024-06-10 03:00:00,38.246086,17.694223
2024-06-10 04:00:00,37.03234,17.896645
2024-06-10 05:00:00,41.368237,19.089882
2024-06-10 06:00:00,70.062805,26.452383
2024-06-10 07:00:00,80.79526,26.744724
2024-06-10 08:00:00,89.018135,31.653643
2024-06-10 09:00:00,77.694824,28.591635
2024-06-10 10:00:00,52.531033,31.243784
2024-06-10 11:00:00,42.463554,25.705526
2024-06-10 12:00:00,26.172646,49.22061
2024-06-10 13:00:00,11.763199,44.52593
2024-06-10 14:00:00,8.141197,59.964718
2024-06-10 15:00:00,5.649849,57.021297
2024-06-10 16:00:00,1.3104172,43.74653
2024-06-10 17:00:00,12.443054,39.050995
2024-06-10 18:00:00,47.572628,27.515522
2024-06-10 19:00:00,63.02484,26.086535
2024-06-10 20:00:00,63.726814,26.978025
2024-06-10 21:00:00,71.29904,24.734793
2024-06-10 22:00:00,63.904655,20.905945
2024-06-10 23:00:00,50.313717,25.347214
2024-06-11 00:00:00,65.14191,14.349105
2024-06-11 01:00:00,51.82661,10.7632065
2024-06-11 02:00:00,48.031887,12.404503
2024-06-11 03:00:00,48.037804,10.795546
2024-06-11 04:00:00,44.538536,10.897986
2024-06-11 05:00:00,54.92246,12.138582
2024-06-11 06:00:00,76.2891,13.172075
2024-06-11 07:00:00,94.82883,16.78077
2024-06-11 08:00:00,101.75832,18.613768
2024-06-11 09:00:00,81.96634,16.688482
2024-06-11 10:00:00,63.51973,19.050581
2024-06-11 11:00:00,58.75267,16.998392
2024-06-11 12:00:00,51.42621,21.42051
2024-06-11 13:00:00,42.930756,18.178982
2024-06-11 14:00:00,33.940353,19.767693
2024-06-11 15:00:00,36.160614,19.063684
2024-06-11 16:00:00,46.869644,17.433567
2024-06-11 17:00:00,64.15596,15.581241
2024-06-11 18:00:00,88.29449,19.87066
2024-06-11 19:00:00,110.563736,27.68619
2024-06-11 20:00:00,110.20287,23.177137
2024-06-11 21:00:00,106.35493,17.254707
2024-06-11 22:00:00,92.69734,17.295513
2024-06-11 23:00:00,80.98391,16.635038
2024-06-12 00:00:00,76.64791,14.012063
2024-06-12 01:00:00,64.75331,12.195953
2024-06-12 02:00:00,56.803894,13.267709
2024-06-12 03:00:00,55.480717,12.703345
2024-06-12 04:00:00,51.07604,12.803496
2024-06-12 05:00:00,65.70897,13.198891
2024-06-12 06:00:00,94.4345,15.184434
2024-06-12 07:00:00,111.25488,17.682606
2024-06-12 08:00:00,118.229904,21.402935
2024-06-12 09:00:00,97.129135,18.83653
2024-06-12 10:00:00,74.94957,19.599716
2024-06-12 11:00:00,67.76078,21.864626
2024-06-12 12:00:00,59.13325,23.577042
2024-06-12 13:00:00,53.56376,20.977045
2024-06-12 14:00:00,46.663925,22.317253
2024-06-12 15:00:00,53.99517,22.588007
2024-06-12 16:00:00,58.454105,19.23856
2024-06-12 17:00:00,73.318726,18.120111
2024-06-12 18:00:00,100.07151,23.222471
2024-06-12 19:00:00,127.20294,27.024054
2024-06-12 20:00:00,124.57834,24.469458
2024-06-12 21:00:00,117.37506,18.014475
2024-06-12 22:00:00,105.15512,15.497989
2024-06-12 23:00:00,86.55494,16.015486
2024-06-13 00:00:00,93.04355,11.239809
2024-06-13 01:00:00,76.23566,9.169286
2024-06-13 02:00:00,71.310455,9.783652
2024-06-13 03:00:00,68.93088,9.187771
2024-06-13 04:00:00,64.13966,9.906185
2024-06-13 05:00:00,73.024025,10.633511
2024-06-13 06:00:00,92.28082,13.12906
2024-06-13 07:00:00,99.49209,14.023896
2024-06-13 08:00:00,101.87351,15.784823
2024-06-13 09:00:00,83.969925,15.943144
2024-06-13 10:00:00,58.89829,16.984362
2024-06-13 11:00:00,52.288692,16.479187
2024-06-13 12:00:00,41.815975,23.124023
2024-06-13 13:00:00,35.78939,19.786793
2024-06-13 14:00:00,30.242996,21.930206
2024-06-13 15:00:00,35.00525,24.409771
2024-06-13 16:00:00,37.471107,19.140203
2024-06-13 17:00:00,54.60094,17.088743
2024-06-13 18:00:00,83.09563,19.087755
2024-06-13 19:00:00,108.40047,21.540306
2024-06-13 20:00:00,108.64204,19.235245
2024-06-13 21:00:00,108.690605,15.233992
2024-06-13 22:00:00,98.60182,13.785005
2024-06-13 23:00:00,83.17215,13.993446
2024-06-14 00:00:00,73.07178,13.142101
2024-06-14 01:00:00,58.50385,11.967879
2024-06-14 02:00:00,53.167664,13.908533
2024-06-14 03:00:00,48.60029,14.219331
2024-06-14 04:00:00,46.378803,13.009948
2024-06-14 05:00:00,47.937336,14.445203
2024-06-14 06:00:00,63.453102,16.328508
2024-06-14 07:00:00,71.07027,16.253025
2024-06-14 08:00:00,74.76853,15.81028
2024-06-14 09:00:00,65.872604,19.3833
2024-06-14 10:00:00,45.437996,22.596254
2024-06-14 11:00:00,39.270035,20.305063
2024-06-14 12:00:00,29.571243,27.34968
2024-06-14 13:00:00,23.85144,23.958797
2024-06-14 14:00:00,17.921684,28.724384
2024-06-14 15:00:00,21.688202,26.87393
2024-06-14 16:00:00,24.932022,25.29786
2024-06-14 17:00:00,42.5539,19.811478
2024-06-14 18:00:00,70.10272,18.397528
2024-06-14 19:00:00,92.69873,19.802021
2024-06-14 20:00:00,98.18393,18.926855
2024-06-14 21:00:00,98.963,18.789783
2024-06-14 22:00:00,87.86005,15.801719
2024-06-14 23:00:00,79.62409,18.260988
2024-06-15 00:00:00,54.14335,20.121756
2024-06-15 01:00:00,39.56141,19.099506
2024-06-15 02:00:00,25.263634,24.800026
2024-06-15 03:00:00,18.178497,28.877495
2024-06-15 04:00:00,12.246788,26.634546
2024-06-15 05:00:00,6.0187607,27.596315
2024-06-15 06:00:00,14.520287,33.95218
2024-06-15 07:00:00,8.781967,31.453503
2024-06-15 08:00:00,16.985924,29.883596
2024-06-15 09:00:00,3.2943878,34.73352
2024-06-15 10:00:00,-19.12339,42.897293
2024-06-15 11:00:00,-27.075607,48.414806
2024-06-15 12:00:00,-27.26921,72.91079
2024-06-15 13:00:00,-42.561783,71.26099
2024-06-15 14:00:00,-44.23822,82.60567
2024-06-15 15:00:00,-37.392075,72.11412
2024-06-15 16:00:00,-35.43564,54.779533
2024-06-15 17:00:00,-9.631012,49.289803
2024-06-15 18:00:00,28.849976,36.540565
2024-06-15 19:00:00,58.414677,25.325424
2024-06-15 20:00:00,67.952896,24.202177
2024-06-15 21:00:00,70.87569,22.73196
2024-06-15 22:00:00,68.23211,27.482487
2024-06-15 23:00:00,58.38519,30.872232
2024-06-16 00:00:00,25.198166,22.029207
2024-06-16 01:00:00,4.3664017,18.187935
2024-06-16 02:00:00,-6.506462,20.356016
2024-06-16 03:00:00,-15.445496,23.780771
2024-06-16 04:00:00,-22.616096,22.82585
2024-06-16 05:00:00,-26.083649,27.172993
2024-06-16 06:00:00,-27.016342,26.136215
2024-06-16 07:00:00,-30.829178,26.439608
2024-06-16 08:00:00,-30.992752,27.022581
2024-06-16 09:00:00,-28.285904,29.219128
2024-06-16 10:00:00,-42.720856,32.800385
2024-06-16 11:00:00,-51.658463,44.702366
2024-06-16 12:00:00,-47.983414,64.0548
2024-06-16 13:00:00,-62.526184,61.092575
2024-06-16 14:00:00,-74.41399,70.773544
2024-06-16 15:00:00,-62.500122,53.78339
2024-06-16 16:00:00,-50.330048,44.8301
2024-06-16 17:00:00,-19.546494,36.13793
2024-06-16 18:00:00,23.43795,24.691704
2024-06-16 19:00:00,54.63924,19.025812
2024-06-16 20:00:00,72.44703,18.019186
2024-06-16 21:00:00,72.22255,19.21778
2024-06-16 22:00:00,70.28215,18.349398
2024-06-16 23:00:00,52.98011,19.037588
2024-06-17 00:00:00,50.81782,12.390247
2024-06-17 01:00:00,42.341362,11.2117605
2024-06-17 02:00:00,34.306664,11.423419
2024-06-17 03:00:00,32.338615,13.079108
2024-06-17 04:00:00,36.048004,11.565297
2024-06-17 05:00:00,42.4314,12.755118
2024-06-17 06:00:00,70.27696,13.902141
2024-06-17 07:00:00,93.6185,16.631922
2024-06-17 08:00:00,99.43503,21.69043
2024-06-17 09:00:00,82.48459,17.265928
2024-06-17 10:00:00,71.14189,18.36074
2024-06-17 11:00:00,63.43498,19.008465
2024-06-17 12:00:00,60.40888,22.615526
2024-06-17 13:00:00,53.255356,19.888733
2024-06-17 14:00:00,42.66129,19.1903
2024-06-17 15:00:00,49.23088,17.250278
2024-06-17 16:00:00,58.1835,17.746838
2024-06-17 17:00:00,71.78225,16.901928
2024-06-17 18:00:00,100.61212,21.901415
2024-06-17 19:00:00,123.86383,32.071518
2024-06-17 20:00:00,118.37714,25.487562
2024-06-17 21:00:00,104.68275,17.250687
2024-06-17 22:00:00,98.9019,14.870323
2024-06-17 23:00:00,80.47054,13.892111
2024-06-18 00:00:00,81.183945,14.542209
2024-06-18 01:00:00,69.18535,11.0989
2024-06-18 02:00:00,64.636536,12.809953
2024-06-18 03:00:00,60.453266,11.535124
2024-06-18 04:00:00,60.44559,11.062857
2024-06-18 05:00:00,67.12126,13.715356
2024-06-18 06:00:00,92.764305,16.413773
2024-06-18 07:00:00,113.08566,19.39642
2024-06-18 08:00:00,121.18133,22.974516
2024-06-18 09:00:00,108.88519,20.509745
2024-06-18 10:00:00,91.58483,19.456251
2024-06-18 11:00:00,86.455124,17.599033
2024-06-18 12:00:00,78.402466,22.47329
2024-06-18 13:00:00,74.19931,17.027136
2024-06-18 14:00:00,69.40666,19.437511
2024-06-18 15:00:00,67.69722,18.059744
2024-06-18 16:00:00,72.95648,17.269104
2024-06-18 17:00:00,85.4774,18.514116
2024-06-18 18:00:00,106.01724,28.117651
2024-06-18 19:00:00,128.70905,38.416786
2024-06-18 20:00:00,119.779274,26.05447
2024-06-18 21:00:00,111.121254,16.101055
2024-06-18 22:00:00,98.2578,17.12484
2024-06-18 23:00:00,78.43211,14.662833
2024-06-19 00:00:00,88.470604,13.682947
2024-06-19 01:00:00,73.64537,11.345305
2024-06-19 02:00:00,70.22862,12.076147
2024-06-19 03:00:00,63.63428,11.3601885
2024-06-19 04:00:00,61.11785,12.549687
2024-06-19 05:00:00,68.412445,13.310971
2024-06-19 06:00:00,87.77061,14.981899
2024-06-19 07:00:00,102.849174,17.398792
2024-06-19 08:00:00,103.87484,17.94631
2024-06-19 09:00:00,87.54942,18.522564
2024-06-19 10:00:00,65.53695,18.02611
2024-06-19 11:00:00,57.77781,18.67946
2024-06-19 12:00:00,49.799614,22.952492
2024-06-19 13:00:00,44.63317,20.521338
2024-06-19 14:00:00,39.145554,21.864677
2024-06-19 15:00:00,39.943436,24.029024
2024-06-19 16:00:00,45.66055,21.482693
2024-06-19 17:00:00,61.884167,19.239437
2024-06-19 18:00:00,88.99877,19.601044
2024-06-19 19:00:00,110.901474,24.795147
2024-06-19 20:00:00,113.091675,21.690859
2024-06-19 21:00:00,105.57303,19.063162
2024-06-19 22:00:00,95.361565,16.255062
2024-06-19 23:00:00,82.318954,15.884567
2024-06-20 00:00:00,79.270294,16.631279
2024-06-20 01:00:00,68.96356,13.614604
2024-06-20 02:00:00,62.721783,15.933583
2024-06-20 03:00:00,58.91126,15.018289
2024-06-20 04:00:00,57.295593,13.9110155
2024-06-20 05:00:00,64.58421,14.898537
2024-06-20 06:00:00,89.12339,17.673021
2024-06-20 07:00:00,102.90578,17.124218
2024-06-20 08:00:00,110.81863,20.90164
2024-06-20 09:00:00,96.313324,19.823137
2024-06-20 10:00:00,79.747025,21.062445
2024-06-20 11:00:00,77.2743,19.531868
2024-06-20 12:00:00,68.451935,20.725428
2024-06-20 13:00:00,62.556236,18.06746
2024-06-20 14:00:00,58.943188,21.094769
2024-06-20 15:00:00,59.15399,20.76855
2024-06-20 16:00:00,62.880535,19.84635
2024-06-20 17:00:00,74.80106,19.020117
2024-06-20 18:00:00,97.613716,23.090637
2024-06-20 19:00:00,117.49986,28.418003
2024-06-20 20:00:00,116.54792,22.628675
2024-06-20 21:00:00,110.34281,18.632639
2024-06-20 22:00:00,101.90839,16.856798
2024-06-20 23:00:00,85.52979,17.477547
2024-06-21 00:00:00,93.01127,13.26317
2024-06-21 01:00:00,81.21278,11.597424
2024-06-21 02:00:00,76.06218,11.824432
2024-06-21 03:00:00,69.07054,11.551318
2024-06-21 04:00:00,69.3224,11.021811
2024-06-21 05:00:00,74.23256,13.0539665
2024-06-21 06:00:00,94.709755,16.029621
2024-06-21 07:00:00,103.40462,16.398224
2024-06-21 08:00:00,112.989685,19.61555
2024-06-21 09:00:00,98.89005,18.744848
2024-06-21 10:00:00,81.067635,18.180258
2024-06-21 11:00:00,72.821556,18.884092
2024-06-21 12:00:00,62.50335,22.18642
2024-06-21 13:00:00,59.029373,20.665977
2024-06-21 14:00:00,46.854336,21.414234
2024-06-21 15:00:00,48.60483,23.445528
2024-06-21 16:00:00,53.737045,20.68834
2024-06-21 17:00:00,70.569626,19.405325
2024-06-21 18:00:00,92.96681,19.952614
2024-06-21 19:00:00,116.01915,24.375526
2024-06-21 20:00:00,118.971146,22.134424
2024-06-21 21:00:00,115.073166,17.156054
2024-06-21 22:00:00,108.08814,15.258848
2024-06-21 23:00:00,88.931946,14.51227
2024-06-22 00:00:00,83.7547,13.150516
2024-06-22 01:00:00,73.33985,12.688632
2024-06-22 02:00:00,65.37302,13.030164
2024-06-22 03:00:00,61.01154,14.774
2024-06-22 04:00:00,58.31448,13.911527
2024-06-22 05:00:00,53.60239,15.672953
2024-06-22 06:00:00,52.484917,17.206133
2024-06-22 07:00:00,53.50995,17.832556
2024-06-22 08:00:00,61.51917,18.20804
2024-06-22 09:00:00,54.448402,21.117138
2024-06-22 10:00:00,53.94348,21.006527
2024-06-22 11:00:00,47.095745,20.841923
2024-06-22 12:00:00,44.153725,21.756973
2024-06-22 13:00:00,32.352325,26.099684
2024-06-22 14:00:00,16.499489,24.60759
2024-06-22 15:00:00,27.139503,25.674772
2024-06-22 16:00:00,41.380352,22.429335
2024-06-22 17:00:00,62.704445,21.340294
2024-06-22 18:00:00,82.00863,19.085903
2024-06-22 19:00:00,101.37441,17.001719
2024-06-22 20:00:00,108.531136,17.30008
2024-06-22 21:00:00,104.5774,16.934723
2024-06-22 22:00:00,99.35093,15.516021
2024-06-22 23:00:00,88.46145,15.159818
2024-06-23 00:00:00,85.1214,12.694981
2024-06-23 01:00:00,71.77177,13.095311
2024-06-23 02:00:00,65.648384,11.85337
2024-06-23 03:00:00,56.504,12.593232
2024-06-23 04:00:00,54.16105,14.154665
2024-06-23 05:00:00,58.136417,15.802267
2024-06-23 06:00:00,60.030876,17.84821
2024-06-23 07:00:00,59.028362,18.993023
2024-06-23 08:00:00,57.305992,22.419813
2024-06-23 09:00:00,44.310856,19.22733
2024-06-23 10:00:00,31.256317,21.53621
2024-06-23 11:00:00,17.94123,30.958588
2024-06-23 12:00:00,11.846436,34.893227
2024-06-23 13:00:00,-3.3204803,41.32231
2024-06-23 14:00:00,-4.4588165,40.898415
2024-06-23 15:00:00,8.025383,45.004776
2024-06-23 16:00:00,20.624184,30.3977
2024-06-23 17:00:00,43.20065,27.71181
2024-06-23 18:00:00,77.98797,21.14467
2024-06-23 19:00:00,96.525536,17.532154
2024-06-23 20:00:00,105.48774,17.855127
2024-06-23 21:00:00,104.24722,16.648067
2024-06-23 22:00:00,103.6438,14.278402
2024-06-23 23:00:00,88.950195,14.857247
2024-06-24 00:00:00,89.741486,10.518093
2024-06-24 01:00:00,77.76416,9.8167305
2024-06-24 02:00:00,77.170975,8.783869
2024-06-24 03:00:00,75.06379,9.162621
2024-06-24 04:00:00,76.61579,9.698094
2024-06-24 05:00:00,82.14328,9.935414
2024-06-24 06:00:00,106.05688,11.726518
2024-06-24 07:00:00,122.603455,15.565541
2024-06-24 08:00:00,122.15895,17.298891
2024-06-24 09:00:00,97.588234,15.466259
2024-06-24 10:00:00,80.39654,14.152041
2024-06-24 11:00:00,69.27806,18.212584
2024-06-24 12:00:00,61.00982,23.919315
2024-06-24 13:00:00,54.031338,20.891117
2024-06-24 14:00:00,50.800213,20.928394
2024-06-24 15:00:00,55.107044,19.538486
2024-06-24 16:00:00,67.28807,17.443953
2024-06-24 17:00:00,84.32019,15.659298
2024-06-24 18:00:00,113.956436,21.806553
2024-06-24 19:00:00,138.1922,27.219616
2024-06-24 20:00:00,135.86359,24.303026
2024-06-24 21:00:00,125.49823,16.068176
2024-06-24 22:00:00,115.24842,12.993987
2024-06-24 23:00:00,99.59313,11.780146
2024-06-25 00:00:00,89.72414,12.910764
2024-06-25 01:00:00,78.64818,11.699406
2024-06-25 02:00:00,77.32487,11.1211
2024-06-25 03:00:00,75.988655,10.4859705
2024-06-25 04:00:00,76.09182,10.749436
2024-06-25 05:00:00,84.50044,10.849506
2024-06-25 06:00:00,103.64971,13.257625
2024-06-25 07:00:00,119.43401,17.395912
2024-06-25 08:00:00,118.53244,18.328783
2024-06-25 09:00:00,97.3828,15.770367
2024-06-25 10:00:00,82.06816,16.754566
2024-06-25 11:00:00,71.325386,18.053127
2024-06-25 12:00:00,64.00775,23.386642
2024-06-25 13:00:00,58.911636,20.509428
2024-06-25 14:00:00,57.109055,18.65907
2024-06-25 15:00:00,58.556602,20.772266
2024-06-25 16:00:00,69.20283,18.130299
2024-06-25 17:00:00,83.544586,16.03829
2024-06-25 18:00:00,107.645706,22.526
2024-06-25 19:00:00,127.646866,27.888384
2024-06-25 20:00:00,127.507095,26.52743
2024-06-25 21:00:00,120.46725,17.217443
2024-06-25 22:00:00,109.164696,14.399509
2024-06-25 23:00:00,99.27685,12.996716
2024-06-26 00:00:00,87.45693,12.193112
2024-06-26 01:00:00,76.22161,10.247357
2024-06-26 02:00:00,73.85275,10.469489
2024-06-26 03:00:00,73.1767,10.015173
2024-06-26 04:00:00,71.246445,9.777079
2024-06-26 05:00:00,80.7721,10.673695
2024-06-26 06:00:00,103.21435,12.510818
2024-06-26 07:00:00,119.79071,16.642847
2024-06-26 08:00:00,117.7722,17.106102
2024-06-26 09:00:00,91.88576,16.894928
2024-06-26 10:00:00,70.88856,16.17274
2024-06-26 11:00:00,58.486023,19.208357
2024-06-26 12:00:00,49.43529,22.68024
2024-06-26 13:00:00,44.760838,19.821556
2024-06-26 14:00:00,45.43336,20.625092
2024-06-26 15:00:00,47.388744,20.462406
2024-06-26 16:00:00,60.208908,17.786575
2024-06-26 17:00:00,83.80779,15.104854
2024-06-26 18:00:00,112.65106,20.98337
2024-06-26 19:00:00,139.13411,26.456915
2024-06-26 20:00:00,140.28606,26.99159
2024-06-26 21:00:00,134.2316,16.940481
2024-06-26 22:00:00,118.94542,13.774035
2024-06-26 23:00:00,102.77734,12.388598
2024-06-27 00:00:00,108.76691,10.227725
2024-06-27 01:00:00,91.65924,9.190603
2024-06-27 02:00:00,89.12129,8.525548
2024-06-27 03:00:00,87.02671,7.8484497
2024-06-27 04:00:00,84.766014,8.343748
2024-06-27 05:00:00,93.85089,9.153246
2024-06-27 06:00:00,111.886856,12.322039
2024-06-27 07:00:00,121.54222,14.266049
2024-06-27 08:00:00,126.81288,15.151228
2024-06-27 09:00:00,103.26229,14.037704
2024-06-27 10:00:00,84.37714,15.299856
2024-06-27 11:00:00,74.724106,13.391502
2024-06-27 12:00:00,63.30936,20.043943
2024-06-27 13:00:00,60.136448,16.284515
2024-06-27 14:00:00,53.176964,18.605453
2024-06-27 15:00:00,56.927017,22.250147
2024-06-27 16:00:00,57.66763,17.449879
2024-06-27 17:00:00,74.09794,17.541803
2024-06-27 18:00:00,93.73602,17.840147
2024-06-27 19:00:00,110.21815,20.04889
2024-06-27 20:00:00,105.58151,20.83373
2024-06-27 21:00:00,103.20184,14.776947
2024-06-27 22:00:00,93.56162,15.401741
2024-06-27 23:00:00,83.41004,13.928265
2024-06-28 00:00:00,67.540344,17.963297
2024-06-28 01:00:00,54.426376,18.543062
2024-06-28 02:00:00,45.658215,18.580965
2024-06-28 03:00:00,42.490055,19.849895
2024-06-28 04:00:00,42.708042,18.423424
2024-06-28 05:00:00,53.331055,18.152668
2024-06-28 06:00:00,71.47287,19.361969
2024-06-28 07:00:00,87.059616,17.777376
2024-06-28 08:00:00,93.53013,19.537397
2024-06-28 09:00:00,77.89413,22.990515
2024-06-28 10:00:00,56.18981,26.60708
2024-06-28 11:00:00,52.530323,27.505594
2024-06-28 12:00:00,42.110527,30.93997
2024-06-28 13:00:00,36.83132,26.744318
2024-06-28 14:00:00,37.50596,34.141586
2024-06-28 15:00:00,39.76583,26.261742
2024-06-28 16:00:00,48.029747,31.78645
2024-06-28 17:00:00,66.716324,22.195578
2024-06-28 18:00:00,100.76963,20.532694
2024-06-28 19:00:00,120.6313,22.12848
2024-06-28 20:00:00,126.57547,24.613724
2024-06-28 21:00:00,123.16399,22.227837
2024-06-28 22:00:00,111.975464,17.339825
2024-06-28 23:00:00,103.34866,19.20408
2024-06-29 00:00:00,92.0622,12.184508
2024-06-29 01:00:00,76.40022,12.080095
2024-06-29 02:00:00,70.337875,12.288161
2024-06-29 03:00:00,69.17644,12.648034
2024-06-29 04:00:00,67.2715,12.8415575
2024-06-29 05:00:00,65.43317,14.874738
2024-06-29 06:00:00,73.65036,18.434608
2024-06-29 07:00:00,72.81975,18.408419
2024-06-29 08:00:00,72.36718,21.384
2024-06-29 09:00:00,55.2532,22.078197
2024-06-29 10:00:00,37.877327,21.908817
2024-06-29 11:00:00,27.86773,24.01347
2024-06-29 12:00:00,18.870277,32.97487
2024-06-29 13:00:00,4.2562256,33.103043
2024-06-29 14:00:00,0.6749954,35.480778
2024-06-29 15:00:00,10.23822,36.686756
2024-06-29 16:00:00,23.73558,27.393013
2024-06-29 17:00:00,45.319733,23.966442
2024-06-29 18:00:00,75.76249,22.67091
2024-06-29 19:00:00,99.214676,21.605701
2024-06-29 20:00:00,104.97042,21.289454
2024-06-29 21:00:00,100.70165,18.749388
2024-06-29 22:00:00,95.624344,16.153465
2024-06-29 23:00:00,81.614265,18.15624
2024-06-30 00:00:00,66.752075,14.327674
2024-06-30 01:00:00,47.54264,11.8065815
2024-06-30 02:00:00,36.07395,13.7935705
2024-06-30 03:00:00,36.546448,15.784371
2024-06-30 04:00:00,32.73729,15.117876
2024-06-30 05:00:00,23.94339,18.848368
2024-06-30 06:00:00,20.195496,18.454092
2024-06-30 07:00:00,13.9568405,19.837606
2024-06-30 08:00:00,12.996101,22.848225
2024-06-30 09:00:00,11.310867,24.113945
2024-06-30 10:00:00,-5.0837326,27.410538
2024-06-30 11:00:00,-8.682182,27.466152
2024-06-30 12:00:00,-4.140129,41.67808
2024-06-30 13:00:00,-22.378746,39.035713
2024-06-30 14:00:00,-32.71428,46.847393
2024-06-30 15:00:00,-23.508629,36.989685
2024-06-30 16:00:00,-8.800011,32.221035
2024-06-30 17:00:00,16.585747,25.888277
2024-06-30 18:00:00,49.867306,22.640282
2024-06-30 19:00:00,79.54615,16.52401
2024-06-30 20:00:00,93.57422,16.10584
2024-06-30 21:00:00,97.34803,15.837354
2024-06-30 22:00:00,92.75003,14.604774
2024-06-30 23:00:00,83.47946,18.13839
2024-07-01 00:00:00,78.82209,15.391161
2024-07-01 01:00:00,67.758835,14.682037
2024-07-01 02:00:00,62.59759,14.950271
2024-07-01 03:00:00,59.426712,15.109544
2024-07-01 04:00:00,60.37179,14.420651
2024-07-01 05:00:00,68.206024,16.312397
2024-07-01 06:00:00,88.19052,18.299166
2024-07-01 07:00:00,104.46464,20.277517
2024-07-01 08:00:00,106.424255,23.401714
2024-07-01 09:00:00,92.39287,21.976128
2024-07-01 10:00:00,76.87629,22.016108
2024-07-01 11:00:00,71.62224,22.463163
2024-07-01 12:00:00,67.42552,27.263256
2024-07-01 13:00:00,58.473843,24.901318
2024-07-01 14:00:00,51.12793,27.776056
2024-07-01 15:00:00,54.242126,24.786146
2024-07-01 16:00:00,56.725975,22.472727
2024-07-01 17:00:00,67.67253,21.865282
2024-07-01 18:00:00,95.568825,26.29344
2024-07-01 19:00:00,116.146416,34.57422
2024-07-01 20:00:00,111.5629,30.232113
2024-07-01 21:00:00,108.37279,21.69271
2024-07-01 22:00:00,100.305405,19.78155
2024-07-01 23:00:00,82.26256,19.292109
2024-07-02 00:00:00,71.716995,14.197212
2024-07-02 01:00:00,55.777,10.960926
2024-07-02 02:00:00,50.798397,14.146408
2024-07-02 03:00:00,50.97464,13.076209
2024-07-02 04:00:00,45.224648,12.714739
2024-07-02 05:00:00,54.458206,14.204062
2024-07-02 06:00:00,68.644684,14.965745
2024-07-02 07:00:00,83.346436,17.132673
2024-07-02 08:00:00,88.0325,18.679634
2024-07-02 09:00:00,78.21545,18.538567
2024-07-02 10:00:00,62.857563,21.051586
2024-07-02 11:00:00,62.778126,18.181242
2024-07-02 12:00:00,61.523136,22.12205
2024-07-02 13:00:00,51.482777,17.696238
2024-07-02 14:00:00,39.475105,22.22818
2024-07-02 15:00:00,43.583824,18.22075
2024-07-02 16:00:00,49.044834,19.271927
2024-07-02 17:00:00,63.19216,15.215552
2024-07-02 18:00:00,85.252335,20.181263
2024-07-02 19:00:00,111.18427,23.930363
2024-07-02 20:00:00,112.5562,20.713913
2024-07-02 21:00:00,115.08339,16.070332
2024-07-02 22:00:00,102.8608,14.118815
2024-07-02 23:00:00,92.833954,15.190602
2024-07-03 00:00:00,85.28307,10.615832
2024-07-03 01:00:00,74.55846,9.87831
2024-07-03 02:00:00,73.43255,10.691228
2024-07-03 03:00:00,66.674904,8.56376
2024-07-03 04:00:00,64.22064,8.659348
2024-07-03 05:00:00,70.93146,10.22964
2024-07-03 06:00:00,90.793564,12.898071
2024-07-03 07:00:00,105.04088,14.335262
2024-07-03 08:00:00,109.65271,15.136792
2024-07-03 09:00:00,100.60072,15.333431
2024-07-03 10:00:00,84.039154,14.86821
2024-07-03 11:00:00,76.31157,11.94226
2024-07-03 12:00:00,69.30062,19.011621
2024-07-03 13:00:00,66.61141,13.402571
2024-07-03 14:00:00,54.250492,16.37221
2024-07-03 15:00:00,49.526825,18.953691
2024-07-03 16:00:00,55.226654,15.028988
2024-07-03 17:00:00,59.943817,17.800766
2024-07-03 18:00:00,75.94351,16.856163
2024-07-03 19:00:00,83.7854,20.218082
2024-07-03 20:00:00,81.960304,19.529297
2024-07-03 21:00:00,76.5968,15.859993
2024-07-03 22:00:00,67.6518,16.992367
2024-07-03 23:00:00,59.972794,15.785506
2024-07-04 00:00:00,23.071106,22.046906
2024-07-04 01:00:00,11.794922,23.376339
2024-07-04 02:00:00,10.1092,25.606226
2024-07-04 03:00:00,-0.2592392,26.590982
2024-07-04 04:00:00,-3.218567,23.043781
2024-07-04 05:00:00,-0.7839203,25.340965
2024-07-04 06:00:00,17.624062,26.007511
2024-07-04 07:00:00,32.566086,25.223957
2024-07-04 08:00:00,46.825104,20.211416
2024-07-04 09:00:00,34.718613,27.458881
2024-07-04 10:00:00,13.059685,31.508257
2024-07-04 11:00:00,3.5769272,35.286015
2024-07-04 12:00:00,-4.225868,48.651283
2024-07-04 13:00:00,-10.483124,43.677975
2024-07-04 14:00:00,-16.620087,50.15142
2024-07-04 15:00:00,-12.257973,47.992485
2024-07-04 16:00:00,-8.5419235,40.040237
2024-07-04 17:00:00,12.601677,31.782778
2024-07-04 18:00:00,38.841827,25.340685
2024-07-04 19:00:00,55.07895,25.212965
2024-07-04 20:00:00,60.792362,22.892683
2024-07-04 21:00:00,58.16375,25.183233
2024-07-04 22:00:00,52.81626,26.641937
2024-07-04 23:00:00,41.74308,27.896095
2024-07-05 00:00:00,29.945435,24.097862
2024-07-05 01:00:00,13.635857,23.80623
2024-07-05 02:00:00,3.4430618,25.73886
2024-07-05 03:00:00,-1.8752899,30.283237
2024-07-05 04:00:00,-7.0103455,26.528067
2024-07-05 05:00:00,3.2506104,27.26953
2024-07-05 06:00:00,17.336693,29.68235
2024-07-05 07:00:00,29.610977,24.710289
2024-07-05 08:00:00,36.838593,29.723923
2024-07-05 09:00:00,27.09552,30.689367
2024-07-05 10:00:00,7.3417664,34.939877
2024-07-05 11:00:00,5.164192,40.027863
2024-07-05 12:00:00,0.8899765,46.920025
2024-07-05 13:00:00,-7.124634,44.035255
2024-07-05 14:00:00,-12.304733,52.737316
2024-07-05 15:00:00,-6.646744,40.38576
2024-07-05 16:00:00,-2.877266,40.039894
2024-07-05 17:00:00,16.176865,32.781998
2024-07-05 18:00:00,47.194965,29.019848
2024-07-05 19:00:00,67.568214,27.915684
2024-07-05 20:00:00,74.70691,25.933966
2024-07-05 21:00:00,73.090164,24.738392
2024-07-05 22:00:00,69.10306,21.682627
2024-07-05 23:00:00,53.763103,25.753523
2024-07-06 00:00:00,46.56357,16.463457
2024-07-06 01:00:00,29.780968,18.015678
2024-07-06 02:00:00,11.126625,23.392967
2024-07-06 03:00:00,2.8796158,24.370047
2024-07-06 04:00:00,5.549362,24.80563
2024-07-06 05:00:00,-5.448395,22.861908
2024-07-06 06:00:00,4.275078,31.569254
2024-07-06 07:00:00,1.4575272,30.371922
2024-07-06 08:00:00,7.1169586,37.441387
2024-07-06 09:00:00,-3.2152786,31.396168
2024-07-06 10:00:00,-28.90889,38.291912
2024-07-06 11:00:00,-34.36783,42.88636
2024-07-06 12:00:00,-43.013947,80.96295
2024-07-06 13:00:00,-60.555756,74.942535
2024-07-06 14:00:00,-59.956512,91.86435
2024-07-06 15:00:00,-52.793793,81.782684
2024-07-06 16:00:00,-56.965057,57.66464
2024-07-06 17:00:00,-30.458725,47.47992
2024-07-06 18:00:00,10.506371,33.53566
2024-07-06 19:00:00,36.379257,24.122349
2024-07-06 20:00:00,46.60046,21.325344
2024-07-06 21:00:00,53.974068,21.128576
2024-07-06 22:00:00,49.35659,23.006208
2024-07-06 23:00:00,44.648888,26.467474
2024-07-07 00:00:00,0.4627838,25.95532
2024-07-07 01:00:00,-21.57856,21.308722
2024-07-07 02:00:00,-31.479828,22.118784
2024-07-07 03:00:00,-34.85623,25.51514
2024-07-07 04:00:00,-41.3132,24.518244
2024-07-07 05:00:00,-45.58452,27.325468
2024-07-07 06:00:00,-47.600815,29.818157
2024-07-07 07:00:00,-49.17372,27.661749
2024-07-07 08:00:00,-47.61264,30.683249
2024-07-07 09:00:00,-50.40114,33.161007
2024-07-07 10:00:00,-65.75145,37.8992
2024-07-07 11:00:00,-73.32512,46.453503
2024-07-07 12:00:00,-70.20734,68.08583
2024-07-07 13:00:00,-84.110565,65.675606
2024-07-07 14:00:00,-94.8656,76.16438
2024-07-07 15:00:00,-84.99065,58.51181
2024-07-07 16:00:00,-71.34802,49.859615
2024-07-07 17:00:00,-40.90474,38.699463
2024-07-07 18:00:00,4.6525955,29.034199
2024-07-07 19:00:00,34.58716,21.123545
2024-07-07 20:00:00,48.052982,22.019379
2024-07-07 21:00:00,52.920036,23.040884
2024-07-07 22:00:00,49.56743,20.979578
2024-07-07 23:00:00,34.858536,22.58819
2024-07-08 00:00:00,61.33174,11.068543
2024-07-08 01:00:00,53.234474,9.863882
2024-07-08 02:00:00,44.13523,10.979645
2024-07-08 03:00:00,41.70674,10.738296
2024-07-08 04:00:00,42.30121,10.461092
2024-07-08 05:00:00,47.23251,11.825585
2024-07-08 06:00:00,70.119934,13.90567
2024-07-08 07:00:00,89.07752,15.808786
2024-07-08 08:00:00,91.938156,18.7636
2024-07-08 09:00:00,80.33059,17.655275
2024-07-08 10:00:00,68.04261,16.41681
2024-07-08 11:00:00,56.858707,16.435085
2024-07-08 12:00:00,47.93441,21.108786
2024-07-08 13:00:00,48.027817,17.667099
2024-07-08 14:00:00,37.962463,16.446247
2024-07-08 15:00:00,36.191963,17.011631
2024-07-08 16:00:00,46.55845,15.828863
2024-07-08 17:00:00,57.943283,15.702357
2024-07-08 18:00:00,89.32131,21.253408
2024-07-08 19:00:00,116.16631,30.90233
2024-07-08 20:00:00,114.04017,23.610327
2024-07-08 21:00:00,102.834625,15.13422
2024-07-08 22:00:00,94.06582,13.673874
2024-07-08 23:00:00,75.13561,11.8902445
2024-07-09 00:00:00,80.72841,17.113441
2024-07-09 01:00:00,65.635895,12.412832
2024-07-09 02:00:00,60.21368,13.439267
2024-07-09 03:00:00,57.058586,12.049253
2024-07-09 04:00:00,54.32482,13.447885
2024-07-09 05:00:00,61.0149,14.988401
2024-07-09 06:00:00,83.25963,17.218046
2024-07-09 07:00:00,103.12338,21.218826
2024-07-09 08:00:00,102.989105,22.25491
2024-07-09 09:00:00,86.56972,22.619745
2024-07-09 10:00:00,65.70918,19.848976
2024-07-09 11:00:00,60.21279,19.051832
2024-07-09 12:00:00,46.873734,24.293941
2024-07-09 13:00:00,46.907654,19.939287
2024-07-09 14:00:00,42.406906,21.302666
2024-07-09 15:00:00,37.172394,20.684134
2024-07-09 16:00:00,51.97891,21.146683
2024-07-09 17:00:00,65.960434,18.240751
2024-07-09 18:00:00,90.92836,24.585756
2024-07-09 19:00:00,118.40528,35.396107
2024-07-09 20:00:00,125.38934,26.929678
2024-07-09 21:00:00,111.805115,17.869099
2024-07-09 22:00:00,99.8363,17.010193
2024-07-09 23:00:00,80.968346,14.220988
2024-07-10 00:00:00,72.7942,14.556408
2024-07-10 01:00:00,58.29049,12.126782
2024-07-10 02:00:00,53.77557,13.063751
2024-07-10 03:00:00,48.798836,12.489958
2024-07-10 04:00:00,45.30217,13.240736
2024-07-10 05:00:00,53.89068,13.713314
2024-07-10 06:00:00,79.648056,16.668926
2024-07-10 07:00:00,91.89536,17.487513
2024-07-10 08:00:00,99.023186,20.059652
2024-07-10 09:00:00,78.51958,19.618975
2024-07-10 10:00:00,55.599102,19.1095
2024-07-10 11:00:00,42.971874,20.350512
2024-07-10 12:00:00,33.160255,24.232067
2024-07-10 13:00:00,27.24318,21.39081
2024-07-10 14:00:00,25.59848,22.723114
2024-07-10 15:00:00,27.902283,25.710087
2024-07-10 16:00:00,30.895828,22.591768
2024-07-10 17:00:00,48.143,20.13424
2024-07-10 18:00:00,76.415924,21.777794
2024-07-10 19:00:00,102.21001,26.46447
2024-07-10 20:00:00,104.891884,24.982607
2024-07-10 21:00:00,97.83351,19.618849
2024-07-10 22:00:00,84.69166,15.316433
2024-07-10 23:00:00,71.99617,15.339882
2024-07-11 00:00:00,64.21327,15.477415
2024-07-11 01:00:00,49.05551,13.397781
2024-07-11 02:00:00,43.314774,14.196631
2024-07-11 03:00:00,38.453583,14.162802
2024-07-11 04:00:00,35.68186,14.381589
2024-07-11 05:00:00,41.805733,15.034518
2024-07-11 06:00:00,64.05171,19.256153
2024-07-11 07:00:00,70.92229,19.232105
2024-07-11 08:00:00,75.28056,22.957901
2024-07-11 09:00:00,50.77801,22.60703
2024-07-11 10:00:00,29.471016,22.22756
2024-07-11 11:00:00,19.156937,25.366642
2024-07-11 12:00:00,6.6586304,28.832048
2024-07-11 13:00:00,-2.141838,29.35148
2024-07-11 14:00:00,-5.7456207,29.36422
2024-07-11 15:00:00,2.1146317,32.244217
2024-07-11 16:00:00,11.251404,26.398071
2024-07-11 17:00:00,35.982834,22.0436
2024-07-11 18:00:00,66.60788,23.313534
2024-07-11 19:00:00,93.30234,26.229294
2024-07-11 20:00:00,101.01942,24.251566
2024-07-11 21:00:00,96.60472,21.068075
2024-07-11 22:00:00,84.56626,16.90314
2024-07-11 23:00:00,68.64278,17.126015
2024-07-12 00:00:00,81.39508,12.792559
2024-07-12 01:00:00,67.04135,11.725497
2024-07-12 02:00:00,60.393253,11.62364
2024-07-12 03:00:00,52.019592,11.360491
2024-07-12 04:00:00,52.034763,10.938702
2024-07-12 05:00:00,55.067616,13.573104
2024-07-12 06:00:00,74.86398,15.889938
2024-07-12 07:00:00,84.35916,16.333187
2024-07-12 08:00:00,95.29629,18.114101
2024-07-12 09:00:00,84.52428,18.323572
2024-07-12 10:00:00,70.3914,18.121527
2024-07-12 11:00:00,64.99315,18.730072
2024-07-12 12:00:00,54.825886,21.645838
2024-07-12 13:00:00,50.927284,19.805653
2024-07-12 14:00:00,32.521996,21.660326
2024-07-12 15:00:00,35.998383,21.840677
2024-07-12 16:00:00,42.130604,19.244604
2024-07-12 17:00:00,58.960934,18.836466
2024-07-12 18:00:00,86.84781,19.127184
2024-07-12 19:00:00,108.27618,22.686403
2024-07-12 20:00:00,112.26259,19.890484
2024-07-12 21:00:00,106.36109,16.714012
2024-07-12 22:00:00,97.01376,15.182233
2024-07-12 23:00:00,78.93501,14.19886
2024-07-13 00:00:00,70.74609,13.875491
2024-07-13 01:00:00,53.763695,13.348846
2024-07-13 02:00:00,43.678932,14.544098
2024-07-13 03:00:00,35.949654,16.961788
2024-07-13 04:00:00,35.2621,16.532404
2024-07-13 05:00:00,27.158913,18.778393
2024-07-13 06:00:00,29.182625,20.359903
2024-07-13 07:00:00,27.933113,19.969536
2024-07-13 08:00:00,32.116173,20.788502
2024-07-13 09:00:00,29.972794,21.981697
2024-07-13 10:00:00,21.15316,23.427523
2024-07-13 11:00:00,13.060738,25.925371
2024-07-13 12:00:00,12.849075,28.232958
2024-07-13 13:00:00,-4.9386215,33.145058
2024-07-13 14:00:00,-18.279587,32.9986
2024-07-13 15:00:00,-6.406067,35.274605
2024-07-13 16:00:00,5.6733932,27.438595
2024-07-13 17:00:00,28.542374,25.275316
2024-07-13 18:00:00,54.73848,19.984596
2024-07-13 19:00:00,77.03095,17.489004
2024-07-13 20:00:00,92.38612,17.330349
2024-07-13 21:00:00,87.35012,17.506512
2024-07-13 22:00:00,81.69788,17.168259
2024-07-13 23:00:00,74.46015,17.386219
2024-07-14 00:00:00,53.215202,16.459682
2024-07-14 01:00:00,39.34565,15.580997
2024-07-14 02:00:00,27.01947,15.303964
2024-07-14 03:00:00,20.060417,17.223827
2024-07-14 04:00:00,14.881691,18.360804
2024-07-14 05:00:00,16.938072,21.204014
2024-07-14 06:00:00,16.088104,20.543556
2024-07-14 07:00:00,11.076347,21.927853
2024-07-14 08:00:00,11.861305,23.785315
2024-07-14 09:00:00,7.583542,23.456112
2024-07-14 10:00:00,-2.3872375,26.61656
2024-07-14 11:00:00,-8.914207,35.915653
2024-07-14 12:00:00,-8.390968,45.284603
2024-07-14 13:00:00,-21.297295,46.76579
2024-07-14 14:00:00,-29.910843,50.229282
2024-07-14 15:00:00,-20.736069,47.568054
2024-07-14 16:00:00,-7.316963,34.700893
2024-07-14 17:00:00,12.400673,31.211102
2024-07-14 18:00:00,49.42228,21.640865
2024-07-14 19:00:00,73.103836,16.654863
2024-07-14 20:00:00,84.61619,16.78527
2024-07-14 21:00:00,85.35437,16.92917
2024-07-14 22:00:00,85.253235,15.69486
2024-07-14 23:00:00,70.417496,16.277132
2024-07-15 00:00:00,78.114975,11.864356
2024-07-15 01:00:00,67.083206,11.101774
2024-07-15 02:00:00,64.149124,10.981115
2024-07-15 03:00:00,63.982086,10.705423
2024-07-15 04:00:00,64.21474,10.890831
2024-07-15 05:00:00,67.435196,11.724583
2024-07-15 06:00:00,88.89405,13.635816
2024-07-15 07:00:00,104.29021,16.205547
2024-07-15 08:00:00,102.41193,19.125038
2024-07-15 09:00:00,81.75865,17.320978
2024-07-15 10:00:00,62.360718,17.015533
2024-07-15 11:00:00,53.785946,18.242386
2024-07-15 12:00:00,45.379944,25.555471
2024-07-15 13:00:00,36.311256,20.253254
2024-07-15 14:00:00,35.471893,22.205238
2024-07-15 15:00:00,36.282333,20.773125
2024-07-15 16:00:00,50.031723,18.048424
2024-07-15 17:00:00,62.404827,17.253096
2024-07-15 18:00:00,95.67038,24.644999
2024-07-15 19:00:00,115.941055,31.565489
2024-07-15 20:00:00,112.56325,25.52718
2024-07-15 21:00:00,102.05749,18.07065
2024-07-15 22:00:00,93.563416,15.70528
2024-07-15 23:00:00,75.64267,16.001186
2024-07-16 00:00:00,41.80323,22.802021
2024-07-16 01:00:00,22.503609,21.953804
2024-07-16 02:00:00,11.716965,27.641964
2024-07-16 03:00:00,2.6277847,26.27632
2024-07-16 04:00:00,-2.0599213,27.778612
2024-07-16 05:00:00,1.6754532,30.02983
2024-07-16 06:00:00,12.142052,33.832676
2024-07-16 07:00:00,17.899834,33.41932
2024-07-16 08:00:00,26.197205,33.05001
2024-07-16 09:00:00,15.404823,36.975918
2024-07-16 10:00:00,-17.390732,46.152927
2024-07-16 11:00:00,-26.333313,53.93309
2024-07-16 12:00:00,-24.237747,86.750244
2024-07-16 13:00:00,-40.474243,72.24437
2024-07-16 14:00:00,-45.65645,98.17504
2024-07-16 15:00:00,-34.843124,78.00137
2024-07-16 16:00:00,-36.150543,67.12951
2024-07-16 17:00:00,-11.497177,46.65481
2024-07-16 18:00:00,31.95594,38.60266
2024-07-16 19:00:00,61.869495,25.291945
2024-07-16 20:00:00,75.90401,26.39497
2024-07-16 21:00:00,82.20288,25.757984
2024-07-16 22:00:00,75.77595,23.628195
2024-07-16 23:00:00,66.88133,29.709553
2024-07-17 00:00:00,71.41702,12.718483
2024-07-17 01:00:00,61.16108,11.722433
2024-07-17 02:00:00,55.634056,12.850326
2024-07-17 03:00:00,52.63909,12.514834
2024-07-17 04:00:00,50.163834,12.144642
2024-07-17 05:00:00,57.722652,13.833981
2024-07-17 06:00:00,81.51647,15.439804
2024-07-17 07:00:00,95.42068,17.879997
2024-07-17 08:00:00,94.65781,19.144197
2024-07-17 09:00:00,75.40399,20.331253
2024-07-17 10:00:00,55.0313,19.189981
2024-07-17 11:00:00,45.51246,21.366724
2024-07-17 12:00:00,37.506317,24.578901
2024-07-17 13:00:00,29.422256,23.875343
2024-07-17 14:00:00,28.34806,24.299213
2024-07-17 15:00:00,29.662445,23.23768
2024-07-17 16:00:00,40.80478,20.802101
2024-07-17 17:00:00,59.181606,16.933847
2024-07-17 18:00:00,90.9464,21.595558
2024-07-17 19:00:00,120.82567,28.981617
2024-07-17 20:00:00,127.24301,26.861616
2024-07-17 21:00:00,119.29916,19.852837
2024-07-17 22:00:00,104.14897,14.768341
2024-07-17 23:00:00,89.08318,13.7667
2024-07-18 00:00:00,87.55737,11.041097
2024-07-18 01:00:00,72.84804,8.985483
2024-07-18 02:00:00,68.90939,9.249123
2024-07-18 03:00:00,65.55206,8.174509
2024-07-18 04:00:00,61.732487,8.986403
2024-07-18 05:00:00,69.15409,10.2492895
2024-07-18 06:00:00,89.44999,12.090365
2024-07-18 07:00:00,100.54375,14.2409315
2024-07-18 08:00:00,100.48539,15.060764
2024-07-18 09:00:00,82.38375,16.151203
2024-07-18 10:00:00,61.07392,15.179668
2024-07-18 11:00:00,52.85274,15.107155
2024-07-18 12:00:00,42.70713,20.951492
2024-07-18 13:00:00,38.84852,17.26158
2024-07-18 14:00:00,33.79831,18.349094
2024-07-18 15:00:00,34.30327,19.542492
2024-07-18 16:00:00,43.843277,16.519857
2024-07-18 17:00:00,60.540245,14.2160015
2024-07-18 18:00:00,86.92645,17.515682
2024-07-18 19:00:00,112.46004,23.207235
2024-07-18 20:00:00,119.29477,19.779562
2024-07-18 21:00:00,113.93781,14.901467
2024-07-18 22:00:00,101.96399,12.908101
2024-07-18 23:00:00,85.61181,11.20351
2024-07-19 00:00:00,92.796326,11.493339
2024-07-19 01:00:00,81.083916,9.644777
2024-07-19 02:00:00,77.45454,9.591363
2024-07-19 03:00:00,72.55871,9.146933
2024-07-19 04:00:00,72.92688,9.40252
2024-07-19 05:00:00,76.18529,10.914339
2024-07-19 06:00:00,95.881134,13.261267
2024-07-19 07:00:00,103.91517,14.434902
2024-07-19 08:00:00,109.803604,15.850107
2024-07-19 09:00:00,90.638954,16.27513
2024-07-19 10:00:00,72.359116,14.987997
2024-07-19 11:00:00,61.34417,15.260144
2024-07-19 12:00:00,51.30089,19.394201
2024-07-19 13:00:00,49.654324,16.884996
2024-07-19 14:00:00,44.678123,17.065027
2024-07-19 15:00:00,43.78633,19.460396
2024-07-19 16:00:00,54.340317,17.572279
2024-07-19 17:00:00,73.16199,15.294113
2024-07-19 18:00:00,95.34676,17.8226
2024-07-19 19:00:00,119.81939,22.720028
2024-07-19 20:00:00,123.956696,22.109245
2024-07-19 21:00:00,116.35382,14.893806
2024-07-19 22:00:00,107.293335,12.668009
2024-07-19 23:00:00,91.993774,11.349568
2024-07-20 00:00:00,93.22909,10.340126
2024-07-20 01:00:00,77.01933,9.563401
2024-07-20 02:00:00,71.59165,9.914669
2024-07-20 03:00:00,66.32421,10.621354
2024-07-20 04:00:00,63.374264,11.292481
2024-07-20 05:00:00,61.448856,12.639106
2024-07-20 06:00:00,68.20352,15.087564
2024-07-20 07:00:00,67.68294,15.204801
2024-07-20 08:00:00,69.973785,16.173384
2024-07-20 09:00:00,55.58053,18.423218
2024-07-20 10:00:00,40.94087,17.992765
2024-07-20 11:00:00,34.47058,19.320158
2024-07-20 12:00:00,24.419823,23.702047
2024-07-20 13:00:00,12.497932,26.72087
2024-07-20 14:00:00,3.9730377,25.028404
2024-07-20 15:00:00,14.050255,28.594995
2024-07-20 16:00:00,24.817955,23.657137
2024-07-20 17:00:00,48.072655,19.62864
2024-07-20 18:00:00,73.958916,17.434126
2024-07-20 19:00:00,100.086494,16.872517
2024-07-20 20:00:00,111.484665,16.942167
2024-07-20 21:00:00,108.051704,15.1715
2024-07-20 22:00:00,101.68475,12.737869
2024-07-20 23:00:00,90.38298,12.605782
2024-07-21 00:00:00,87.94646,11.027939
2024-07-21 01:00:00,72.28961,10.239902
2024-07-21 02:00:00,65.324394,11.772155
2024-07-21 03:00:00,59.95714,12.312078
2024-07-21 04:00:00,57.355007,13.00696
2024-07-21 05:00:00,50.205563,15.531826
2024-07-21 06:00:00,51.269215,18.330837
2024-07-21 07:00:00,44.291225,17.55739
2024-07-21 08:00:00,44.080833,19.165543
2024-07-21 09:00:00,34.535164,22.049562
2024-07-21 10:00:00,18.798668,23.033186
2024-07-21 11:00:00,10.892174,23.910746
2024-07-21 12:00:00,3.6152954,33.61435
2024-07-21 13:00:00,-11.038155,37.403645
2024-07-21 14:00:00,-21.719856,39.460674
2024-07-21 15:00:00,-6.7121353,40.097908
2024-07-21 16:00:00,4.68766,31.413834
2024-07-21 17:00:00,24.4374,24.85557
2024-07-21 18:00:00,55.859566,19.508377
2024-07-21 19:00:00,83.58786,15.150269
2024-07-21 20:00:00,101.337944,15.786711
2024-07-21 21:00:00,104.08684,15.20754
2024-07-21 22:00:00,99.45129,13.257595
2024-07-21 23:00:00,86.764336,15.207879
2024-07-22 00:00:00,74.409256,13.074831
2024-07-22 01:00:00,63.553883,12.864796
2024-07-22 02:00:00,61.286247,13.113629
2024-07-22 03:00:00,60.27136,12.539039
2024-07-22 04:00:00,58.988266,12.812145
2024-07-22 05:00:00,62.837597,15.2987
2024-07-22 06:00:00,74.09364,18.08577
2024-07-22 07:00:00,78.93855,18.523941
2024-07-22 08:00:00,79.14322,20.080683
2024-07-22 09:00:00,61.9597,21.562836
2024-07-22 10:00:00,44.684303,21.485739
2024-07-22 11:00:00,35.86995,24.87401
2024-07-22 12:00:00,31.59111,33.017986
2024-07-22 13:00:00,20.356049,30.139206
2024-07-22 14:00:00,14.373787,33.822258
2024-07-22 15:00:00,25.162193,31.77795
2024-07-22 16:00:00,31.460854,27.14822
2024-07-22 17:00:00,47.249886,22.054195
2024-07-22 18:00:00,74.549675,23.608585
2024-07-22 19:00:00,98.76382,23.679678
2024-07-22 20:00:00,100.47519,23.659626
2024-07-22 21:00:00,99.575935,19.694242
2024-07-22 22:00:00,90.86689,17.381283
2024-07-22 23:00:00,78.50381,19.137737
2024-07-23 00:00:00,76.214485,14.878953
2024-07-23 01:00:00,62.49773,13.721102
2024-07-23 02:00:00,58.03014,14.129979
2024-07-23 03:00:00,54.59472,13.79557
2024-07-23 04:00:00,53.158913,15.30707
2024-07-23 05:00:00,57.1856,16.087288
2024-07-23 06:00:00,69.16818,18.878965
2024-07-23 07:00:00,70.7722,18.93962
2024-07-23 08:00:00,76.656746,22.237444
2024-07-23 09:00:00,63.426018,22.211235
2024-07-23 10:00:00,47.200077,25.883226
2024-07-23 11:00:00,41.051895,24.867205
2024-07-23 12:00:00,35.86406,32.671116
2024-07-23 13:00:00,25.435356,30.152737
2024-07-23 14:00:00,21.178596,35.247158
2024-07-23 15:00:00,27.882431,31.303877
2024-07-23 16:00:00,31.850502,29.67573
2024-07-23 17:00:00,48.963177,23.873844
2024-07-23 18:00:00,72.4207,23.732935
2024-07-23 19:00:00,95.33562,23.23174
2024-07-23 20:00:00,99.52324,20.5006
2024-07-23 21:00:00,101.68205,18.224897
2024-07-23 22:00:00,93.26747,16.609352
2024-07-23 23:00:00,83.23004,18.023977
2024-07-24 00:00:00,79.80991,10.954964
2024-07-24 01:00:00,70.90673,9.972597
2024-07-24 02:00:00,67.606735,10.558978
2024-07-24 03:00:00,64.48779,10.177336
2024-07-24 04:00:00,62.517097,10.363637
2024-07-24 05:00:00,69.131226,11.13279
2024-07-24 06:00:00,86.56321,13.059586
2024-07-24 07:00:00,97.332016,14.953135
2024-07-24 08:00:00,98.03753,16.162477
2024-07-24 09:00:00,80.625435,16.574862
2024-07-24 10:00:00,62.74377,16.646574
2024-07-24 11:00:00,56.679714,18.140137
2024-07-24 12:00:00,49.203228,21.36278
2024-07-24 13:00:00,41.951435,20.92473
2024-07-24 14:00:00,38.68608,21.13594
2024-07-24 15:00:00,43.00372,20.922447
2024-07-24 16:00:00,50.938522,17.922844
2024-07-24 17:00:00,67.417076,14.980753
2024-07-24 18:00:00,91.908264,18.439375
2024-07-24 19:00:00,116.37403,22.96884
2024-07-24 20:00:00,119.74422,20.449408
2024-07-24 21:00:00,115.326385,15.671879
2024-07-24 22:00:00,104.60946,13.031425
2024-07-24 23:00:00,90.86503,12.666019
2024-07-25 00:00:00,79.76727,10.132469
2024-07-25 01:00:00,66.87814,8.676211
2024-07-25 02:00:00,62.763947,9.361059
2024-07-25 03:00:00,60.674488,8.50142
2024-07-25 04:00:00,57.82266,9.008274
2024-07-25 05:00:00,65.41231,9.840311
2024-07-25 06:00:00,82.08809,11.664569
2024-07-25 07:00:00,90.45093,12.319756
2024-07-25 08:00:00,92.85042,14.036467
2024-07-25 09:00:00,78.3377,14.414203
2024-07-25 10:00:00,58.944466,15.390356
2024-07-25 11:00:00,54.60058,15.558037
2024-07-25 12:00:00,43.25417,21.23024
2024-07-25 13:00:00,37.167793,17.842155
2024-07-25 14:00:00,31.728607,20.580332
2024-07-25 15:00:00,37.316277,19.604393
2024-07-25 16:00:00,43.876434,17.004421
2024-07-25 17:00:00,57.594852,14.303383
2024-07-25 18:00:00,83.30582,16.258804
2024-07-25 19:00:00,104.88184,19.522131
2024-07-25 20:00:00,108.03614,17.147526
2024-07-25 21:00:00,106.777855,13.892808
2024-07-25 22:00:00,97.710434,12.106766
2024-07-25 23:00:00,83.09014,12.634013
2024-07-26 00:00:00,80.46971,8.337803
2024-07-26 01:00:00,68.72175,6.7750745
2024-07-26 02:00:00,64.56994,7.3040743
2024-07-26 03:00:00,63.315094,6.7545624
2024-07-26 04:00:00,60.779896,7.1594
2024-07-26 05:00:00,65.59993,8.408439
2024-07-26 06:00:00,80.27881,9.043169
2024-07-26 07:00:00,87.07771,9.990912
2024-07-26 08:00:00,88.66643,10.7146225
2024-07-26 09:00:00,75.09619,11.941575
2024-07-26 10:00:00,58.90919,13.106647
2024-07-26 11:00:00,51.211945,13.486786
2024-07-26 12:00:00,43.297928,18.158184
2024-07-26 13:00:00,37.51323,15.177209
2024-07-26 14:00:00,30.647087,17.24171
2024-07-26 15:00:00,35.367203,16.492195
2024-07-26 16:00:00,42.577713,14.43232
2024-07-26 17:00:00,58.539925,11.592434
2024-07-26 18:00:00,84.234146,12.6899
2024-07-26 19:00:00,108.06244,15.865143
2024-07-26 20:00:00,111.05424,15.591514
2024-07-26 21:00:00,110.68368,11.978234
2024-07-26 22:00:00,101.0363,9.915837
2024-07-26 23:00:00,88.849785,9.867001
2024-07-27 00:00:00,84.097374,7.69167
2024-07-27 01:00:00,74.93216,6.3278084
2024-07-27 02:00:00,70.59801,7.628908
2024-07-27 03:00:00,68.29268,7.710131
2024-07-27 04:00:00,65.585434,8.084915
2024-07-27 05:00:00,63.39406,9.024724
2024-07-27 06:00:00,69.45805,10.658714
2024-07-27 07:00:00,70.91237,10.879813
2024-07-27 08:00:00,73.32021,10.856711
2024-07-27 09:00:00,63.893562,13.537474
2024-07-27 10:00:00,53.27961,13.330292
2024-07-27 11:00:00,47.75481,12.575265
2024-07-27 12:00:00,43.014305,15.17121
2024-07-27 13:00:00,34.072678,17.3846
2024-07-27 14:00:00,23.407005,16.623404
2024-07-27 15:00:00,32.22686,18.649601
2024-07-27 16:00:00,39.16987,14.60312
2024-07-27 17:00:00,52.755318,13.460498
2024-07-27 18:00:00,69.20144,13.348946
2024-07-27 19:00:00,89.45922,13.108528
2024-07-27 20:00:00,91.76583,12.857925
2024-07-27 21:00:00,89.5214,10.754481
2024-07-27 22:00:00,86.31636,11.019753
2024-07-27 23:00:00,77.63565,10.891928
2024-07-28 00:00:00,76.33487,9.224034
2024-07-28 01:00:00,65.63402,8.291675
2024-07-28 02:00:00,59.71273,8.856197
2024-07-28 03:00:00,57.145367,9.413601
2024-07-28 04:00:00,55.57228,10.247824
2024-07-28 05:00:00,53.433475,10.888709
2024-07-28 06:00:00,52.411552,12.049348
2024-07-28 07:00:00,50.69809,13.290132
2024-07-28 08:00:00,47.28258,14.12599
2024-07-28 09:00:00,41.16392,14.802032
2024-07-28 10:00:00,31.70668,15.535902
2024-07-28 11:00:00,24.051468,19.124748
2024-07-28 12:00:00,22.0178,22.635704
2024-07-28 13:00:00,9.693901,25.003542
2024-07-28 14:00:00,6.655838,26.226559
2024-07-28 15:00:00,16.12014,26.761654
2024-07-28 16:00:00,26.468674,19.923439
2024-07-28 17:00:00,43.249912,17.921383
2024-07-28 18:00:00,64.294754,15.098357
2024-07-28 19:00:00,81.827675,12.774876
2024-07-28 20:00:00,90.45981,11.799005
2024-07-28 21:00:00,89.36409,11.349451
2024-07-28 22:00:00,85.99858,9.99838
2024-07-28 23:00:00,77.50515,11.017243
2024-07-29 00:00:00,59.61022,12.113833
2024-07-29 01:00:00,49.62446,12.506499
2024-07-29 02:00:00,47.47563,12.159657
2024-07-29 03:00:00,44.031757,14.039442
2024-07-29 04:00:00,44.720005,13.812286
2024-07-29 05:00:00,51.889824,12.725387
2024-07-29 06:00:00,67.5159,15.1081915
2024-07-29 07:00:00,79.71444,16.324944
2024-07-29 08:00:00,77.33867,18.8648
2024-07-29 09:00:00,57.89383,19.79499
2024-07-29 10:00:00,45.655216,20.049416
2024-07-29 11:00:00,32.023117,26.101706
2024-07-29 12:00:00,28.374977,29.295757
2024-07-29 13:00:00,18.998009,27.610949
2024-07-29 14:00:00,19.909874,28.198858
2024-07-29 15:00:00,27.0578,25.952948
2024-07-29 16:00:00,36.25106,24.04728
2024-07-29 17:00:00,53.50141,20.737461
2024-07-29 18:00:00,82.5058,22.786072
2024-07-29 19:00:00,103.72005,26.010918
2024-07-29 20:00:00,106.52837,23.41667
2024-07-29 21:00:00,98.531845,18.764936
2024-07-29 22:00:00,89.774315,14.402892
2024-07-29 23:00:00,80.40257,15.082267
2024-07-30 00:00:00,75.00113,10.36075
2024-07-30 01:00:00,65.219925,9.992855
2024-07-30 02:00:00,62.280014,9.185141
2024-07-30 03:00:00,61.310097,9.398033
2024-07-30 04:00:00,61.827744,9.758411
2024-07-30 05:00:00,66.34427,10.012558
2024-07-30 06:00:00,88.96323,11.919971
2024-07-30 07:00:00,103.77893,16.141737
2024-07-30 08:00:00,103.57132,17.1965
2024-07-30 09:00:00,83.896324,15.2309885
2024-07-30 10:00:00,69.09061,15.722192
2024-07-30 11:00:00,59.4502,16.990526
2024-07-30 12:00:00,53.82655,20.704632
2024-07-30 13:00:00,47.34326,18.630999
2024-07-30 14:00:00,45.450195,17.693434
2024-07-30 15:00:00,46.152657,16.965904
2024-07-30 16:00:00,55.347748,15.606854
2024-07-30 17:00:00,71.019516,14.168543
2024-07-30 18:00:00,96.4367,21.036322
2024-07-30 19:00:00,121.45885,28.912367
2024-07-30 20:00:00,118.989174,24.658861
2024-07-30 21:00:00,108.100204,15.012134
2024-07-30 22:00:00,98.22545,13.279174
2024-07-30 23:00:00,83.54527,11.427537
2024-07-31 00:00:00,78.90569,12.155089
2024-07-31 01:00:00,65.432655,9.442847
2024-07-31 02:00:00,61.167084,11.4664955
2024-07-31 03:00:00,61.84435,10.092668
2024-07-31 04:00:00,59.87293,10.534015
2024-07-31 05:00:00,68.32153,11.432052
2024-07-31 06:00:00,89.43777,12.98822
2024-07-31 07:00:00,104.05979,16.852222
2024-07-31 08:00:00,103.50818,17.256334
2024-07-31 09:00:00,85.03336,15.855008
2024-07-31 10:00:00,64.49724,17.240116
2024-07-31 11:00:00,59.41943,16.302963
2024-07-31 12:00:00,51.56204,20.582153
2024-07-31 13:00:00,44.604534,16.596205
2024-07-31 14:00:00,43.897568,19.787127
2024-07-31 15:00:00,46.26225,16.948103
2024-07-31 16:00:00,50.522945,16.18713
2024-07-31 17:00:00,66.235115,15.280559
2024-07-31 18:00:00,89.42534,22.031235
2024-07-31 19:00:00,115.83287,30.795965
2024-07-31 20:00:00,113.13646,26.678251
2024-07-31 21:00:00,108.6856,15.3206215
2024-07-31 22:00:00,96.37308,15.7336855
2024-07-31 23:00:00,79.28487,13.999934
2024-08-01 00:00:00,76.611,10.687948
2024-08-01 01:00:00,67.9794,8.778258
2024-08-01 02:00:00,62.480686,9.730963
2024-08-01 03:00:00,62.084274,8.568098
2024-08-01 04:00:00,62.138607,8.597636
2024-08-01 05:00:00,67.16524,10.4312105
2024-08-01 06:00:00,84.801605,11.210368
2024-08-01 07:00:00,96.280106,13.429582
2024-08-01 08:00:00,98.242455,13.513595
2024-08-01 09:00:00,82.23169,14.979417
2024-08-01 10:00:00,68.93707,14.915266
2024-08-01 11:00:00,63.563095,13.814594
2024-08-01 12:00:00,55.94365,17.266973
2024-08-01 13:00:00,51.525524,13.822572
2024-08-01 14:00:00,46.900845,16.64279
2024-08-01 15:00:00,48.64917,14.611069
2024-08-01 16:00:00,58.410458,14.116839
2024-08-01 17:00:00,69.65964,12.515377
2024-08-01 18:00:00,91.62895,17.108622
2024-08-01 19:00:00,114.20449,23.399773
2024-08-01 20:00:00,114.99195,22.763243
2024-08-01 21:00:00,110.18658,14.5283985
2024-08-01 22:00:00,99.11357,13.5374565
2024-08-01 23:00:00,85.82115,12.033184
2024-08-02 00:00:00,89.57323,10.506768
2024-08-02 01:00:00,80.81079,9.087663
2024-08-02 02:00:00,76.97812,8.607624
2024-08-02 03:00:00,73.294174,8.173855
2024-08-02 04:00:00,75.00441,8.447163
2024-08-02 05:00:00,76.62268,9.437376
2024-08-02 06:00:00,92.89755,11.576655
2024-08-02 07:00:00,98.84916,12.701584
2024-08-02 08:00:00,106.21337,14.155386
2024-08-02 09:00:00,91.04471,14.168736
2024-08-02 10:00:00,79.26666,13.304739
2024-08-02 11:00:00,71.93857,12.656462
2024-08-02 12:00:00,64.59269,16.249392
2024-08-02 13:00:00,61.837666,13.989081
2024-08-02 14:00:00,55.28352,14.842392
2024-08-02 15:00:00,55.54245,16.416983
2024-08-02 16:00:00,63.264214,14.346059
2024-08-02 17:00:00,75.094315,13.154405
2024-08-02 18:00:00,91.913925,15.617162
2024-08-02 19:00:00,109.695526,19.927797
2024-08-02 20:00:00,109.905334,17.94251
2024-08-02 21:00:00,103.49527,12.982614
2024-08-02 22:00:00,98.10664,11.934545
2024-08-02 23:00:00,86.469696,10.8448305
2024-08-03 00:00:00,80.400116,15.229249
2024-08-03 01:00:00,69.59863,16.270859
2024-08-03 02:00:00,64.05964,17.276354
2024-08-03 03:00:00,58.411407,19.151241
2024-08-03 04:00:00,57.17578,19.24751
2024-08-03 05:00:00,52.725636,20.408863
2024-08-03 06:00:00,63.550987,27.034256
2024-08-03 07:00:00,64.21272,24.11068
2024-08-03 08:00:00,68.710144,23.493792
2024-08-03 09:00:00,59.4276,25.91422
2024-08-03 10:00:00,47.98545,28.519934
2024-08-03 11:00:00,44.710773,25.360733
2024-08-03 12:00:00,32.976555,34.770363
2024-08-03 13:00:00,23.310272,38.024315
2024-08-03 14:00:00,20.390236,40.091717
2024-08-03 15:00:00,25.397202,41.94868
2024-08-03 16:00:00,24.319412,36.33641
2024-08-03 17:00:00,37.232803,33.79172
2024-08-03 18:00:00,55.909565,23.79632
2024-08-03 19:00:00,70.068726,24.304579
2024-08-03 20:00:00,74.70521,23.252417
2024-08-03 21:00:00,73.14336,22.438232
2024-08-03 22:00:00,71.243675,23.373528
2024-08-03 23:00:00,66.07752,24.759817
2024-08-04 00:00:00,70.827286,12.745536
2024-08-04 01:00:00,61.644413,11.90251
2024-08-04 02:00:00,54.791687,12.141139
2024-08-04 03:00:00,50.00901,12.989052
2024-08-04 04:00:00,49.0325,11.964004
2024-08-04 05:00:00,47.986324,14.781886
2024-08-04 06:00:00,46.977142,15.259544
2024-08-04 07:00:00,46.895905,16.420477
2024-08-04 08:00:00,47.20681,15.912766
2024-08-04 09:00:00,43.675888,18.495546
2024-08-04 10:00:00,39.884132,18.392672
2024-08-04 11:00:00,32.85328,20.157335
2024-08-04 12:00:00,31.817345,21.333038
2024-08-04 13:00:00,22.350082,23.062195
2024-08-04 14:00:00,12.973228,24.544048
2024-08-04 15:00:00,20.762085,23.230953
2024-08-04 16:00:00,34.11283,20.987892
2024-08-04 17:00:00,53.254658,17.752934
2024-08-04 18:00:00,75.83317,15.870451
2024-08-04 19:00:00,97.2936,14.574381
2024-08-04 20:00:00,108.12986,15.415328
2024-08-04 21:00:00,104.17149,14.370667
2024-08-04 22:00:00,96.06808,11.488858
2024-08-04 23:00:00,86.17653,11.286953
2024-08-05 00:00:00,75.81181,13.004848
2024-08-05 01:00:00,66.42767,12.01738
2024-08-05 02:00:00,63.638096,10.5255575
2024-08-05 03:00:00,61.89945,12.135718
2024-08-05 04:00:00,60.899593,12.045986
2024-08-05 05:00:00,66.62331,12.309884
2024-08-05 06:00:00,87.022385,14.651203
2024-08-05 07:00:00,102.34761,17.73093
2024-08-05 08:00:00,103.33623,19.699438
2024-08-05 09:00:00,80.48525,19.15005
2024-08-05 10:00:00,65.48505,18.757921
2024-08-05 11:00:00,55.848446,23.604343
2024-08-05 12:00:00,50.57868,26.26593
2024-08-05 13:00:00,44.096992,25.341301
2024-08-05 14:00:00,43.03139,24.34324
2024-08-05 15:00:00,47.886333,24.106964
2024-08-05 16:00:00,57.48329,20.259403
2024-08-05 17:00:00,75.08962,18.127691
2024-08-05 18:00:00,102.17979,25.158184
2024-08-05 19:00:00,125.293304,28.69032
2024-08-05 20:00:00,123.27291,26.074707
2024-08-05 21:00:00,115.33983,19.0051
2024-08-05 22:00:00,105.940926,14.787168
2024-08-05 23:00:00,90.937645,14.177824
2024-08-06 00:00:00,83.1216,12.059556
2024-08-06 01:00:00,67.990585,9.975744
2024-08-06 02:00:00,64.194244,10.6804285
2024-08-06 03:00:00,63.669598,11.156093
2024-08-06 04:00:00,59.80829,11.832099
2024-08-06 05:00:00,71.11125,11.4551935
2024-08-06 06:00:00,93.46636,12.609096
2024-08-06 07:00:00,111.649704,18.047647
2024-08-06 08:00:00,112.87713,18.25762
2024-08-06 09:00:00,90.25226,17.429535
2024-08-06 10:00:00,68.95963,17.914291
2024-08-06 11:00:00,62.81873,20.367876
2024-08-06 12:00:00,54.669525,24.256413
2024-08-06 13:00:00,47.401825,22.08416
2024-08-06 14:00:00,44.761513,21.91097
2024-08-06 15:00:00,50.357998,21.188354
2024-08-06 16:00:00,57.73673,18.621037
2024-08-06 17:00:00,77.29309,15.166407
2024-08-06 18:00:00,104.84127,22.599611
2024-08-06 19:00:00,133.65442,28.662592
2024-08-06 20:00:00,132.9341,26.314724
2024-08-06 21:00:00,127.61166,16.851604
2024-08-06 22:00:00,112.70955,12.730794
2024-08-06 23:00:00,96.071106,12.018684
2024-08-07 00:00:00,84.84296,11.330117
2024-08-07 01:00:00,70.418396,10.506816
2024-08-07 02:00:00,64.87621,11.619668
2024-08-07 03:00:00,63.53977,11.206414
2024-08-07 04:00:00,58.040867,11.565584
2024-08-07 05:00:00,67.220276,11.400379
2024-08-07 06:00:00,87.813385,14.206818
2024-08-07 07:00:00,97.85368,16.435217
2024-08-07 08:00:00,100.03562,18.345446
2024-08-07 09:00:00,82.692276,19.01513
2024-08-07 10:00:00,57.58974,19.312494
2024-08-07 11:00:00,50.553665,20.567888
2024-08-07 12:00:00,38.89073,29.817919
2024-08-07 13:00:00,31.328865,25.846436
2024-08-07 14:00:00,30.746468,28.380575
2024-08-07 15:00:00,37.310394,28.848818
2024-08-07 16:00:00,39.505157,24.055319
2024-08-07 17:00:00,54.518337,18.9836
2024-08-07 18:00:00,83.2596,20.326359
2024-08-07 19:00:00,110.068474,21.631638
2024-08-07 20:00:00,114.14161,21.68838
2024-08-07 21:00:00,114.53937,18.816172
2024-08-07 22:00:00,98.79371,13.229827
2024-08-07 23:00:00,85.84473,14.866392
2024-08-08 00:00:00,70.837776,11.949306
2024-08-08 01:00:00,56.751095,11.346354
2024-08-08 02:00:00,54.31987,13.445398
2024-08-08 03:00:00,52.96524,11.08119
2024-08-08 04:00:00,48.099056,11.034934
2024-08-08 05:00:00,56.317448,12.393188
2024-08-08 06:00:00,74.80746,13.729012
2024-08-08 07:00:00,83.82529,15.335984
2024-08-08 08:00:00,84.83804,16.502895
2024-08-08 09:00:00,69.14807,18.891878
2024-08-08 10:00:00,48.462032,19.583117
2024-08-08 11:00:00,40.021996,19.145893
2024-08-08 12:00:00,28.238724,28.545189
2024-08-08 13:00:00,20.640015,23.50663
2024-08-08 14:00:00,19.363823,27.01599
2024-08-08 15:00:00,22.161263,26.701246
2024-08-08 16:00:00,30.274239,22.350935
2024-08-08 17:00:00,45.40644,18.432146
2024-08-08 18:00:00,71.96711,18.26602
2024-08-08 19:00:00,94.46702,20.905008
2024-08-08 20:00:00,100.16843,21.81793
2024-08-08 21:00:00,100.47335,18.886482
2024-08-08 22:00:00,84.698364,14.955599
2024-08-08 23:00:00,76.22029,16.637383
2024-08-09 00:00:00,51.04647,16.53628
2024-08-09 01:00:00,32.1632,16.40459
2024-08-09 02:00:00,23.206978,20.630896
2024-08-09 03:00:00,14.026703,20.016998
2024-08-09 04:00:00,10.417839,19.508501
2024-08-09 05:00:00,14.4327545,21.485285
2024-08-09 06:00:00,26.74218,24.167578
2024-08-09 07:00:00,35.73047,21.961424
2024-08-09 08:00:00,40.804855,21.50626
2024-08-09 09:00:00,36.198128,24.648048
2024-08-09 10:00:00,9.105095,33.73843
2024-08-09 11:00:00,-0.15882874,35.593582
2024-08-09 12:00:00,-1.4553757,57.864277
2024-08-09 13:00:00,-11.243492,44.68319
2024-08-09 14:00:00,-15.759178,61.460373
2024-08-09 15:00:00,-8.722969,49.17307
2024-08-09 16:00:00,-9.958191,46.049217
2024-08-09 17:00:00,9.532097,30.950575
2024-08-09 18:00:00,48.292812,24.910137
2024-08-09 19:00:00,73.24894,18.418203
2024-08-09 20:00:00,85.25103,18.754816
2024-08-09 21:00:00,88.34492,18.86078
2024-08-09 22:00:00,80.09241,17.97735
2024-08-09 23:00:00,71.88743,22.389338
2024-08-10 00:00:00,68.594376,13.741084
2024-08-10 01:00:00,58.339577,13.695287
2024-08-10 02:00:00,51.44723,14.456344
2024-08-10 03:00:00,46.758583,16.365292
2024-08-10 04:00:00,44.417114,15.317478
2024-08-10 05:00:00,43.05163,16.896812
2024-08-10 06:00:00,52.17237,19.706678
2024-08-10 07:00:00,52.88643,19.87621
2024-08-10 08:00:00,52.046494,22.357447
2024-08-10 09:00:00,37.792824,24.810787
2024-08-10 10:00:00,21.443176,25.351982
2024-08-10 11:00:00,13.219215,30.641548
2024-08-10 12:00:00,7.3097687,39.11899
2024-08-10 13:00:00,-5.178467,41.30419
2024-08-10 14:00:00,-6.1291275,43.732994
2024-08-10 15:00:00,-0.1131134,39.932804
2024-08-10 16:00:00,8.441093,33.11507
2024-08-10 17:00:00,31.313026,27.174526
2024-08-10 18:00:00,60.54887,22.664625
2024-08-10 19:00:00,85.85006,22.193563
2024-08-10 20:00:00,96.538,21.612234
2024-08-10 21:00:00,96.030716,19.80974
2024-08-10 22:00:00,90.23313,15.773296
2024-08-10 23:00:00,77.75671,17.079485
2024-08-11 00:00:00,85.92065,9.804217
2024-08-11 01:00:00,68.48456,9.71573
2024-08-11 02:00:00,64.20471,9.767839
2024-08-11 03:00:00,62.02827,10.019143
2024-08-11 04:00:00,59.292656,11.215262
2024-08-11 05:00:00,58.56797,11.679051
2024-08-11 06:00:00,64.22035,15.445351
2024-08-11 07:00:00,63.578236,15.6861
2024-08-11 08:00:00,62.010525,19.36701
2024-08-11 09:00:00,43.226818,18.894846
2024-08-11 10:00:00,24.630486,19.797482
2024-08-11 11:00:00,17.02047,20.90215
2024-08-11 12:00:00,4.3400345,30.827501
2024-08-11 13:00:00,-8.753693,29.45769
2024-08-11 14:00:00,-10.464294,32.226017
2024-08-11 15:00:00,-3.408577,32.458412
2024-08-11 16:00:00,10.539398,25.118017
2024-08-11 17:00:00,31.2472,20.796528
2024-08-11 18:00:00,64.151184,19.847595
2024-08-11 19:00:00,89.10924,18.780151
2024-08-11 20:00:00,99.08863,16.798052
2024-08-11 21:00:00,99.30526,15.3432
2024-08-11 22:00:00,93.3658,12.166807
2024-08-11 23:00:00,79.72219,13.876515
2024-08-12 00:00:00,71.66286,12.200744
2024-08-12 01:00:00,57.850204,10.797764
2024-08-12 02:00:00,54.60418,10.519834
2024-08-12 03:00:00,53.688866,9.96863
2024-08-12 04:00:00,53.471577,10.526921
2024-08-12 05:00:00,60.968624,11.95274
2024-08-12 06:00:00,80.842865,13.147402
2024-08-12 07:00:00,98.06164,16.338589
2024-08-12 08:00:00,94.19699,18.288267
2024-08-12 09:00:00,70.57761,17.902594
2024-08-12 10:00:00,49.289642,17.90479
2024-08-12 11:00:00,37.967514,21.14522
2024-08-12 12:00:00,29.163376,27.204975
2024-08-12 13:00:00,20.488731,22.92199
2024-08-12 14:00:00,18.344658,23.984118
2024-08-12 15:00:00,21.380554,22.495935
2024-08-12 16:00:00,35.95854,20.900475
2024-08-12 17:00:00,57.437965,16.568317
2024-08-12 18:00:00,97.53395,22.16001
2024-08-12 19:00:00,130.3706,27.968287
2024-08-12 20:00:00,133.85545,27.691042
2024-08-12 21:00:00,129.32674,18.635765
2024-08-12 22:00:00,114.39451,13.768711
2024-08-12 23:00:00,95.6717,12.902109
2024-08-13 00:00:00,80.83607,14.678689
2024-08-13 01:00:00,69.77754,12.73911
2024-08-13 02:00:00,65.75756,13.334298
2024-08-13 03:00:00,64.56101,12.454619
2024-08-13 04:00:00,64.30153,12.00065
2024-08-13 05:00:00,71.706955,13.74628
2024-08-13 06:00:00,100.67477,16.095285
2024-08-13 07:00:00,120.89308,21.196136
2024-08-13 08:00:00,122.907486,20.249388
2024-08-13 09:00:00,100.502144,21.078419
2024-08-13 10:00:00,81.96086,19.695831
2024-08-13 11:00:00,70.654045,19.694899
2024-08-13 12:00:00,65.180405,23.415398
2024-08-13 13:00:00,59.975967,19.943823
2024-08-13 14:00:00,55.815655,20.475637
2024-08-13 15:00:00,56.156315,19.03329
2024-08-13 16:00:00,65.47513,18.381853
2024-08-13 17:00:00,82.78944,16.257973
2024-08-13 18:00:00,111.17267,26.579506
2024-08-13 19:00:00,145.19595,37.49967
2024-08-13 20:00:00,142.86417,33.904106
2024-08-13 21:00:00,133.10115,19.251385
2024-08-13 22:00:00,114.94932,16.91309
2024-08-13 23:00:00,95.09318,13.640046
2024-08-14 00:00:00,85.960266,14.460794
2024-08-14 01:00:00,76.49617,11.292173
2024-08-14 02:00:00,69.99138,13.416183
2024-08-14 03:00:00,67.20179,11.539477
2024-08-14 04:00:00,66.702774,11.0973
2024-08-14 05:00:00,73.99988,13.861937
2024-08-14 06:00:00,99.02181,15.404846
2024-08-14 07:00:00,117.710754,18.362959
2024-08-14 08:00:00,123.85254,19.53191
2024-08-14 09:00:00,108.58981,20.113207
2024-08-14 10:00:00,91.14429,18.901026
2024-08-14 11:00:00,87.67392,17.363758
2024-08-14 12:00:00,81.472946,20.06122
2024-08-14 13:00:00,75.86674,16.031357
2024-08-14 14:00:00,70.19112,18.88639
2024-08-14 15:00:00,70.66632,17.437038
2024-08-14 16:00:00,76.15244,16.70248
2024-08-14 17:00:00,86.7921,16.661238
2024-08-14 18:00:00,111.06715,24.226044
2024-08-14 19:00:00,137.85478,32.96842
2024-08-14 20:00:00,136.79019,26.132236
2024-08-14 21:00:00,128.59023,17.633495
2024-08-14 22:00:00,113.392105,17.182861
2024-08-14 23:00:00,94.985756,14.588004
2024-08-15 00:00:00,95.635254,15.070231
2024-08-15 01:00:00,81.884384,14.4941635
2024-08-15 02:00:00,76.79212,15.24953
2024-08-15 03:00:00,71.37445,15.44622
2024-08-15 04:00:00,67.01186,17.111794
2024-08-15 05:00:00,70.4002,16.90942
2024-08-15 06:00:00,84.5797,22.690948
2024-08-15 07:00:00,86.386375,21.251436
2024-08-15 08:00:00,93.0169,22.725512
2024-08-15 09:00:00,73.13989,24.1093
2024-08-15 10:00:00,54.85895,26.04456
2024-08-15 11:00:00,50.299313,24.752651
2024-08-15 12:00:00,33.40116,31.564247
2024-08-15 13:00:00,25.228264,36.15325
2024-08-15 14:00:00,18.794655,33.34014
2024-08-15 15:00:00,28.720322,39.875374
2024-08-15 16:00:00,28.33516,32.569813
2024-08-15 17:00:00,47.138794,28.900042
2024-08-15 18:00:00,71.49042,24.864986
2024-08-15 19:00:00,94.36182,24.399803
2024-08-15 20:00:00,97.25174,23.181446
2024-08-15 21:00:00,93.29402,20.904602
2024-08-15 22:00:00,90.44967,21.277744
2024-08-15 23:00:00,78.547485,22.07677
2024-08-16 00:00:00,75.62459,17.341967
2024-08-16 01:00:00,61.85124,15.7517395
2024-08-16 02:00:00,54.39284,16.571466
2024-08-16 03:00:00,47.94288,17.182384
2024-08-16 04:00:00,47.457344,15.665187
2024-08-16 05:00:00,51.989597,17.863043
2024-08-16 06:00:00,67.27278,20.267422
2024-08-16 07:00:00,75.82362,19.35474
2024-08-16 08:00:00,79.26933,21.185642
2024-08-16 09:00:00,72.32119,23.15537
2024-08-16 10:00:00,59.55678,25.293255
2024-08-16 11:00:00,54.38701,25.575407
2024-08-16 12:00:00,47.66711,27.490608
2024-08-16 13:00:00,38.649628,27.165707
2024-08-16 14:00:00,29.07734,30.377754
2024-08-16 15:00:00,36.472427,24.802607
2024-08-16 16:00:00,44.44396,25.598577
2024-08-16 17:00:00,63.469807,22.61078
2024-08-16 18:00:00,93.48372,22.3532
2024-08-16 19:00:00,115.727745,26.26585
2024-08-16 20:00:00,122.995804,23.642189
2024-08-16 21:00:00,119.55268,22.97982
2024-08-16 22:00:00,110.296234,18.62267
2024-08-16 23:00:00,93.59897,18.187576
2024-08-17 00:00:00,102.59135,13.5355425
2024-08-17 01:00:00,88.663475,12.240138
2024-08-17 02:00:00,80.86909,12.890015
2024-08-17 03:00:00,79.75943,13.183787
2024-08-17 04:00:00,77.0464,13.945803
2024-08-17 05:00:00,78.05921,15.706729
2024-08-17 06:00:00,86.3327,18.71214
2024-08-17 07:00:00,88.88498,19.377464
2024-08-17 08:00:00,91.02012,21.90326
2024-08-17 09:00:00,72.10732,23.75202
2024-08-17 10:00:00,59.281666,22.986357
2024-08-17 11:00:00,52.070892,23.643145
2024-08-17 12:00:00,44.69384,27.995789
2024-08-17 13:00:00,32.941788,29.751112
2024-08-17 14:00:00,23.648712,30.464195
2024-08-17 15:00:00,34.12394,31.610939
2024-08-17 16:00:00,42.44603,26.028458
2024-08-17 17:00:00,61.73073,22.075514
2024-08-17 18:00:00,86.01223,23.787682
2024-08-17 19:00:00,115.48009,24.516884
2024-08-17 20:00:00,122.95938,22.81623
2024-08-17 21:00:00,121.6083,19.156713
2024-08-17 22:00:00,116.06476,17.063715
2024-08-17 23:00:00,99.7121,16.120476
2024-08-18 00:00:00,97.29186,14.1662035
2024-08-18 01:00:00,82.984215,12.2517
2024-08-18 02:00:00,75.91728,14.593702
2024-08-18 03:00:00,71.03898,15.407743
2024-08-18 04:00:00,68.79428,17.097998
2024-08-18 05:00:00,63.073563,17.274282
2024-08-18 06:00:00,65.80486,21.293545
2024-08-18 07:00:00,62.416046,20.13819
2024-08-18 08:00:00,61.96373,22.368639
2024-08-18 09:00:00,47.81082,24.864176
2024-08-18 10:00:00,33.558243,26.977106
2024-08-18 11:00:00,25.09719,28.840717
2024-08-18 12:00:00,19.135765,39.283665
2024-08-18 13:00:00,3.2085495,41.885647
2024-08-18 14:00:00,-1.085846,46.029903
2024-08-18 15:00:00,9.948807,47.25635
2024-08-18 16:00:00,15.7272415,35.525036
2024-08-18 17:00:00,36.401253,29.69336
2024-08-18 18:00:00,64.51285,24.411654
2024-08-18 19:00:00,91.67822,19.079885
2024-08-18 20:00:00,103.80099,18.339293
2024-08-18 21:00:00,107.407646,17.471529
2024-08-18 22:00:00,103.459854,17.33215
2024-08-18 23:00:00,94.0898,19.514513
2024-08-19 00:00:00,87.51434,14.454651
2024-08-19 01:00:00,76.29084,13.942379
2024-08-19 02:00:00,75.841255,12.217694
2024-08-19 03:00:00,72.37865,13.355329
2024-08-19 04:00:00,72.988174,12.750745
2024-08-19 05:00:00,78.43695,12.648571
2024-08-19 06:00:00,100.9947,16.002033
2024-08-19 07:00:00,115.15567,18.404528
2024-08-19 08:00:00,116.70056,20.153
2024-08-19 09:00:00,92.935684,20.40854
2024-08-19 10:00:00,74.88017,19.201433
2024-08-19 11:00:00,62.152317,23.621529
2024-08-19 12:00:00,57.17612,28.889671
2024-08-19 13:00:00,49.483456,25.804918
2024-08-19 14:00:00,46.656693,27.270313
2024-08-19 15:00:00,53.310955,27.322094
2024-08-19 16:00:00,63.618874,23.463287
2024-08-19 17:00:00,81.82805,20.188118
2024-08-19 18:00:00,109.142624,24.377485
2024-08-19 19:00:00,131.83716,27.387423
2024-08-19 20:00:00,128.81433,27.026026
2024-08-19 21:00:00,123.73752,21.30939
2024-08-19 22:00:00,110.36299,15.875498
2024-08-19 23:00:00,96.67688,16.667122
2024-08-20 00:00:00,91.94227,12.997973
2024-08-20 01:00:00,80.06905,12.615518
2024-08-20 02:00:00,78.33754,13.148112
2024-08-20 03:00:00,72.67909,11.092594
2024-08-20 04:00:00,69.944824,11.936285
2024-08-20 05:00:00,79.10497,12.64501
2024-08-20 06:00:00,103.16504,14.65606
2024-08-20 07:00:00,114.8508,17.110924
2024-08-20 08:00:00,120.65111,20.550049
2024-08-20 09:00:00,104.58244,16.07753
2024-08-20 10:00:00,84.45619,21.128092
2024-08-20 11:00:00,79.088806,16.846558
2024-08-20 12:00:00,67.43247,26.144554
2024-08-20 13:00:00,62.4956,20.393328
2024-08-20 14:00:00,58.24532,23.943804
2024-08-20 15:00:00,61.14463,25.53141
2024-08-20 16:00:00,60.907185,23.068205
2024-08-20 17:00:00,74.82714,20.785204
2024-08-20 18:00:00,92.805275,20.352743
2024-08-20 19:00:00,108.56419,24.739843
2024-08-20 20:00:00,104.448586,22.274128
2024-08-20 21:00:00,102.45219,17.39151
2024-08-20 22:00:00,92.25336,16.733393
2024-08-20 23:00:00,81.9763,18.642143
2024-08-21 00:00:00,65.473854,17.812643
2024-08-21 01:00:00,52.673977,17.945599
2024-08-21 02:00:00,47.391098,18.865906
2024-08-21 03:00:00,45.414967,18.66577
2024-08-21 04:00:00,39.68361,19.679722
2024-08-21 05:00:00,55.19804,17.862387
2024-08-21 06:00:00,74.82202,18.4713
2024-08-21 07:00:00,95.58629,18.150906
2024-08-21 08:00:00,100.64646,19.22626
2024-08-21 09:00:00,83.9351,23.906986
2024-08-21 10:00:00,56.860733,26.700151
2024-08-21 11:00:00,52.260498,30.06787
2024-08-21 12:00:00,39.890198,36.590225
2024-08-21 13:00:00,36.450775,30.739683
2024-08-21 14:00:00,38.938698,36.137306
2024-08-21 15:00:00,42.73353,31.513023
2024-08-21 16:00:00,46.918575,30.008953
2024-08-21 17:00:00,63.591557,22.612778
2024-08-21 18:00:00,96.37693,23.748028
2024-08-21 19:00:00,118.52191,23.505724
2024-08-21 20:00:00,119.7774,25.533184
2024-08-21 21:00:00,116.48178,23.623127
2024-08-21 22:00:00,103.36931,17.374311
2024-08-21 23:00:00,92.64294,19.9045
2024-08-22 00:00:00,69.32156,19.284592
2024-08-22 01:00:00,51.58396,19.720238
2024-08-22 02:00:00,42.651257,23.583817
2024-08-22 03:00:00,40.664894,23.676584
2024-08-22 04:00:00,34.80822,23.080471
2024-08-22 05:00:00,40.84598,21.961012
2024-08-22 06:00:00,59.62585,26.927637
2024-08-22 07:00:00,63.601757,25.178905
2024-08-22 08:00:00,70.99504,27.979872
2024-08-22 09:00:00,51.445915,31.469856
2024-08-22 10:00:00,23.038483,35.892475
2024-08-22 11:00:00,11.586914,41.882145
2024-08-22 12:00:00,2.327423,64.24011
2024-08-22 13:00:00,-10.599419,57.451885
2024-08-22 14:00:00,-9.274719,72.358
2024-08-22 15:00:00,2.4838333,63.568832
2024-08-22 16:00:00,1.3018341,49.154476
2024-08-22 17:00:00,23.873497,38.988277
2024-08-22 18:00:00,57.969418,32.5954
2024-08-22 19:00:00,87.26784,26.93074
2024-08-22 20:00:00,91.27729,24.366915
2024-08-22 21:00:00,94.352005,24.855099
2024-08-22 22:00:00,83.569016,21.869837
2024-08-22 23:00:00,72.71449,30.49869
2024-08-23 00:00:00,58.344753,18.983583
2024-08-23 01:00:00,34.376427,18.263268
2024-08-23 02:00:00,22.811531,21.902493
2024-08-23 03:00:00,16.140022,21.416357
2024-08-23 04:00:00,13.400719,21.129465
2024-08-23 05:00:00,19.813004,23.354591
2024-08-23 06:00:00,31.580612,25.079739
2024-08-23 07:00:00,43.326702,22.88152
2024-08-23 08:00:00,43.91741,27.868803
2024-08-23 09:00:00,37.95073,30.244463
2024-08-23 10:00:00,6.774475,35.6182
2024-08-23 11:00:00,-2.6505203,42.113747
2024-08-23 12:00:00,-2.5537643,65.46614
2024-08-23 13:00:00,-16.277,51.87829
2024-08-23 14:00:00,-20.879318,72.37861
2024-08-23 15:00:00,-11.907425,51.50796
2024-08-23 16:00:00,-12.005096,48.315323
2024-08-23 17:00:00,13.207336,32.26878
2024-08-23 18:00:00,60.482048,28.41762
2024-08-23 19:00:00,87.957054,22.404154
2024-08-23 20:00:00,104.879654,23.430786
2024-08-23 21:00:00,107.5686,22.630053
2024-08-23 22:00:00,95.93233,18.186531
2024-08-23 23:00:00,84.498024,22.926517
2024-08-24 00:00:00,73.98717,15.567591
2024-08-24 01:00:00,56.41555,15.136283
2024-08-24 02:00:00,43.14926,18.82629
2024-08-24 03:00:00,39.361176,18.909067
2024-08-24 04:00:00,36.80459,18.624844
2024-08-24 05:00:00,33.8453,20.307415
2024-08-24 06:00:00,41.964233,23.939316
2024-08-24 07:00:00,37.638603,24.88928
2024-08-24 08:00:00,37.699966,27.25124
2024-08-24 09:00:00,33.962646,27.275057
2024-08-24 10:00:00,6.502327,32.772118
2024-08-24 11:00:00,-0.45118713,32.011047
2024-08-24 12:00:00,-3.284378,52.688786
2024-08-24 13:00:00,-22.315826,48.83053
2024-08-24 14:00:00,-25.701782,57.872673
2024-08-24 15:00:00,-19.241295,52.715183
2024-08-24 16:00:00,-16.291855,41.67672
2024-08-24 17:00:00,8.008514,33.052807
2024-08-24 18:00:00,44.970814,27.930914
2024-08-24 19:00:00,72.017395,23.733112
2024-08-24 20:00:00,82.29817,23.459412
2024-08-24 21:00:00,87.374115,21.964426
2024-08-24 22:00:00,81.419464,19.39207
2024-08-24 23:00:00,72.22009,24.015388
2024-08-25 00:00:00,54.235966,15.818381
2024-08-25 01:00:00,34.302063,13.61558
2024-08-25 02:00:00,25.343163,14.974671
2024-08-25 03:00:00,24.779228,16.225986
2024-08-25 04:00:00,20.241959,16.345304
2024-08-25 05:00:00,17.000809,18.908342
2024-08-25 06:00:00,14.337204,19.467554
2024-08-25 07:00:00,11.191574,20.666515
2024-08-25 08:00:00,10.136284,22.897932
2024-08-25 09:00:00,0.12193298,25.542099
2024-08-25 10:00:00,-19.108833,29.724321
2024-08-25 11:00:00,-26.854599,32.84433
2024-08-25 12:00:00,-23.404839,46.813335
2024-08-25 13:00:00,-41.37857,42.827824
2024-08-25 14:00:00,-51.252365,53.465244
2024-08-25 15:00:00,-43.932648,41.770947
2024-08-25 16:00:00,-27.589462,34.855003
2024-08-25 17:00:00,2.918396,28.814194
2024-08-25 18:00:00,44.709236,24.922565
2024-08-25 19:00:00,75.76968,19.384987
2024-08-25 20:00:00,91.77957,19.70986
2024-08-25 21:00:00,93.759735,18.387257
2024-08-25 22:00:00,88.82997,15.523021
2024-08-25 23:00:00,76.47824,18.660763
2024-08-26 00:00:00,64.26079,15.482824
2024-08-26 01:00:00,56.32641,14.930372
2024-08-26 02:00:00,46.068233,15.542513
2024-08-26 03:00:00,43.263042,16.320086
2024-08-26 04:00:00,44.363064,14.940621
2024-08-26 05:00:00,51.783443,17.808357
2024-08-26 06:00:00,80.35399,17.566933
2024-08-26 07:00:00,102.3845,21.073267
2024-08-26 08:00:00,103.32038,22.1221
2024-08-26 09:00:00,87.32451,23.214537
2024-08-26 10:00:00,74.071754,22.304438
2024-08-26 11:00:00,63.495502,23.313623
2024-08-26 12:00:00,61.36605,26.78247
2024-08-26 13:00:00,53.58695,23.662563
2024-08-26 14:00:00,46.668816,22.59143
2024-08-26 15:00:00,47.42025,21.85344
2024-08-26 16:00:00,58.58742,21.99642
2024-08-26 17:00:00,68.403625,19.917696
2024-08-26 18:00:00,102.66827,24.7216
2024-08-26 19:00:00,134.4719,37.245346
2024-08-26 20:00:00,134.73918,32.316086
2024-08-26 21:00:00,121.466225,21.761126
2024-08-26 22:00:00,110.513535,17.575073
2024-08-26 23:00:00,94.42128,15.995695
2024-08-27 00:00:00,85.474495,16.26002
2024-08-27 01:00:00,73.996185,11.604625
2024-08-27 02:00:00,69.25691,12.377388
2024-08-27 03:00:00,66.03655,11.978939
2024-08-27 04:00:00,65.92209,13.020467
2024-08-27 05:00:00,68.216125,13.700948
2024-08-27 06:00:00,95.530205,16.432568
2024-08-27 07:00:00,122.28415,21.780767
2024-08-27 08:00:00,122.35285,22.24084
2024-08-27 09:00:00,102.90719,22.977858
2024-08-27 10:00:00,78.19227,19.395885
2024-08-27 11:00:00,69.7501,19.42741
2024-08-27 12:00:00,61.0405,25.645874
2024-08-27 13:00:00,58.666126,20.070553
2024-08-27 14:00:00,57.492016,19.810469
2024-08-27 15:00:00,54.5075,18.97674
2024-08-27 16:00:00,66.981674,18.943792
2024-08-27 17:00:00,83.68367,17.903568
2024-08-27 18:00:00,112.13101,27.59181
2024-08-27 19:00:00,140.71481,39.51035
2024-08-27 20:00:00,139.01346,29.262867
2024-08-27 21:00:00,121.41405,18.39094
2024-08-27 22:00:00,109.61249,17.36303
2024-08-27 23:00:00,88.38025,14.390169
2024-08-28 00:00:00,82.47441,14.559382
2024-08-28 01:00:00,70.088326,11.492091
2024-08-28 02:00:00,65.196594,12.745397
2024-08-28 03:00:00,60.863255,12.321836
2024-08-28 04:00:00,58.243973,12.478474
2024-08-28 05:00:00,66.72226,13.190135
2024-08-28 06:00:00,100.31602,16.569942
2024-08-28 07:00:00,120.70705,20.190926
2024-08-28 08:00:00,120.87703,20.732185
2024-08-28 09:00:00,92.46695,19.877323
2024-08-28 10:00:00,66.07884,18.743063
2024-08-28 11:00:00,52.623867,20.552355
2024-08-28 12:00:00,44.51852,22.711863
2024-08-28 13:00:00,37.31311,20.175552
2024-08-28 14:00:00,36.676933,21.29142
2024-08-28 15:00:00,40.675877,21.370514
2024-08-28 16:00:00,49.457565,18.91775
2024-08-28 17:00:00,74.97684,16.690847
2024-08-28 18:00:00,107.46124,25.826408
2024-08-28 19:00:00,141.03445,33.54525
2024-08-28 20:00:00,141.55478,28.828579
2024-08-28 21:00:00,127.230804,18.66107
2024-08-28 22:00:00,110.04231,16.484655
2024-08-28 23:00:00,89.202675,14.59059
2024-08-29 00:00:00,88.24177,13.630679
2024-08-29 01:00:00,75.49451,11.493915
2024-08-29 02:00:00,68.1358,11.997774
2024-08-29 03:00:00,64.63893,11.759997
2024-08-29 04:00:00,61.574413,11.945999
2024-08-29 05:00:00,68.971504,13.047499
2024-08-29 06:00:00,95.014244,16.733185
2024-08-29 07:00:00,107.589264,17.328262
2024-08-29 08:00:00,111.70972,18.921373
2024-08-29 09:00:00,83.42914,19.564035
2024-08-29 10:00:00,63.756275,19.694134
2024-08-29 11:00:00,50.095684,21.213018
2024-08-29 12:00:00,39.71084,23.597958
2024-08-29 13:00:00,31.999191,22.153887
2024-08-29 14:00:00,28.32972,22.863482
2024-08-29 15:00:00,34.87432,23.974596
2024-08-29 16:00:00,45.46365,20.258495
2024-08-29 17:00:00,69.598564,18.5497
2024-08-29 18:00:00,103.50359,23.600248
2024-08-29 19:00:00,134.3363,28.736763
2024-08-29 20:00:00,135.495,26.37759
2024-08-29 21:00:00,125.45182,18.71152
2024-08-29 22:00:00,111.66619,17.313707
2024-08-29 23:00:00,93.79762,15.351728
2024-08-30 00:00:00,107.05861,13.123068
2024-08-30 01:00:00,90.75011,11.819663
2024-08-30 02:00:00,83.90097,12.566033
2024-08-30 03:00:00,77.62556,11.83186
2024-08-30 04:00:00,78.39017,11.734169
2024-08-30 05:00:00,83.27875,12.649802
2024-08-30 06:00:00,104.299515,18.266697
2024-08-30 07:00:00,108.4799,18.24076
2024-08-30 08:00:00,122.26284,20.523329
2024-08-30 09:00:00,101.96491,19.454958
2024-08-30 10:00:00,82.03546,19.607536
2024-08-30 11:00:00,72.5062,19.392076
2024-08-30 12:00:00,63.48681,23.674929
2024-08-30 13:00:00,55.942577,21.859787
2024-08-30 14:00:00,40.451527,23.76317
2024-08-30 15:00:00,47.776016,25.911283
2024-08-30 16:00:00,54.142178,21.923315
2024-08-30 17:00:00,71.270966,21.88562
2024-08-30 18:00:00,98.62224,23.323666
2024-08-30 19:00:00,119.21152,25.387589
2024-08-30 20:00:00,120.47551,25.968212
2024-08-30 21:00:00,114.2383,19.194971
2024-08-30 22:00:00,104.657295,18.005138
2024-08-30 23:00:00,86.44539,17.023453
2024-08-31 00:00:00,90.1267,17.809824
2024-08-31 01:00:00,74.92617,16.699242
2024-08-31 02:00:00,66.952225,18.656572
2024-08-31 03:00:00,60.627903,20.947449
2024-08-31 04:00:00,59.33273,20.501385
2024-08-31 05:00:00,49.548252,21.57237
2024-08-31 06:00:00,56.820724,25.804123
2024-08-31 07:00:00,60.036575,24.699005
2024-08-31 08:00:00,60.22677,24.084778
2024-08-31 09:00:00,46.995075,29.605843
2024-08-31 10:00:00,33.27987,31.781612
2024-08-31 11:00:00,21.046844,32.692276
2024-08-31 12:00:00,17.17128,40.135082
2024-08-31 13:00:00,-2.7338486,46.125122
2024-08-31 14:00:00,-6.95784,45.41908
2024-08-31 15:00:00,2.1338806,45.467552
2024-08-31 16:00:00,13.738609,37.324944
2024-08-31 17:00:00,43.376526,34.080765
2024-08-31 18:00:00,71.394226,28.646677
2024-08-31 19:00:00,100.2873,26.119095
2024-08-31 20:00:00,108.72716,25.119919
2024-08-31 21:00:00,102.216324,24.748466
2024-08-31 22:00:00,93.877426,26.049284
2024-08-31 23:00:00,87.97255,26.09249
2024-09-01 00:00:00,85.339935,19.110998
2024-09-01 01:00:00,71.56788,20.24335
2024-09-01 02:00:00,62.62541,18.449245
2024-09-01 03:00:00,50.495087,19.360825
2024-09-01 04:00:00,49.42091,20.563002
2024-09-01 05:00:00,52.915184,22.684502
2024-09-01 06:00:00,56.307083,24.931868
2024-09-01 07:00:00,56.68968,25.972446
2024-09-01 08:00:00,52.68596,26.462162
2024-09-01 09:00:00,46.72629,26.00342
2024-09-01 10:00:00,35.094254,30.029718
2024-09-01 11:00:00,20.082634,38.16162
2024-09-01 12:00:00,18.365486,43.31333
2024-09-01 13:00:00,0.2519226,46.016663
2024-09-01 14:00:00,1.1845627,47.042877
2024-09-01 15:00:00,11.983559,46.89444
2024-09-01 16:00:00,24.303574,36.61449
2024-09-01 17:00:00,54.32537,33.943794
2024-09-01 18:00:00,91.99445,27.350435
2024-09-01 19:00:00,116.001526,23.766548
2024-09-01 20:00:00,123.21172,22.76229
2024-09-01 21:00:00,116.962524,22.023727
2024-09-01 22:00:00,112.5723,19.105501
2024-09-01 23:00:00,96.1093,19.649368
2024-09-02 00:00:00,92.434586,16.262732
2024-09-02 01:00:00,83.599945,14.018176
2024-09-02 02:00:00,79.80622,12.916137
2024-09-02 03:00:00,78.42613,13.729241
2024-09-02 04:00:00,81.01807,13.419482
2024-09-02 05:00:00,90.05205,13.425529
2024-09-02 06:00:00,117.57586,16.738035
2024-09-02 07:00:00,139.4449,20.523867
2024-09-02 08:00:00,142.54562,21.988583
2024-09-02 09:00:00,114.46397,21.664848
2024-09-02 10:00:00,97.37239,20.895004
2024-09-02 11:00:00,83.684326,25.230263
2024-09-02 12:00:00,79.28059,27.82124
2024-09-02 13:00:00,72.32297,23.597107
2024-09-02 14:00:00,69.958374,24.532646
2024-09-02 15:00:00,76.85834,22.102703
2024-09-02 16:00:00,88.475716,20.167479
2024-09-02 17:00:00,109.25992,19.759392
2024-09-02 18:00:00,139.9189,31.429312
2024-09-02 19:00:00,166.73813,38.40231
2024-09-02 20:00:00,158.53185,36.05039
2024-09-02 21:00:00,142.8548,20.650248
2024-09-02 22:00:00,131.60315,20.074915
2024-09-02 23:00:00,110.41716,17.33523
2024-09-03 00:00:00,100.9286,15.479671
2024-09-03 01:00:00,90.90181,13.204453
2024-09-03 02:00:00,86.57784,13.798472
2024-09-03 03:00:00,84.37262,12.895904
2024-09-03 04:00:00,83.68985,12.60577
2024-09-03 05:00:00,91.271225,13.834278
2024-09-03 06:00:00,112.14579,16.620821
2024-09-03 07:00:00,130.53188,19.84602
2024-09-03 08:00:00,137.19095,21.968893
2024-09-03 09:00:00,118.43613,19.823925
2024-09-03 10:00:00,102.684784,21.437988
2024-09-03 11:00:00,95.632324,19.956547
2024-09-03 12:00:00,91.33623,23.156813
2024-09-03 13:00:00,81.84012,20.454494
2024-09-03 14:00:00,75.14976,22.494072
2024-09-03 15:00:00,80.65161,21.336422
2024-09-03 16:00:00,85.751076,18.710485
2024-09-03 17:00:00,103.50202,18.74044
2024-09-03 18:00:00,126.87187,27.343164
2024-09-03 19:00:00,147.77669,34.95629
2024-09-03 20:00:00,138.96431,26.936726
2024-09-03 21:00:00,132.36559,18.592386
2024-09-03 22:00:00,118.70161,19.361284
2024-09-03 23:00:00,105.37562,18.14156
2024-09-04 00:00:00,115.1496,18.572615
2024-09-04 01:00:00,106.384796,15.263518
2024-09-04 02:00:00,98.876945,17.26823
2024-09-04 03:00:00,96.158104,17.283031
2024-09-04 04:00:00,95.66436,16.128569
2024-09-04 05:00:00,103.18953,16.875288
2024-09-04 06:00:00,135.33722,19.81185
2024-09-04 07:00:00,161.54297,24.298489
2024-09-04 08:00:00,166.06433,26.647455
2024-09-04 09:00:00,144.08907,24.740835
2024-09-04 10:00:00,122.7106,24.852058
2024-09-04 11:00:00,114.51304,24.723974
2024-09-04 12:00:00,107.56742,26.745823
2024-09-04 13:00:00,100.377686,23.112404
2024-09-04 14:00:00,101.65283,23.177694
2024-09-04 15:00:00,102.36802,23.050653
2024-09-04 16:00:00,109.0367,20.86148
2024-09-04 17:00:00,127.16221,21.267773
2024-09-04 18:00:00,151.39925,32.478485
2024-09-04 19:00:00,176.79648,41.91363
2024-09-04 20:00:00,173.31729,35.706524
2024-09-04 21:00:00,157.29932,23.109331
2024-09-04 22:00:00,141.26501,20.463713
2024-09-04 23:00:00,124.40255,18.864573
2024-09-05 00:00:00,96.56368,15.959066
2024-09-05 01:00:00,82.76899,14.312005
2024-09-05 02:00:00,75.4008,15.5348625
2024-09-05 03:00:00,73.1035,15.382881
2024-09-05 04:00:00,68.43254,16.035175
2024-09-05 05:00:00,76.64425,16.141815
2024-09-05 06:00:00,100.6021,17.179447
2024-09-05 07:00:00,124.54831,17.303772
2024-09-05 08:00:00,127.44914,19.3433
2024-09-05 09:00:00,117.87578,21.608198
2024-09-05 10:00:00,94.20481,22.48118
2024-09-05 11:00:00,89.66349,22.397707
2024-09-05 12:00:00,77.14653,27.4471
2024-09-05 13:00:00,68.97317,24.672424
2024-09-05 14:00:00,65.18748,26.743637
2024-09-05 15:00:00,71.95949,22.819788
2024-09-05 16:00:00,73.31581,23.006899
2024-09-05 17:00:00,91.4813,20.289986
2024-09-05 18:00:00,122.82672,22.639406
2024-09-05 19:00:00,144.85667,26.686174
2024-09-05 20:00:00,144.085,23.823683
2024-09-05 21:00:00,134.59935,24.211061
2024-09-05 22:00:00,121.27805,20.305677
2024-09-05 23:00:00,104.73977,20.81648
2024-09-06 00:00:00,77.124664,20.218058
2024-09-06 01:00:00,68.24919,17.181568
2024-09-06 02:00:00,62.856953,19.571053
2024-09-06 03:00:00,61.89167,18.183058
2024-09-06 04:00:00,61.19142,17.145487
2024-09-06 05:00:00,68.27316,18.277088
2024-09-06 06:00:00,90.45541,19.789852
2024-09-06 07:00:00,110.07839,18.052
2024-09-06 08:00:00,117.53767,22.033792
2024-09-06 09:00:00,109.836555,20.273067
2024-09-06 10:00:00,102.64765,21.378387
2024-09-06 11:00:00,94.96008,21.4258
2024-09-06 12:00:00,88.59034,21.94425
2024-09-06 13:00:00,80.39255,20.637512
2024-09-06 14:00:00,74.23484,22.33627
2024-09-06 15:00:00,80.33409,18.737514
2024-09-06 16:00:00,87.443054,18.89687
2024-09-06 17:00:00,99.15642,19.30656
2024-09-06 18:00:00,120.97902,21.416964
2024-09-06 19:00:00,132.56216,29.72099
2024-09-06 20:00:00,128.601,23.967772
2024-09-06 21:00:00,115.811325,21.35697
2024-09-06 22:00:00,108.980125,23.06123
2024-09-06 23:00:00,95.75116,21.657576
2024-09-07 00:00:00,89.402435,16.421679
2024-09-07 01:00:00,77.83109,15.077923
2024-09-07 02:00:00,69.1604,16.996635
2024-09-07 03:00:00,64.31497,18.635822
2024-09-07 04:00:00,62.608807,19.91761
2024-09-07 05:00:00,59.601677,18.716213
2024-09-07 06:00:00,74.69188,22.120712
2024-09-07 07:00:00,79.19911,22.325048
2024-09-07 08:00:00,81.88812,25.69698
2024-09-07 09:00:00,69.02074,25.218708
2024-09-07 10:00:00,54.986156,26.09364
2024-09-07 11:00:00,39.69924,28.872
2024-09-07 12:00:00,38.760025,33.775707
2024-09-07 13:00:00,18.933182,37.904823
2024-09-07 14:00:00,17.273132,39.805336
2024-09-07 15:00:00,23.315681,36.1407
2024-09-07 16:00:00,36.54715,29.782564
2024-09-07 17:00:00,62.358753,28.700438
2024-09-07 18:00:00,87.62988,25.536058
2024-09-07 19:00:00,104.71138,26.464941
2024-09-07 20:00:00,104.57083,23.857676
2024-09-07 21:00:00,92.25865,21.478088
2024-09-07 22:00:00,89.308075,26.061266
2024-09-07 23:00:00,77.73613,27.175062
2024-09-08 00:00:00,60.322002,29.065208
2024-09-08 01:00:00,42.105305,26.110012
2024-09-08 02:00:00,23.343842,33.086067
2024-09-08 03:00:00,10.216652,34.974316
2024-09-08 04:00:00,10.91935,35.639004
2024-09-08 05:00:00,-2.1517334,37.36158
2024-09-08 06:00:00,6.390175,40.892605
2024-09-08 07:00:00,5.0018463,43.07188
2024-09-08 08:00:00,8.573509,37.907284
2024-09-08 09:00:00,0.07910156,42.506985
2024-09-08 10:00:00,-25.629242,51.08773
2024-09-08 11:00:00,-37.87506,67.684875
2024-09-08 12:00:00,-41.11322,114.87517
2024-09-08 13:00:00,-54.84993,103.13865
2024-09-08 14:00:00,-51.888412,126.37101
2024-09-08 15:00:00,-46.697388,102.46054
2024-09-08 16:00:00,-38.320175,77.04013
2024-09-08 17:00:00,-4.2627335,61.374676
2024-09-08 18:00:00,43.461967,41.836216
2024-09-08 19:00:00,75.504845,28.779264
2024-09-08 20:00:00,89.99957,24.114326
2024-09-08 21:00:00,86.86664,23.456327
2024-09-08 22:00:00,82.9741,34.971653
2024-09-08 23:00:00,71.08754,33.24104
2024-09-09 00:00:00,79.33381,21.62904
2024-09-09 01:00:00,62.99452,21.78495
2024-09-09 02:00:00,58.01336,21.677
2024-09-09 03:00:00,53.350964,23.3783
2024-09-09 04:00:00,53.213196,25.53391
2024-09-09 05:00:00,62.390274,24.71652
2024-09-09 06:00:00,81.857864,27.898298
2024-09-09 07:00:00,97.96466,26.251862
2024-09-09 08:00:00,99.556946,32.583694
2024-09-09 09:00:00,88.24658,29.43193
2024-09-09 10:00:00,67.11485,31.708122
2024-09-09 11:00:00,60.427895,34.709564
2024-09-09 12:00:00,55.127415,46.225838
2024-09-09 13:00:00,42.47473,44.369614
2024-09-09 14:00:00,40.378906,49.93329
2024-09-09 15:00:00,49.01028,43.509438
2024-09-09 16:00:00,44.140587,40.282192
2024-09-09 17:00:00,62.93697,32.556213
2024-09-09 18:00:00,89.52931,32.45327
2024-09-09 19:00:00,107.43591,36.43204
2024-09-09 20:00:00,106.50095,33.06409
2024-09-09 21:00:00,101.846504,27.402538
2024-09-09 22:00:00,97.39868,27.078497
2024-09-09 23:00:00,83.08547,31.44402
2024-09-10 00:00:00,78.62893,15.226448
2024-09-10 01:00:00,66.41654,16.843172
2024-09-10 02:00:00,62.419136,17.98392
2024-09-10 03:00:00,53.484035,15.929554
2024-09-10 04:00:00,50.20308,18.015162
2024-09-10 05:00:00,55.368507,18.718662
2024-09-10 06:00:00,80.90275,21.868408
2024-09-10 07:00:00,93.28726,23.029705
2024-09-10 08:00:00,102.84927,26.486855
2024-09-10 09:00:00,89.5712,23.345984
2024-09-10 10:00:00,67.43355,28.93424
2024-09-10 11:00:00,54.298912,22.865902
2024-09-10 12:00:00,45.13155,39.07922
2024-09-10 13:00:00,28.040504,34.430637
2024-09-10 14:00:00,24.55848,42.49972
2024-09-10 15:00:00,29.396606,41.183712
2024-09-10 16:00:00,28.225922,34.159973
2024-09-10 17:00:00,46.820686,29.478577
2024-09-10 18:00:00,73.72694,25.856434
2024-09-10 19:00:00,86.37637,25.75177
2024-09-10 20:00:00,81.54305,23.241848
2024-09-10 21:00:00,76.30522,21.437363
2024-09-10 22:00:00,70.80369,24.253046
2024-09-10 23:00:00,61.05315,30.970936
2024-09-11 00:00:00,59.61138,17.607883
2024-09-11 01:00:00,46.67677,17.951025
2024-09-11 02:00:00,42.16241,18.77742
2024-09-11 03:00:00,39.95697,18.022718
2024-09-11 04:00:00,37.165962,19.766296
2024-09-11 05:00:00,51.020824,16.987934
2024-09-11 06:00:00,74.15704,17.689949
2024-09-11 07:00:00,95.360344,18.503784
2024-09-11 08:00:00,99.002754,19.656328
2024-09-11 09:00:00,79.95165,21.55523
2024-09-11 10:00:00,52.63896,24.737923
2024-09-11 11:00:00,45.574776,27.993393
2024-09-11 12:00:00,34.7611,34.786247
2024-09-11 13:00:00,27.686012,29.527864
2024-09-11 14:00:00,27.940681,33.50301
2024-09-11 15:00:00,34.384415,30.113174
2024-09-11 16:00:00,38.345604,29.678698
2024-09-11 17:00:00,58.207016,21.182898
2024-09-11 18:00:00,92.219986,22.344559
2024-09-11 19:00:00,116.83514,23.760044
2024-09-11 20:00:00,117.63996,26.163815
2024-09-11 21:00:00,109.34368,21.457495
2024-09-11 22:00:00,96.68341,18.535332
2024-09-11 23:00:00,84.876305,20.399065
2024-09-12 00:00:00,78.98911,11.067727
2024-09-12 01:00:00,70.27338,9.786476
2024-09-12 02:00:00,62.988693,10.221208
2024-09-12 03:00:00,62.74831,9.875546
2024-09-12 04:00:00,59.306774,9.7861
2024-09-12 05:00:00,68.73225,10.359582
2024-09-12 06:00:00,92.79733,12.407466
2024-09-12 07:00:00,108.516815,14.734079
2024-09-12 08:00:00,110.26779,16.471413
2024-09-12 09:00:00,92.74429,14.159535
2024-09-12 10:00:00,73.65035,17.251186
2024-09-12 11:00:00,64.90318,16.846762
2024-09-12 12:00:00,58.154877,19.342716
2024-09-12 13:00:00,51.3501,17.943798
2024-09-12 14:00:00,47.362663,18.434675
2024-09-12 15:00:00,51.58671,17.928896
2024-09-12 16:00:00,58.936474,14.903858
2024-09-12 17:00:00,76.90765,14.275966
2024-09-12 18:00:00,102.90246,19.041767
2024-09-12 19:00:00,125.010345,25.425304
2024-09-12 20:00:00,122.56906,22.268711
2024-09-12 21:00:00,111.54976,14.988629
2024-09-12 22:00:00,101.20519,13.628973
2024-09-12 23:00:00,87.25521,13.351289
2024-09-13 00:00:00,83.290825,11.992594
2024-09-13 01:00:00,70.82622,10.062723
2024-09-13 02:00:00,64.22891,9.868003
2024-09-13 03:00:00,63.623436,10.003616
2024-09-13 04:00:00,59.921776,10.740074
2024-09-13 05:00:00,68.15465,10.323439
2024-09-13 06:00:00,95.79585,12.830748
2024-09-13 07:00:00,110.45421,14.866296
2024-09-13 08:00:00,115.11078,18.65345
2024-09-13 09:00:00,95.10244,15.220972
2024-09-13 10:00:00,75.29402,16.71154
2024-09-13 11:00:00,65.93833,16.67887
2024-09-13 12:00:00,56.442368,20.344856
2024-09-13 13:00:00,46.36321,18.498957
2024-09-13 14:00:00,45.27762,19.922857
2024-09-13 15:00:00,48.617645,19.466263
2024-09-13 16:00:00,53.92287,16.045345
2024-09-13 17:00:00,71.946045,16.35626
2024-09-13 18:00:00,96.01852,20.027779
2024-09-13 19:00:00,115.97194,24.97236
2024-09-13 20:00:00,112.57679,21.17722
2024-09-13 21:00:00,100.78952,15.97825
2024-09-13 22:00:00,92.40614,15.114415
2024-09-13 23:00:00,76.405304,15.060481
2024-09-14 00:00:00,76.01446,9.6894045
2024-09-14 01:00:00,64.92708,8.340067
2024-09-14 02:00:00,60.482296,9.148175
2024-09-14 03:00:00,57.103382,9.544308
2024-09-14 04:00:00,51.566578,9.8953085
2024-09-14 05:00:00,52.76839,9.952854
2024-09-14 06:00:00,66.86308,11.340199
2024-09-14 07:00:00,73.512115,11.793112
2024-09-14 08:00:00,75.89119,11.910679
2024-09-14 09:00:00,64.542145,14.199927
2024-09-14 10:00:00,48.530567,15.040937
2024-09-14 11:00:00,37.06228,15.780006
2024-09-14 12:00:00,27.72396,18.965422
2024-09-14 13:00:00,16.887665,19.04162
2024-09-14 14:00:00,12.971512,21.158718
2024-09-14 15:00:00,17.91214,19.33717
2024-09-14 16:00:00,32.296455,15.975703
2024-09-14 17:00:00,56.180435,15.035442
2024-09-14 18:00:00,83.80188,13.644334
2024-09-14 19:00:00,104.068375,15.254501
2024-09-14 20:00:00,107.92672,13.980467
2024-09-14 21:00:00,97.17799,12.594804
2024-09-14 22:00:00,88.64787,12.353544
2024-09-14 23:00:00,77.60192,12.379397
2024-09-15 00:00:00,84.84688,10.611829
2024-09-15 01:00:00,74.18505,9.729529
2024-09-15 02:00:00,69.05162,9.967498
2024-09-15 03:00:00,65.77992,10.395415
2024-09-15 04:00:00,60.84335,11.064754
2024-09-15 05:00:00,59.710506,11.727913
2024-09-15 06:00:00,65.15084,13.515432
2024-09-15 07:00:00,66.01156,14.660013
2024-09-15 08:00:00,63.775093,15.027751
2024-09-15 09:00:00,52.058414,17.088112
2024-09-15 10:00:00,36.7657,18.042425
2024-09-15 11:00:00,26.453743,21.676407
2024-09-15 12:00:00,21.38385,27.144835
2024-09-15 13:00:00,7.306076,28.31337
2024-09-15 14:00:00,5.7507095,29.579586
2024-09-15 15:00:00,15.686295,29.600286
2024-09-15 16:00:00,28.186295,22.421053
2024-09-15 17:00:00,52.01969,20.844118
2024-09-15 18:00:00,79.974396,18.28815
2024-09-15 19:00:00,101.50557,16.175234
2024-09-15 20:00:00,105.92032,15.27191
2024-09-15 21:00:00,100.83735,13.397682
2024-09-15 22:00:00,96.03764,12.357863
2024-09-15 23:00:00,84.27661,13.4357815
2024-09-16 00:00:00,74.4309,12.69877
2024-09-16 01:00:00,63.764084,11.0196085
2024-09-16 02:00:00,61.60453,11.329913
2024-09-16 03:00:00,59.963207,10.355999
2024-09-16 04:00:00,59.502014,10.525262
2024-09-16 05:00:00,70.703125,10.913731
2024-09-16 06:00:00,96.50402,12.8303175
2024-09-16 07:00:00,116.492676,15.981151
2024-09-16 08:00:00,117.38728,17.843754
2024-09-16 09:00:00,94.85364,15.822281
2024-09-16 10:00:00,73.162964,16.728474
2024-09-16 11:00:00,62.58684,18.34615
2024-09-16 12:00:00,57.163418,22.344906
2024-09-16 13:00:00,48.253803,18.694994
2024-09-16 14:00:00,45.118076,21.547293
2024-09-16 15:00:00,50.544777,19.784294
2024-09-16 16:00:00,57.047188,17.20011
2024-09-16 17:00:00,74.24389,16.240654
2024-09-16 18:00:00,98.036476,22.967741
2024-09-16 19:00:00,122.34051,29.190018
2024-09-16 20:00:00,115.1053,25.471085
2024-09-16 21:00:00,102.53138,16.645742
2024-09-16 22:00:00,92.38394,17.025932
2024-09-16 23:00:00,74.66388,15.803289
2024-09-17 00:00:00,57.76458,13.835228
2024-09-17 01:00:00,49.76081,14.033839
2024-09-17 02:00:00,46.436527,15.699961
2024-09-17 03:00:00,41.4867,14.306819
2024-09-17 04:00:00,39.216003,14.683676
2024-09-17 05:00:00,45.579185,15.529163
2024-09-17 06:00:00,67.282135,17.677254
2024-09-17 07:00:00,79.678894,18.401781
2024-09-17 08:00:00,87.49009,20.659994
2024-09-17 09:00:00,69.32648,19.632412
2024-09-17 10:00:00,50.625957,22.316061
2024-09-17 11:00:00,38.060684,21.699703
2024-09-17 12:00:00,33.178467,28.242872
2024-09-17 13:00:00,20.718712,27.666836
2024-09-17 14:00:00,15.529213,29.812588
2024-09-17 15:00:00,23.762306,28.16947
2024-09-17 16:00:00,29.195267,25.363373
2024-09-17 17:00:00,48.69505,20.999153
2024-09-17 18:00:00,68.24893,19.95497
2024-09-17 19:00:00,90.4143,23.461899
2024-09-17 20:00:00,86.8478,21.005362
2024-09-17 21:00:00,80.14787,18.741379
2024-09-17 22:00:00,70.39024,19.459541
2024-09-17 23:00:00,61.52438,22.012363
2024-09-18 00:00:00,55.977142,14.932644
2024-09-18 01:00:00,42.994312,16.230377
2024-09-18 02:00:00,40.49887,15.943142
2024-09-18 03:00:00,34.38674,17.617874
2024-09-18 04:00:00,31.636429,20.151516
2024-09-18 05:00:00,41.899273,16.950079
2024-09-18 06:00:00,72.37439,18.756992
2024-09-18 07:00:00,93.71837,20.688425
2024-09-18 08:00:00,103.33204,22.287313
2024-09-18 09:00:00,81.29519,22.458748
2024-09-18 10:00:00,57.97368,22.956272
2024-09-18 11:00:00,43.82908,27.564634
2024-09-18 12:00:00,32.760002,34.956905
2024-09-18 13:00:00,22.420357,32.393566
2024-09-18 14:00:00,20.060692,36.3708
2024-09-18 15:00:00,30.802513,35.77482
2024-09-18 16:00:00,33.84735,31.828186
2024-09-18 17:00:00,54.668186,26.35396
2024-09-18 18:00:00,76.72622,22.3103
2024-09-18 19:00:00,95.930756,23.665583
2024-09-18 20:00:00,91.70159,23.054958
2024-09-18 21:00:00,76.853546,21.782385
2024-09-18 22:00:00,66.4222,20.177544
2024-09-18 23:00:00,54.649235,23.337
2024-09-19 00:00:00,66.3503,14.80283
2024-09-19 01:00:00,51.812874,13.583843
2024-09-19 02:00:00,49.266697,14.943955
2024-09-19 03:00:00,48.19619,14.731476
2024-09-19 04:00:00,43.937065,16.08868
2024-09-19 05:00:00,55.369453,14.26233
2024-09-19 06:00:00,81.44913,16.149675
2024-09-19 07:00:00,95.26436,17.018494
2024-09-19 08:00:00,99.401825,19.143019
2024-09-19 09:00:00,76.87608,19.390402
2024-09-19 10:00:00,52.19136,22.675392
2024-09-19 11:00:00,41.131084,24.786022
2024-09-19 12:00:00,30.083054,30.664818
2024-09-19 13:00:00,19.475487,27.756742
2024-09-19 14:00:00,21.433067,31.75752
2024-09-19 15:00:00,31.656517,29.115513
2024-09-19 16:00:00,35.889,26.699764
2024-09-19 17:00:00,55.23346,21.107416
2024-09-19 18:00:00,80.23964,21.229332
2024-09-19 19:00:00,104.34271,25.688803
2024-09-19 20:00:00,103.02512,21.969873
2024-09-19 21:00:00,92.51958,17.969416
2024-09-19 22:00:00,82.371025,17.20261
2024-09-19 23:00:00,69.51811,20.177761
2024-09-20 00:00:00,66.63456,11.007169
2024-09-20 01:00:00,57.324734,10.1082535
2024-09-20 02:00:00,54.21335,10.164422
2024-09-20 03:00:00,52.541534,10.093377
2024-09-20 04:00:00,50.730396,10.064742
2024-09-20 05:00:00,58.017155,10.01112
2024-09-20 06:00:00,85.20382,11.896686
2024-09-20 07:00:00,98.52484,13.062714
2024-09-20 08:00:00,99.718735,15.560171
2024-09-20 09:00:00,77.11579,14.379494
2024-09-20 10:00:00,57.890957,17.197392
2024-09-20 11:00:00,41.9651,17.84294
2024-09-20 12:00:00,32.48369,21.537466
2024-09-20 13:00:00,23.00222,19.63532
2024-09-20 14:00:00,22.670723,21.934278
2024-09-20 15:00:00,29.917503,19.767141
2024-09-20 16:00:00,39.797455,17.684902
2024-09-20 17:00:00,63.992302,15.554671
2024-09-20 18:00:00,90.40636,17.561619
2024-09-20 19:00:00,115.027985,22.10437
2024-09-20 20:00:00,110.39947,19.925676
2024-09-20 21:00:00,98.7788,14.988095
2024-09-20 22:00:00,87.18565,13.589076
2024-09-20 23:00:00,72.93632,14.549849
2024-09-21 00:00:00,77.43425,9.209468
2024-09-21 01:00:00,68.52212,8.202431
2024-09-21 02:00:00,64.248474,8.405114
2024-09-21 03:00:00,62.408848,8.614025
2024-09-21 04:00:00,58.905083,9.394572
2024-09-21 05:00:00,60.631363,9.228745
2024-09-21 06:00:00,75.97516,11.4866905
2024-09-21 07:00:00,80.46312,12.191184
2024-09-21 08:00:00,80.63373,12.938826
2024-09-21 09:00:00,61.690582,14.658437
2024-09-21 10:00:00,47.002724,15.810329
2024-09-21 11:00:00,32.65999,17.195957
2024-09-21 12:00:00,26.104317,20.819128
2024-09-21 13:00:00,11.321449,20.651838
2024-09-21 14:00:00,13.032318,22.253727
2024-09-21 15:00:00,19.581207,20.12169
2024-09-21 16:00:00,33.473335,16.713358
2024-09-21 17:00:00,58.107635,16.295858
2024-09-21 18:00:00,84.07908,16.672157
2024-09-21 19:00:00,106.38124,18.643936
2024-09-21 20:00:00,104.1034,15.871376
2024-09-21 21:00:00,93.24465,12.82022
2024-09-21 22:00:00,86.04968,12.787826
2024-09-21 23:00:00,74.67672,13.248524
2024-09-22 00:00:00,74.272964,10.63913
2024-09-22 01:00:00,66.20334,9.329522
2024-09-22 02:00:00,62.22809,9.73658
2024-09-22 03:00:00,60.059025,9.864061
2024-09-22 04:00:00,59.81367,10.731204
2024-09-22 05:00:00,59.296547,11.248754
2024-09-22 06:00:00,63.65161,12.413971
2024-09-22 07:00:00,68.47069,13.429554
2024-09-22 08:00:00,66.94692,13.399352
2024-09-22 09:00:00,56.482788,16.547556
2024-09-22 10:00:00,45.960373,16.427906
2024-09-22 11:00:00,37.415955,18.396784
2024-09-22 12:00:00,33.87439,20.906994
2024-09-22 13:00:00,22.18837,21.203388
2024-09-22 14:00:00,20.022453,22.89927
2024-09-22 15:00:00,28.210907,20.135967
2024-09-22 16:00:00,41.192757,17.18379
2024-09-22 17:00:00,60.230705,16.581074
2024-09-22 18:00:00,82.340126,17.54748
2024-09-22 19:00:00,101.07198,17.398573
2024-09-22 20:00:00,102.973885,15.521697
2024-09-22 21:00:00,92.1832,13.184696
2024-09-22 22:00:00,87.49953,13.068918
2024-09-22 23:00:00,76.90983,13.162113
2024-09-23 00:00:00,73.34189,13.092001
2024-09-23 01:00:00,68.11453,11.873814
2024-09-23 02:00:00,64.38095,11.725062
2024-09-23 03:00:00,61.082485,11.663129
2024-09-23 04:00:00,63.514034,10.460927
2024-09-23 05:00:00,70.37583,11.807767
2024-09-23 06:00:00,97.07565,13.849338
2024-09-23 07:00:00,115.88559,16.522608
2024-09-23 08:00:00,119.69489,18.716064
2024-09-23 09:00:00,103.586044,16.40365
2024-09-23 10:00:00,89.10171,17.252813
2024-09-23 11:00:00,79.99483,18.386992
2024-09-23 12:00:00,76.69595,20.012741
2024-09-23 13:00:00,71.04957,16.932232
2024-09-23 14:00:00,69.60348,17.449776
2024-09-23 15:00:00,72.36165,15.418137
2024-09-23 16:00:00,78.16367,15.240274
2024-09-23 17:00:00,93.95894,14.85906
2024-09-23 18:00:00,111.79554,23.95818
2024-09-23 19:00:00,133.34445,31.755688
2024-09-23 20:00:00,127.46721,26.165144
2024-09-23 21:00:00,111.77937,16.27109
2024-09-23 22:00:00,104.09783,15.296998
2024-09-23 23:00:00,87.316864,13.085
2024-09-24 00:00:00,63.816525,16.0198
2024-09-24 01:00:00,58.94556,12.250937
2024-09-24 02:00:00,51.4985,13.736787
2024-09-24 03:00:00,51.832024,12.720169
2024-09-24 04:00:00,49.66792,12.121139
2024-09-24 05:00:00,59.683453,13.45241
2024-09-24 06:00:00,81.76146,14.149021
2024-09-24 07:00:00,103.14521,17.328188
2024-09-24 08:00:00,107.84059,20.179338
2024-09-24 09:00:00,91.54346,17.849052
2024-09-24 10:00:00,77.43265,19.396437
2024-09-24 11:00:00,69.41191,18.436287
2024-09-24 12:00:00,64.120605,20.122318
2024-09-24 13:00:00,56.842354,17.840122
2024-09-24 14:00:00,54.248436,18.941088
2024-09-24 15:00:00,60.02886,17.4923
2024-09-24 16:00:00,67.28581,16.451752
2024-09-24 17:00:00,81.725426,16.938599
2024-09-24 18:00:00,101.329636,23.741848
2024-09-24 19:00:00,114.777534,29.486904
2024-09-24 20:00:00,106.47707,24.953627
2024-09-24 21:00:00,95.61104,18.36068
2024-09-24 22:00:00,84.44096,19.786951
2024-09-24 23:00:00,72.21355,19.738655
2024-09-25 00:00:00,51.385334,17.389168
2024-09-25 01:00:00,44.565044,16.122711
2024-09-25 02:00:00,40.503006,17.366753
2024-09-25 03:00:00,38.130318,17.853441
2024-09-25 04:00:00,32.828102,17.407894
2024-09-25 05:00:00,42.348385,16.72554
2024-09-25 06:00:00,71.615005,17.434393
2024-09-25 07:00:00,97.738396,17.705421
2024-09-25 08:00:00,101.5431,19.929316
2024-09-25 09:00:00,90.12115,19.234163
2024-09-25 10:00:00,73.971176,21.174984
2024-09-25 11:00:00,65.38179,19.413877
2024-09-25 12:00:00,58.385876,22.082119
2024-09-25 13:00:00,48.350002,20.569136
2024-09-25 14:00:00,48.872707,20.920628
2024-09-25 15:00:00,53.9441,17.535421
2024-09-25 16:00:00,59.817303,18.64925
2024-09-25 17:00:00,74.9377,17.66269
2024-09-25 18:00:00,95.4216,22.699713
2024-09-25 19:00:00,112.26907,29.951546
2024-09-25 20:00:00,99.92915,23.858383
2024-09-25 21:00:00,83.4401,20.994602
2024-09-25 22:00:00,73.10806,20.445263
2024-09-25 23:00:00,60.771545,21.092012
2024-09-26 00:00:00,54.557888,19.641375
2024-09-26 01:00:00,41.366333,21.704826
2024-09-26 02:00:00,35.29933,21.77247
2024-09-26 03:00:00,29.386124,24.929514
2024-09-26 04:00:00,25.812119,24.93193
2024-09-26 05:00:00,29.460442,23.861366
2024-09-26 06:00:00,55.162315,23.919018
2024-09-26 07:00:00,74.21102,24.17554
2024-09-26 08:00:00,82.18512,23.899776
2024-09-26 09:00:00,71.91974,24.4005
2024-09-26 10:00:00,47.91245,31.64319
2024-09-26 11:00:00,40.481125,28.25663
2024-09-26 12:00:00,32.205673,39.403645
2024-09-26 13:00:00,22.217262,32.997513
2024-09-26 14:00:00,23.35334,36.934513
2024-09-26 15:00:00,24.025055,32.326744
2024-09-26 16:00:00,27.2752,33.1974
2024-09-26 17:00:00,48.367226,27.910978
2024-09-26 18:00:00,72.786896,27.714622
2024-09-26 19:00:00,91.82036,30.886927
2024-09-26 20:00:00,84.765396,25.07101
2024-09-26 21:00:00,72.99619,23.91462
2024-09-26 22:00:00,66.458984,23.780983
2024-09-26 23:00:00,55.752884,29.321512
2024-09-27 00:00:00,24.718575,31.19164
2024-09-27 01:00:00,11.334633,29.32047
2024-09-27 02:00:00,5.5651245,30.65468
2024-09-27 03:00:00,-1.5353241,36.88847
2024-09-27 04:00:00,-5.4969254,35.20422
2024-09-27 05:00:00,7.1230316,33.73073
2024-09-27 06:00:00,20.49366,32.145992
2024-09-27 07:00:00,41.300613,29.841478
2024-09-27 08:00:00,50.930576,26.612179
2024-09-27 09:00:00,42.06051,30.55053
2024-09-27 10:00:00,23.524933,36.569107
2024-09-27 11:00:00,16.60717,41.94792
2024-09-27 12:00:00,14.624489,48.13376
2024-09-27 13:00:00,4.8106003,42.592125
2024-09-27 14:00:00,5.4395294,50.779434
2024-09-27 15:00:00,13.799225,37.889114
2024-09-27 16:00:00,16.933243,41.881145
2024-09-27 17:00:00,39.712326,31.982012
2024-09-27 18:00:00,63.91264,30.895817
2024-09-27 19:00:00,78.95649,32.908993
2024-09-27 20:00:00,75.394646,26.49545
2024-09-27 21:00:00,64.72447,25.927322
2024-09-27 22:00:00,62.374695,28.115635
2024-09-27 23:00:00,50.67078,31.965738
2024-09-28 00:00:00,35.092308,21.976606
2024-09-28 01:00:00,26.955101,19.17854
2024-09-28 02:00:00,19.729424,18.487185
2024-09-28 03:00:00,16.520363,22.376776
2024-09-28 04:00:00,13.243607,21.80071
2024-09-28 05:00:00,16.94046,20.28397
2024-09-28 06:00:00,27.107033,22.576412
2024-09-28 07:00:00,36.793816,21.247494
2024-09-28 08:00:00,39.782158,23.517984
2024-09-28 09:00:00,34.270805,23.327833
2024-09-28 10:00:00,26.12674,27.356184
2024-09-28 11:00:00,17.166763,27.989061
2024-09-28 12:00:00,18.028656,31.02441
2024-09-28 13:00:00,6.071663,31.395332
2024-09-28 14:00:00,7.8032,31.049646
2024-09-28 15:00:00,14.132935,26.109934
2024-09-28 16:00:00,21.48478,24.974482
2024-09-28 17:00:00,45.24988,25.357304
2024-09-28 18:00:00,68.39677,26.539188
2024-09-28 19:00:00,80.78279,28.677645
2024-09-28 20:00:00,72.75213,24.059118
2024-09-28 21:00:00,59.990906,21.065544
2024-09-28 22:00:00,59.67852,24.11011
2024-09-28 23:00:00,45.984722,24.18702
2024-09-29 00:00:00,69.75391,13.737085
2024-09-29 01:00:00,55.837585,12.106646
2024-09-29 02:00:00,46.121593,12.961793
2024-09-29 03:00:00,43.53128,14.562027
2024-09-29 04:00:00,43.54256,16.69249
2024-09-29 05:00:00,44.629704,14.328032
2024-09-29 06:00:00,52.73085,18.422024
2024-09-29 07:00:00,59.04922,20.156944
2024-09-29 08:00:00,56.569653,24.464823
2024-09-29 09:00:00,46.917393,19.945425
2024-09-29 10:00:00,33.83992,24.297653
2024-09-29 11:00:00,27.906479,22.813606
2024-09-29 12:00:00,23.285034,26.46562
2024-09-29 13:00:00,8.214653,29.019947
2024-09-29 14:00:00,13.388481,29.706305
2024-09-29 15:00:00,16.164993,25.321625
2024-09-29 16:00:00,25.468758,21.986216
2024-09-29 17:00:00,48.94791,22.105753
2024-09-29 18:00:00,72.514366,26.829088
2024-09-29 19:00:00,90.18189,31.355957
2024-09-29 20:00:00,82.124146,20.249065
2024-09-29 21:00:00,70.39185,17.66179
2024-09-29 22:00:00,68.39163,17.313772
2024-09-29 23:00:00,57.311794,20.089567
2024-09-30 00:00:00,43.144264,16.061152
2024-09-30 01:00:00,30.109032,12.835946
2024-09-30 02:00:00,30.30169,14.313266
2024-09-30 03:00:00,26.55806,13.013877
2024-09-30 04:00:00,24.667229,13.497792
2024-09-30 05:00:00,33.97364,13.498404
2024-09-30 06:00:00,63.872894,14.533035
2024-09-30 07:00:00,88.82521,17.13044
2024-09-30 08:00:00,93.519165,20.965818
2024-09-30 09:00:00,82.56437,17.96201
2024-09-30 10:00:00,66.17755,19.263151
2024-09-30 11:00:00,55.476093,16.9113
2024-09-30 12:00:00,52.078686,22.577015
2024-09-30 13:00:00,41.1668,17.745567
2024-09-30 14:00:00,37.852898,20.515944
2024-09-30 15:00:00,39.130432,18.307158
2024-09-30 16:00:00,41.719215,18.615631
2024-09-30 17:00:00,58.357376,17.539661
2024-09-30 18:00:00,73.0686,23.169903
2024-09-30 19:00:00,82.700554,30.185013
2024-09-30 20:00:00,69.68613,23.317316
2024-09-30 21:00:00,53.958027,17.98597
2024-09-30 22:00:00,46.665367,20.029106
2024-09-30 23:00:00,30.052048,21.32608
